# -*- coding: utf-8 -*-
# Converted from Comfortaa-Light.ttf using:
#     ./write_font_converter.py Comfortaa-Light.ttf 48 -c 0x20-0xfb

MAP = " !\"#$%&'()*+,-./0123456789:;<=>?@ABCDEFGHIJKLMNOPQRSTUVWXYZ[\\]^_`abcdefghijklmnopqrstuvwxyz{|}~ ¡¢£¤¥¦§¨©ª«¬­®¯°±²³´µ¶·¸¹º»¼½¾¿ÀÁÂÃÄÅÆÇÈÉÊËÌÍÎÏÐÑÒÓÔÕÖ×ØÙÚÛÜÝÞßàáâãäåæçèéêëìíîïðñòóôõö÷øùúû"
BPP = 1
HEIGHT = 62
MAX_WIDTH = 53
_WIDTHS = \
    b'\x0e\x0c\x0d\x23\x1b\x29\x22\x07\x0c\x0c\x12\x1a\x0a\x13\x0a\x17'\
    b'\x1b\x12\x1c\x1c\x1f\x1e\x1c\x1c\x1d\x1c\x09\x0a\x1a\x18\x1a\x1a'\
    b'\x35\x22\x20\x25\x25\x21\x1e\x25\x28\x0c\x1d\x1f\x1e\x2f\x27\x2c'\
    b'\x1d\x2c\x1d\x1f\x1f\x26\x22\x2d\x22\x1e\x22\x0e\x17\x0e\x17\x1b'\
    b'\x0d\x21\x22\x1c\x22\x1d\x12\x21\x20\x0d\x12\x1c\x0d\x2e\x20\x21'\
    b'\x22\x22\x15\x1a\x13\x20\x1b\x24\x1a\x1b\x1b\x12\x13\x12\x17\x1e'\
    b'\x1e\x1e\x1e\x1e\x1e\x1e\x1e\x1e\x1e\x1e\x1e\x1e\x1e\x1e\x1e\x1e'\
    b'\x1e\x1e\x1e\x1e\x1e\x1e\x1e\x1e\x1e\x1e\x1e\x1e\x1e\x1e\x1e\x1e'\
    b'\x0e\x0c\x1c\x18\x17\x1e\x0b\x17\x17\x29\x17\x17\x1a\x13\x29\x1a'\
    b'\x17\x1a\x11\x11\x0d\x20\x1b\x09\x0f\x0c\x16\x17\x24\x25\x27\x1a'\
    b'\x22\x22\x22\x22\x22\x22\x2d\x25\x21\x21\x21\x21\x0d\x0d\x0f\x0e'\
    b'\x25\x27\x2c\x2c\x2c\x2c\x2c\x17\x29\x26\x26\x26\x26\x1e\x1d\x1a'\
    b'\x21\x21\x21\x21\x21\x21\x35\x1c\x1d\x1d\x1d\x1d\x0e\x0d\x0d\x0d'\
    b'\x20\x20\x21\x21\x21\x21\x21\x17\x21\x20\x20\x20'

OFFSET_WIDTH = 3
_OFFSETS = \
    b'\x00\x00\x00\x00\x03\x64\x00\x06\x4c\x00\x09\x72\x00\x11\xec\x00'\
    b'\x18\x76\x00\x22\x64\x00\x2a\xa0\x00\x2c\x52\x00\x2f\x3a\x00\x32'\
    b'\x22\x00\x36\x7e\x00\x3c\xca\x00\x3f\x36\x00\x43\xd0\x00\x46\x3c'\
    b'\x00\x4b\xce\x00\x52\x58\x00\x56\xb4\x00\x5d\x7c\x00\x64\x44\x00'\
    b'\x6b\xc6\x00\x73\x0a\x00\x79\xd2\x00\x80\x9a\x00\x87\xa0\x00\x8e'\
    b'\x68\x00\x90\x96\x00\x93\x02\x00\x99\x4e\x00\x9f\x1e\x00\xa5\x6a'\
    b'\x00\xab\xb6\x00\xb8\x8c\x00\xc0\xc8\x00\xc8\x88\x00\xd1\x7e\x00'\
    b'\xda\x74\x00\xe2\x72\x00\xe9\xb6\x00\xf2\xac\x00\xfc\x5c\x00\xff'\
    b'\x44\x01\x06\x4a\x01\x0d\xcc\x01\x15\x10\x01\x20\x72\x01\x29\xe4'\
    b'\x01\x34\x8c\x01\x3b\x92\x01\x46\x3a\x01\x4d\x40\x01\x54\xc2\x01'\
    b'\x5c\x44\x01\x65\x78\x01\x6d\xb4\x01\x78\x9a\x01\x80\xd6\x01\x88'\
    b'\x1a\x01\x90\x56\x01\x93\xba\x01\x99\x4c\x01\x9c\xb0\x01\xa2\x42'\
    b'\x01\xa8\xcc\x01\xab\xf2\x01\xb3\xf0\x01\xbc\x2c\x01\xc2\xf4\x01'\
    b'\xcb\x30\x01\xd2\x36\x01\xd6\x92\x01\xde\x90\x01\xe6\x50\x01\xe9'\
    b'\x76\x01\xed\xd2\x01\xf4\x9a\x01\xf7\xc0\x02\x02\xe4\x02\x0a\xa4'\
    b'\x02\x12\xa2\x02\x1a\xde\x02\x23\x1a\x02\x28\x30\x02\x2e\x7c\x02'\
    b'\x33\x16\x02\x3a\xd6\x02\x41\x60\x02\x4a\x18\x02\x50\x64\x02\x56'\
    b'\xee\x02\x5d\x78\x02\x61\xd4\x02\x66\x6e\x02\x6a\xca\x02\x70\x5c'\
    b'\x02\x77\xa0\x02\x7e\xe4\x02\x86\x28\x02\x8d\x6c\x02\x94\xb0\x02'\
    b'\x9b\xf4\x02\xa3\x38\x02\xaa\x7c\x02\xb1\xc0\x02\xb9\x04\x02\xc0'\
    b'\x48\x02\xc7\x8c\x02\xce\xd0\x02\xd6\x14\x02\xdd\x58\x02\xe4\x9c'\
    b'\x02\xeb\xe0\x02\xf3\x24\x02\xfa\x68\x03\x01\xac\x03\x08\xf0\x03'\
    b'\x10\x34\x03\x17\x78\x03\x1e\xbc\x03\x26\x00\x03\x2d\x44\x03\x34'\
    b'\x88\x03\x3b\xcc\x03\x43\x10\x03\x4a\x54\x03\x51\x98\x03\x58\xdc'\
    b'\x03\x60\x20\x03\x63\x84\x03\x66\x6c\x03\x6d\x34\x03\x73\x04\x03'\
    b'\x78\x96\x03\x7f\xda\x03\x82\x84\x03\x88\x16\x03\x8d\xa8\x03\x97'\
    b'\x96\x03\x9d\x28\x03\xa2\xba\x03\xa9\x06\x03\xad\xa0\x03\xb7\x8e'\
    b'\x03\xbd\xda\x03\xc3\x6c\x03\xc9\xb8\x03\xcd\xd6\x03\xd1\xf4\x03'\
    b'\xd5\x1a\x03\xdc\xda\x03\xe3\x64\x03\xe5\x92\x03\xe9\x34\x03\xec'\
    b'\x1c\x03\xf1\x70\x03\xf7\x02\x03\xff\xba\x04\x08\xb0\x04\x12\x22'\
    b'\x04\x18\x6e\x04\x20\xaa\x04\x28\xe6\x04\x31\x22\x04\x39\x5e\x04'\
    b'\x41\x9a\x04\x49\xd6\x04\x54\xbc\x04\x5d\xb2\x04\x65\xb0\x04\x6d'\
    b'\xae\x04\x75\xac\x04\x7d\xaa\x04\x80\xd0\x04\x83\xf6\x04\x87\x98'\
    b'\x04\x8a\xfc\x04\x93\xf2\x04\x9d\x64\x04\xa8\x0c\x04\xb2\xb4\x04'\
    b'\xbd\x5c\x04\xc8\x04\x04\xd2\xac\x04\xd8\x3e\x04\xe2\x2c\x04\xeb'\
    b'\x60\x04\xf4\x94\x04\xfd\xc8\x05\x06\xfc\x05\x0e\x40\x05\x15\x46'\
    b'\x05\x1b\x92\x05\x23\x90\x05\x2b\x8e\x05\x33\x8c\x05\x3b\x8a\x05'\
    b'\x43\x88\x05\x4b\x86\x05\x58\x5c\x05\x5f\x24\x05\x66\x2a\x05\x6d'\
    b'\x30\x05\x74\x36\x05\x7b\x3c\x05\x7e\xa0\x05\x81\xc6\x05\x84\xec'\
    b'\x05\x88\x12\x05\x8f\xd2\x05\x97\x92\x05\x9f\x90\x05\xa7\x8e\x05'\
    b'\xaf\x8c\x05\xb7\x8a\x05\xbf\x88\x05\xc5\x1a\x05\xcd\x18\x05\xd4'\
    b'\xd8\x05\xdc\x98'

_BITMAPS =\
    b'\x00\x00\x00\x00\x00\x00\x00\x00\x00\x00\x00\x00\x00\x00\x00\x00'\
    b'\x00\x00\x00\x00\x00\x00\x00\x00\x00\x00\x00\x00\x00\x00\x00\x00'\
    b'\x00\x00\x00\x00\x00\x00\x00\x00\x00\x00\x00\x00\x00\x00\x00\x00'\
    b'\x00\x00\x00\x00\x00\x00\x00\x00\x00\x00\x00\x00\x00\x00\x00\x00'\
    b'\x00\x00\x00\x00\x00\x00\x00\x00\x00\x00\x00\x00\x00\x00\x00\x00'\
    b'\x00\x00\x00\x00\x00\x00\x00\x00\x00\x00\x00\x00\x00\x00\x00\x00'\
    b'\x00\x00\x00\x00\x00\x00\x00\x00\x00\x00\x00\x00\x00\x00\x00\x00'\
    b'\x00\x00\x00\x00\x00\x00\x00\x00\x00\x00\x00\x00\x00\x00\x00\x00'\
    b'\x0c\x01\xc0\x1c\x01\xc0\x1c\x01\xc0\x1c\x01\xc0\x1c\x01\xc0\x1c'\
    b'\x01\xc0\x1c\x01\xc0\x1c\x01\xc0\x1c\x01\xc0\x1c\x01\xc0\x1c\x01'\
    b'\xc0\x1c\x01\xc0\x1c\x01\xc0\x1c\x01\xc0\x1c\x00\x80\x00\x00\x00'\
    b'\x00\x01\xc0\x1e\x03\xe0\x1e\x01\xc0\x00\x00\x00\x00\x00\x00\x00'\
    b'\x00\x00\x00\x00\x00\x00\x00\x00\x00\x00\x00\x00\x00\x00\x00\x00'\
    b'\x00\x00\x00\x00\x00\x00\x00\x00\x00\x00\x00\x00\x00\x00\x00\xc7'\
    b'\x0e\x38\x71\xc3\x8e\x1c\x70\x63\x83\x1c\x18\x60\xc3\x06\x10\x00'\
    b'\x00\x00\x00\x00\x00\x00\x00\x00\x00\x00\x00\x00\x00\x00\x00\x00'\
    b'\x00\x00\x00\x00\x00\x00\x00\x00\x00\x00\x00\x00\x00\x00\x00\x00'\
    b'\x00\x00\x00\x00\x00\x00\x00\x00\x00\x00\x00\x00\x00\x00\x00\x00'\
    b'\x00\x00\x00\x00\x00\x00\x00\x00\x00\x00\x00\x00\x00\x00\x00\x00'\
    b'\x00\x00\x00\x00\x00\x00\x00\x00\x00\x00\x00\x00\x00\x00\x00\x00'\
    b'\x00\x00\x00\x00\x00\x00\x00\x00\x00\x00\x00\x00\x00\x00\x00\x00'\
    b'\x00\x00\x00\x00\x00\x00\x00\x00\x00\x00\x00\x00\x00\x00\x00\x00'\
    b'\x00\x00\x00\x00\x00\x00\x00\x00\x03\x00\x0c\x00\x00\x70\x03\x80'\
    b'\x00\x1c\x00\x70\x00\x03\x80\x0e\x00\x00\x70\x01\x80\x00\x0e\x00'\
    b'\x70\x00\x01\xc0\x0e\x00\x00\x70\x01\xc0\x00\x0e\x00\x38\x00\x01'\
    b'\xc0\x07\x00\x00\x38\x01\xc0\x01\xff\xff\xff\xe0\x3f\xff\xff\xfc'\
    b'\x07\xff\xff\xff\x00\x07\x00\x1c\x00\x00\xe0\x03\x80\x00\x1c\x00'\
    b'\xe0\x00\x03\x80\x1c\x00\x00\xe0\x03\x80\x00\x1c\x00\x70\x00\x03'\
    b'\x80\x0e\x00\x00\x70\x01\x80\x00\x0e\x00\x70\x00\x3f\xff\xff\xf0'\
    b'\x0f\xff\xff\xff\x01\xff\xff\xff\xc0\x01\xc0\x07\x00\x00\x38\x00'\
    b'\xc0\x00\x07\x00\x38\x00\x00\xe0\x07\x00\x00\x38\x00\xe0\x00\x07'\
    b'\x00\x1c\x00\x00\xe0\x03\x80\x00\x1c\x00\x60\x00\x03\x80\x1c\x00'\
    b'\x00\x60\x03\x80\x00\x1c\x00\x70\x00\x01\x80\x0c\x00\x00\x00\x00'\
    b'\x00\x00\x00\x00\x00\x00\x00\x00\x00\x00\x00\x00\x00\x00\x00\x00'\
    b'\x00\x00\x00\x00\x00\x00\x00\x00\x00\x00\x00\x00\x00\x00\x00\x00'\
    b'\x00\x00\x00\x00\x00\x00\x00\x00\x00\x00\x00\x00\x00\x00\x00\x00'\
    b'\x00\x00\x00\x00\x00\x00\x00\x00\x00\x00\x00\x00\x00\x00\x00\x00'\
    b'\x00\x00\x00\x00\x00\x00\x00\x00\x00\x00\x00\x00\x00\x0c\x00\x00'\
    b'\x01\x80\x00\x00\x30\x00\x00\x06\x00\x00\x07\xf8\x00\x03\xff\xe0'\
    b'\x01\xff\xfe\x00\x7c\x61\xe0\x0e\x0c\x1e\x03\x81\x81\xc0\x70\x30'\
    b'\x1c\x0c\x06\x01\x03\x80\xc0\x00\x30\x18\x00\x06\x03\x00\x00\xe0'\
    b'\x60\x00\x1c\x0c\x00\x01\xc1\x80\x00\x3c\x30\x00\x03\xc6\x00\x00'\
    b'\x3f\xc0\x00\x01\xfe\x00\x00\x0f\xf8\x00\x00\x7f\xc0\x00\x0c\x7c'\
    b'\x00\x01\x83\xc0\x00\x30\x38\x00\x06\x07\x80\x00\xc0\x70\x00\x18'\
    b'\x0e\x00\x03\x00\xc0\x00\x60\x18\x00\x0c\x03\x04\x01\x80\xe1\xc0'\
    b'\x30\x1c\x38\x06\x03\x83\x80\xc0\xe0\x38\x18\x3c\x07\xc3\x1f\x00'\
    b'\x3f\xff\xc0\x03\xff\xf0\x00\x1f\xf0\x00\x00\x30\x00\x00\x06\x00'\
    b'\x00\x00\xc0\x00\x00\x18\x00\x00\x00\x00\x00\x00\x00\x00\x00\x00'\
    b'\x00\x00\x00\x00\x00\x00\x00\x00\x00\x00\x00\x00\x00\x00\x00\x00'\
    b'\x00\x00\x00\x00\x00\x00\x00\x00\x00\x00\x00\x00\x00\x00\x00\x00'\
    b'\x00\x00\x00\x00\x00\x00\x00\x00\x00\x00\x00\x00\x00\x00\x00\x00'\
    b'\x00\x00\x00\x00\x00\x00\x00\x00\x00\x00\x00\x00\x00\x00\x00\x00'\
    b'\x00\x00\x00\x00\x00\x00\x00\x00\x00\x00\x00\x00\x00\x00\x00\x00'\
    b'\x00\x00\x1f\x80\x00\x06\x00\x3f\xf0\x00\x07\x00\x3f\xfe\x00\x07'\
    b'\x80\x3c\x0f\x00\x07\x80\x3c\x01\xc0\x07\x80\x1c\x00\xf0\x03\x80'\
    b'\x1e\x00\x38\x03\xc0\x0e\x00\x1c\x03\xc0\x07\x00\x06\x03\xc0\x03'\
    b'\x80\x03\x83\xc0\x01\xc0\x01\x81\xe0\x00\xe0\x01\xc1\xe0\x00\x38'\
    b'\x00\xe1\xe0\x00\x1c\x00\xf1\xe0\x00\x07\x00\xf0\xe0\x00\x03\xe0'\
    b'\xf0\xf0\x00\x00\xff\xf0\xf0\x00\x00\x1f\xf0\xf0\x00\x00\x03\xc0'\
    b'\xf0\x00\x00\x00\x00\x78\x1e\x00\x00\x00\x78\x7f\xc0\x00\x00\x78'\
    b'\x7f\xf8\x00\x00\x78\x78\x3e\x00\x00\x38\x78\x07\x00\x00\x3c\x78'\
    b'\x01\xc0\x00\x3c\x38\x00\xe0\x00\x3c\x1c\x00\x38\x00\x1c\x0c\x00'\
    b'\x1c\x00\x1e\x0e\x00\x0e\x00\x1e\x03\x00\x07\x00\x1e\x01\x80\x03'\
    b'\x80\x1e\x00\xe0\x01\xc0\x0e\x00\x70\x01\xc0\x0f\x00\x1c\x01\xe0'\
    b'\x0f\x00\x07\x81\xe0\x0f\x00\x03\xff\xe0\x07\x00\x00\x7f\xe0\x03'\
    b'\x80\x00\x0f\xc0\x00\x00\x00\x00\x00\x00\x00\x00\x00\x00\x00\x00'\
    b'\x00\x00\x00\x00\x00\x00\x00\x00\x00\x00\x00\x00\x00\x00\x00\x00'\
    b'\x00\x00\x00\x00\x00\x00\x00\x00\x00\x00\x00\x00\x00\x00\x00\x00'\
    b'\x00\x00\x00\x00\x00\x00\x00\x00\x00\x00\x00\x00\x00\x00\x00\x00'\
    b'\x00\x00\x00\x00\x00\x00\x00\x00\x00\x00\x00\x00\x00\x00\x00\x00'\
    b'\x00\x00\x00\x00\x00\x00\x00\x00\x00\x00\x00\x00\x00\x00\x00\x00'\
    b'\x00\x00\x00\x00\x00\x00\x00\x00\x00\x00\x00\x00\x00\x00\x00\x00'\
    b'\x00\x00\x00\x00\x00\xfc\x00\x00\x00\xff\xc0\x00\x00\xff\xf8\x00'\
    b'\x00\x3c\x0e\x00\x00\x1e\x01\xc0\x00\x07\x00\x70\x00\x01\xc0\x0e'\
    b'\x00\x00\x60\x03\x80\x00\x18\x00\xe0\x00\x07\x00\x38\x00\x01\xc0'\
    b'\x1c\x00\x00\x78\x07\x00\x00\x0e\x03\x80\x00\x01\xc1\xe0\x00\x00'\
    b'\x38\xf0\x00\x00\x07\x78\x00\x00\x00\xfc\x00\x00\x00\x3c\x00\x00'\
    b'\x00\x1f\x80\x00\x00\x0f\x70\x00\x00\x07\x0e\x00\x00\x03\x81\xc0'\
    b'\x00\x01\xc0\x38\x03\x00\xe0\x07\x01\xe0\x78\x00\xe0\xf0\x1c\x00'\
    b'\x1c\x38\x07\x00\x03\x9c\x03\x80\x00\x7e\x00\xe0\x00\x0f\x00\x38'\
    b'\x00\x03\xc0\x0e\x00\x01\xf8\x03\x80\x00\xf7\x00\x70\x00\x78\xe0'\
    b'\x1e\x00\x7c\x1c\x03\xc0\x3c\x03\x80\x7f\xfe\x00\x70\x0f\xff\x00'\
    b'\x08\x00\x7e\x00\x00\x00\x00\x00\x00\x00\x00\x00\x00\x00\x00\x00'\
    b'\x00\x00\x00\x00\x00\x00\x00\x00\x00\x00\x00\x00\x00\x00\x00\x00'\
    b'\x00\x00\x00\x00\x00\x00\x00\x00\x00\x00\x00\x00\x00\x00\x00\x00'\
    b'\x00\x00\x00\x00\x00\x00\x00\x00\x00\x00\x00\x00\x00\x00\x00\x03'\
    b'\x0e\x1c\x38\x30\x60\xc1\x83\x06\x00\x00\x00\x00\x00\x00\x00\x00'\
    b'\x00\x00\x00\x00\x00\x00\x00\x00\x00\x00\x00\x00\x00\x00\x00\x00'\
    b'\x00\x00\x00\x00\x00\x00\x00\x00\x00\x00\x00\x00\x00\x00\x00\x00'\
    b'\x00\x00\x00\x00\x00\x00\x00\x00\x00\x00\x00\x00\x00\x00\x01\x80'\
    b'\x1c\x03\x80\x38\x07\x00\x70\x0f\x00\xe0\x0e\x01\xc0\x1c\x01\xc0'\
    b'\x1c\x03\x80\x38\x03\x80\x38\x03\x80\x70\x07\x00\x70\x07\x00\x70'\
    b'\x07\x00\x70\x07\x00\x70\x07\x00\x70\x07\x00\x70\x03\x00\x38\x03'\
    b'\x80\x38\x03\x80\x1c\x01\xc0\x1c\x01\xc0\x0e\x00\xe0\x0f\x00\x70'\
    b'\x07\x00\x38\x03\x80\x1c\x01\x80\x00\x00\x00\x00\x00\x00\x00\x00'\
    b'\x00\x00\x00\x00\x00\x00\x00\x00\x00\x00\x03\x80\x38\x03\xc0\x1c'\
    b'\x01\xc0\x0e\x00\xe0\x07\x00\x70\x07\x00\x38\x03\x80\x38\x03\x80'\
    b'\x1c\x01\xc0\x1c\x01\xc0\x1c\x00\xc0\x0c\x00\xe0\x0e\x00\xe0\x0e'\
    b'\x00\xe0\x0e\x00\xe0\x0c\x01\xc0\x1c\x01\xc0\x1c\x01\xc0\x1c\x03'\
    b'\x80\x38\x03\x80\x38\x07\x00\x70\x07\x00\xe0\x0e\x01\xc0\x1c\x03'\
    b'\xc0\x38\x03\x80\x00\x00\x00\x00\x00\x00\x00\x00\x00\x00\x00\x00'\
    b'\x00\x00\x00\x00\x00\x00\x00\x00\x00\x00\x00\x00\x00\x00\x00\x00'\
    b'\x00\x00\x0c\x00\x03\x80\x00\xe0\x00\x30\x01\x8c\x30\xf9\x3c\x1f'\
    b'\xff\x00\x10\x00\x0a\x00\x0e\xc0\x07\x1c\x03\xc7\x00\xe0\xc0\x00'\
    b'\x00\x00\x00\x00\x00\x00\x00\x00\x00\x00\x00\x00\x00\x00\x00\x00'\
    b'\x00\x00\x00\x00\x00\x00\x00\x00\x00\x00\x00\x00\x00\x00\x00\x00'\
    b'\x00\x00\x00\x00\x00\x00\x00\x00\x00\x00\x00\x00\x00\x00\x00\x00'\
    b'\x00\x00\x00\x00\x00\x00\x00\x00\x00\x00\x00\x00\x00\x00\x00\x00'\
    b'\x00\x00\x00\x00\x00\x00\x00\x00\x00\x00\x00\x00\x00\x00\x00\x00'\
    b'\x00\x00\x00\x00\x00\x00\x00\x00\x00\x00\x00\x00\x00\x00\x00\x00'\
    b'\x00\x00\x00\x00\x00\x00\x00\x00\x00\x00\x00\x00\x00\x00\x00\x00'\
    b'\x00\x00\x00\x00\x00\x00\x00\x00\x00\x00\x00\x00\x00\x00\x00\x00'\
    b'\x00\x00\x00\x00\x00\x00\x00\x00\x00\x00\x00\x00\x00\x00\x00\x00'\
    b'\x00\x00\x30\x00\x00\x0c\x00\x00\x03\x80\x00\x00\xe0\x00\x00\x38'\
    b'\x00\x00\x0e\x00\x00\x03\x80\x00\x00\xe0\x00\x00\x38\x00\x00\x0e'\
    b'\x00\x07\xff\xff\x83\xff\xff\xf0\xff\xff\xfc\x00\x0e\x00\x00\x03'\
    b'\x80\x00\x00\xe0\x00\x00\x38\x00\x00\x0e\x00\x00\x03\x80\x00\x00'\
    b'\xe0\x00\x00\x38\x00\x00\x0e\x00\x00\x03\x00\x00\x00\x00\x00\x00'\
    b'\x00\x00\x00\x00\x00\x00\x00\x00\x00\x00\x00\x00\x00\x00\x00\x00'\
    b'\x00\x00\x00\x00\x00\x00\x00\x00\x00\x00\x00\x00\x00\x00\x00\x00'\
    b'\x00\x00\x00\x00\x00\x00\x00\x00\x00\x00\x00\x00\x00\x00\x00\x00'\
    b'\x00\x00\x00\x00\x00\x00\x00\x00\x00\x00\x00\x00\x00\x00\x00\x00'\
    b'\x00\x00\x00\x00\x00\x00\x00\x00\x00\x00\x00\x00\x00\x00\x00\x00'\
    b'\x00\x00\x00\x00\x00\x00\x00\x00\x00\x00\x00\x00\x00\x00\x00\x00'\
    b'\x00\x00\x00\x00\x00\x00\x00\x00\x00\x00\x00\x00\x00\x00\x00\x00'\
    b'\x00\x00\x00\x00\x1c\x07\x83\xf0\x7c\x1f\x03\xc0\xf0\x38\x0e\x03'\
    b'\x81\xc0\x60\x00\x00\x00\x00\x00\x00\x00\x00\x00\x00\x00\x00\x00'\
    b'\x00\x00\x00\x00\x00\x00\x00\x00\x00\x00\x00\x00\x00\x00\x00\x00'\
    b'\x00\x00\x00\x00\x00\x00\x00\x00\x00\x00\x00\x00\x00\x00\x00\x00'\
    b'\x00\x00\x00\x00\x00\x00\x00\x00\x00\x00\x00\x00\x00\x00\x00\x00'\
    b'\x00\x00\x00\x00\x00\x00\x00\x00\x00\x00\x00\x00\x00\x00\x00\x00'\
    b'\x00\x00\x00\x00\x00\x00\x00\x00\x00\x00\x00\x00\x07\xff\xc1\xff'\
    b'\xf8\x3f\xff\x00\x00\x00\x00\x00\x00\x00\x00\x00\x00\x00\x00\x00'\
    b'\x00\x00\x00\x00\x00\x00\x00\x00\x00\x00\x00\x00\x00\x00\x00\x00'\
    b'\x00\x00\x00\x00\x00\x00\x00\x00\x00\x00\x00\x00\x00\x00\x00\x00'\
    b'\x00\x00\x00\x00\x00\x00\x00\x00\x00\x00\x00\x00\x00\x00\x00\x00'\
    b'\x00\x00\x00\x00\x00\x00\x00\x00\x00\x00\x00\x00\x00\x00\x00\x00'\
    b'\x00\x00\x00\x00\x00\x00\x00\x00\x00\x00\x00\x00\x00\x00\x00\x00'\
    b'\x00\x00\x00\x00\x00\x00\x00\x00\x00\x00\x00\x00\x00\x00\x00\x00'\
    b'\x00\x00\x00\x01\xc0\x78\x3e\x07\x81\xc0\x00\x00\x00\x00\x00\x00'\
    b'\x00\x00\x00\x00\x00\x00\x00\x00\x00\x00\x00\x00\x00\x00\x00\x00'\
    b'\x00\x00\x00\x00\x00\x00\x00\x00\x00\x00\x00\x00\x00\x00\x00\x00'\
    b'\x00\x00\x00\x00\x00\x00\x00\x00\x00\x00\x00\x00\x00\x00\x00\x60'\
    b'\x00\x01\xc0\x00\x03\x80\x00\x0f\x00\x00\x1c\x00\x00\x38\x00\x00'\
    b'\xe0\x00\x01\xc0\x00\x03\x80\x00\x0e\x00\x00\x1c\x00\x00\x78\x00'\
    b'\x00\xe0\x00\x01\xc0\x00\x07\x00\x00\x0e\x00\x00\x3c\x00\x00\x70'\
    b'\x00\x00\xe0\x00\x03\x80\x00\x07\x00\x00\x1e\x00\x00\x38\x00\x00'\
    b'\x70\x00\x01\xc0\x00\x03\x80\x00\x0f\x00\x00\x1c\x00\x00\x38\x00'\
    b'\x00\xe0\x00\x01\xc0\x00\x07\x80\x00\x0e\x00\x00\x1c\x00\x00\x78'\
    b'\x00\x00\xe0\x00\x01\xc0\x00\x07\x00\x00\x0e\x00\x00\x3c\x00\x00'\
    b'\x70\x00\x00\xe0\x00\x00\x00\x00\x00\x00\x00\x00\x00\x00\x00\x00'\
    b'\x00\x00\x00\x00\x00\x00\x00\x00\x00\x00\x00\x00\x00\x00\x00\x00'\
    b'\x00\x00\x00\x00\x00\x00\x00\x00\x00\x00\x00\x00\x00\x00\x00\x00'\
    b'\x00\x00\x00\x00\x00\x00\x00\x00\x00\x00\x00\x00\x00\x00\x00\x00'\
    b'\x00\x00\x00\x00\x00\x00\x00\xfc\x00\x00\x7f\xe0\x00\x3f\xfe\x00'\
    b'\x0f\x81\xe0\x01\xc0\x1c\x00\x70\x01\xc0\x0e\x00\x3c\x03\x80\x03'\
    b'\x80\x70\x00\x70\x0e\x00\x07\x03\x80\x00\xe0\x70\x00\x1c\x0e\x00'\
    b'\x03\x81\xc0\x00\x70\x38\x00\x07\x06\x00\x00\xe1\xc0\x00\x1c\x38'\
    b'\x00\x03\x87\x00\x00\x70\xe0\x00\x0e\x1c\x00\x01\xc3\x80\x00\x38'\
    b'\x30\x00\x07\x07\x00\x00\xe0\xe0\x00\x38\x1c\x00\x07\x03\x80\x00'\
    b'\xe0\x70\x00\x1c\x07\x00\x03\x80\xe0\x00\xe0\x1c\x00\x1c\x01\xc0'\
    b'\x07\x80\x38\x00\xe0\x03\x80\x38\x00\x7c\x0f\x00\x07\xff\xc0\x00'\
    b'\x3f\xf0\x00\x03\xf8\x00\x00\x00\x00\x00\x00\x00\x00\x00\x00\x00'\
    b'\x00\x00\x00\x00\x00\x00\x00\x00\x00\x00\x00\x00\x00\x00\x00\x00'\
    b'\x00\x00\x00\x00\x00\x00\x00\x00\x00\x00\x00\x00\x00\x00\x00\x00'\
    b'\x00\x00\x00\x00\x00\x00\x00\x00\x00\x00\x00\x00\x00\x00\x00\x00'\
    b'\x00\x00\x00\x00\x00\x00\x00\x00\x00\x0e\x00\x1f\x80\x3f\xe0\x3f'\
    b'\xf8\x0f\x8e\x01\x03\x80\x00\xe0\x00\x38\x00\x0e\x00\x03\x80\x00'\
    b'\xe0\x00\x38\x00\x0e\x00\x03\x80\x00\xe0\x00\x38\x00\x0e\x00\x03'\
    b'\x80\x00\xe0\x00\x38\x00\x0e\x00\x03\x80\x00\xe0\x00\x38\x00\x0e'\
    b'\x00\x03\x80\x00\xe0\x00\x38\x00\x0e\x00\x03\x80\x00\xe0\x00\x38'\
    b'\x00\x0e\x00\x03\x80\x00\xe0\x00\x38\x00\x0e\x00\x03\x80\x00\x00'\
    b'\x00\x00\x00\x00\x00\x00\x00\x00\x00\x00\x00\x00\x00\x00\x00\x00'\
    b'\x00\x00\x00\x00\x00\x00\x00\x00\x00\x00\x00\x00\x00\x00\x00\x00'\
    b'\x00\x00\x00\x00\x00\x00\x00\x00\x00\x00\x00\x00\x00\x00\x00\x00'\
    b'\x00\x00\x00\x00\x00\x00\x00\x00\x00\x00\x00\x00\x00\x00\x00\x00'\
    b'\x00\x00\x00\x00\x00\x1f\x80\x00\x0f\xfe\x00\x01\xff\xf8\x00\x3c'\
    b'\x07\xc0\x07\x80\x1c\x00\x70\x00\xe0\x0e\x00\x0f\x00\xe0\x00\x70'\
    b'\x1c\x00\x07\x01\xc0\x00\x70\x1c\x00\x03\x01\xc0\x00\x38\x08\x00'\
    b'\x07\x00\x00\x00\x70\x00\x00\x07\x00\x00\x00\xf0\x00\x00\x0e\x00'\
    b'\x00\x01\xe0\x00\x00\x3c\x00\x00\x07\x80\x00\x00\xf0\x00\x00\x0e'\
    b'\x00\x00\x01\xe0\x00\x00\x3c\x00\x00\x07\x80\x00\x00\xf0\x00\x00'\
    b'\x1e\x00\x00\x01\xc0\x00\x00\x3c\x00\x00\x07\x80\x00\x00\xf0\x00'\
    b'\x00\x1e\x00\x00\x03\xc0\x00\x00\x38\x00\x00\x07\x80\x00\x00\xff'\
    b'\xff\xf8\x0f\xff\xff\x80\xff\xff\xf8\x00\x00\x00\x00\x00\x00\x00'\
    b'\x00\x00\x00\x00\x00\x00\x00\x00\x00\x00\x00\x00\x00\x00\x00\x00'\
    b'\x00\x00\x00\x00\x00\x00\x00\x00\x00\x00\x00\x00\x00\x00\x00\x00'\
    b'\x00\x00\x00\x00\x00\x00\x00\x00\x00\x00\x00\x00\x00\x00\x00\x00'\
    b'\x00\x00\x00\x00\x00\x00\x00\x00\x00\x00\x00\x00\x00\x00\x00\x00'\
    b'\x00\x00\x00\x00\x00\x00\x00\x00\x00\x00\x00\x00\x00\x00\x1f\x80'\
    b'\x00\x0f\xff\x00\x01\xff\xf8\x00\x3c\x03\xc0\x07\x80\x1e\x00\xf0'\
    b'\x00\xe0\x0e\x00\x0f\x00\xe0\x00\x70\x0e\x00\x07\x00\xc0\x00\x70'\
    b'\x00\x00\x07\x00\x00\x00\xe0\x00\x00\x0e\x00\x00\x01\xc0\x00\x00'\
    b'\x78\x00\x00\x3f\x00\x00\x07\xc0\x00\x00\x7f\x80\x00\x00\x7c\x00'\
    b'\x00\x01\xe0\x00\x00\x0f\x00\x00\x00\x70\x00\x00\x03\x80\x00\x00'\
    b'\x38\x00\x00\x03\x81\x80\x00\x38\x1c\x00\x01\x81\xc0\x00\x18\x1c'\
    b'\x00\x03\x81\xc0\x00\x38\x1c\x00\x03\x80\xe0\x00\x70\x0f\x00\x07'\
    b'\x00\x78\x00\xe0\x03\xc0\x3c\x00\x1f\xff\x80\x00\xff\xf0\x00\x01'\
    b'\xf8\x00\x00\x00\x00\x00\x00\x00\x00\x00\x00\x00\x00\x00\x00\x00'\
    b'\x00\x00\x00\x00\x00\x00\x00\x00\x00\x00\x00\x00\x00\x00\x00\x00'\
    b'\x00\x00\x00\x00\x00\x00\x00\x00\x00\x00\x00\x00\x00\x00\x00\x00'\
    b'\x00\x00\x00\x00\x00\x00\x00\x00\x00\x00\x00\x00\x00\x00\x00\x00'\
    b'\x00\x00\x00\x00\x00\x00\x00\x00\x00\x00\x00\x00\x00\x00\x00\x00'\
    b'\x00\x00\x00\x00\x00\x00\x00\x00\x00\x00\x00\x00\x00\x18\x00\x00'\
    b'\x00\x38\x00\x00\x00\xf0\x00\x00\x03\xe0\x00\x00\x0f\xc0\x00\x00'\
    b'\x3f\x80\x00\x00\x7f\x00\x00\x01\xee\x00\x00\x07\x9c\x00\x00\x1e'\
    b'\x38\x00\x00\x38\x70\x00\x00\xf0\xe0\x00\x03\xc1\xc0\x00\x0f\x03'\
    b'\x80\x00\x1c\x07\x00\x00\x78\x0e\x00\x01\xe0\x1c\x00\x07\x80\x38'\
    b'\x00\x0e\x00\x70\x00\x38\x00\xe0\x00\xf0\x01\xc0\x03\xc0\x03\x80'\
    b'\x07\x00\x07\x00\x1c\x00\x0e\x00\x78\x00\x1c\x01\xe0\x00\x38\x03'\
    b'\xff\xff\xff\x8f\xff\xff\xff\x8f\xff\xff\xfe\x00\x00\x03\x80\x00'\
    b'\x00\x07\x00\x00\x00\x0e\x00\x00\x00\x1c\x00\x00\x00\x38\x00\x00'\
    b'\x00\x70\x00\x00\x00\xe0\x00\x00\x01\xc0\x00\x00\x03\x80\x00\x00'\
    b'\x00\x00\x00\x00\x00\x00\x00\x00\x00\x00\x00\x00\x00\x00\x00\x00'\
    b'\x00\x00\x00\x00\x00\x00\x00\x00\x00\x00\x00\x00\x00\x00\x00\x00'\
    b'\x00\x00\x00\x00\x00\x00\x00\x00\x00\x00\x00\x00\x00\x00\x00\x00'\
    b'\x00\x00\x00\x00\x00\x00\x00\x00\x00\x00\x00\x00\x00\x00\x00\x00'\
    b'\x00\x00\x00\x00\x00\x00\x00\x00\x00\x00\x00\x00\x00\x00\x00\x00'\
    b'\x00\x00\x00\x00\x00\x00\x00\x00\x00\x00\x7f\xff\xf8\x01\xff\xff'\
    b'\xe0\x07\xff\xff\x80\x1c\x00\x00\x00\x70\x00\x00\x01\xc0\x00\x00'\
    b'\x07\x00\x00\x00\x1c\x00\x00\x00\x70\x00\x00\x01\xc0\x00\x00\x07'\
    b'\x00\x00\x00\x1c\x00\x00\x00\x70\x00\x00\x01\xff\xe0\x00\x07\xff'\
    b'\xf8\x00\x1f\xff\xf0\x00\x00\x03\xf0\x00\x00\x03\xe0\x00\x00\x03'\
    b'\x80\x00\x00\x0f\x00\x00\x00\x1c\x00\x00\x00\x38\x00\x00\x00\xe0'\
    b'\x00\x00\x03\x80\xc0\x00\x0e\x07\x00\x00\x38\x1c\x00\x00\xe0\x70'\
    b'\x00\x03\x81\xc0\x00\x0e\x03\x80\x00\x38\x0e\x00\x01\xe0\x3c\x00'\
    b'\x07\x00\x78\x00\x38\x00\xf0\x01\xe0\x01\xf0\x1f\x00\x03\xff\xf8'\
    b'\x00\x07\xff\x80\x00\x03\xf8\x00\x00\x00\x00\x00\x00\x00\x00\x00'\
    b'\x00\x00\x00\x00\x00\x00\x00\x00\x00\x00\x00\x00\x00\x00\x00\x00'\
    b'\x00\x00\x00\x00\x00\x00\x00\x00\x00\x00\x00\x00\x00\x00\x00\x00'\
    b'\x00\x00\x00\x00\x00\x00\x00\x00\x00\x00\x00\x00\x00\x00\x00\x00'\
    b'\x00\x00\x00\x00\x00\x00\x00\x00\x00\x00\x00\x00\x00\x00\x00\x00'\
    b'\x00\x00\x00\x00\x00\x00\x00\x00\x00\x00\x00\x00\x00\x00\x00\x00'\
    b'\x01\x80\x00\x00\x3c\x00\x00\x03\x80\x00\x00\x78\x00\x00\x0f\x00'\
    b'\x00\x00\xe0\x00\x00\x1e\x00\x00\x01\xc0\x00\x00\x3c\x00\x00\x07'\
    b'\x80\x00\x00\x70\x00\x00\x0f\x00\x00\x00\xe0\x00\x00\x1c\x00\x00'\
    b'\x03\xc0\x00\x00\x3b\xc0\x00\x07\xff\xc0\x00\x7f\xfe\x00\x0f\xc1'\
    b'\xf0\x01\xf0\x07\x80\x1c\x00\x3c\x03\xc0\x01\xc0\x38\x00\x0e\x03'\
    b'\x00\x00\xe0\x70\x00\x0e\x07\x00\x00\x60\x70\x00\x07\x07\x00\x00'\
    b'\x70\x70\x00\x0e\x07\x00\x00\xe0\x38\x00\x0e\x03\x80\x01\xe0\x1c'\
    b'\x00\x1c\x01\xe0\x07\x80\x0f\x80\xf8\x00\x7f\xfe\x00\x01\xff\xc0'\
    b'\x00\x07\xf0\x00\x00\x00\x00\x00\x00\x00\x00\x00\x00\x00\x00\x00'\
    b'\x00\x00\x00\x00\x00\x00\x00\x00\x00\x00\x00\x00\x00\x00\x00\x00'\
    b'\x00\x00\x00\x00\x00\x00\x00\x00\x00\x00\x00\x00\x00\x00\x00\x00'\
    b'\x00\x00\x00\x00\x00\x00\x00\x00\x00\x00\x00\x00\x00\x00\x00\x00'\
    b'\x00\x00\x00\x00\x00\x00\x00\x00\x00\x00\x00\x00\x00\x00\x00\x00'\
    b'\x00\x00\x00\x00\x00\x00\x00\x00\x7f\xff\xff\x07\xff\xff\xf0\x3f'\
    b'\xff\xff\x00\x00\x00\xe0\x00\x00\x1e\x00\x00\x01\xc0\x00\x00\x3c'\
    b'\x00\x00\x03\x80\x00\x00\x78\x00\x00\x07\x00\x00\x00\x70\x00\x00'\
    b'\x0f\x00\x00\x00\xe0\x00\x00\x1e\x00\x00\x01\xc0\x00\x00\x3c\x00'\
    b'\x00\x03\x80\x00\x00\x78\x00\x00\x07\x00\x00\x00\xf0\x00\x00\x0e'\
    b'\x00\x00\x00\xe0\x00\x00\x1c\x00\x00\x01\xc0\x00\x00\x3c\x00\x00'\
    b'\x03\x80\x00\x00\x78\x00\x00\x07\x00\x00\x00\xf0\x00\x00\x0e\x00'\
    b'\x00\x00\xe0\x00\x00\x1c\x00\x00\x01\xc0\x00\x00\x38\x00\x00\x03'\
    b'\x80\x00\x00\x78\x00\x00\x07\x00\x00\x00\x70\x00\x00\x00\x00\x00'\
    b'\x00\x00\x00\x00\x00\x00\x00\x00\x00\x00\x00\x00\x00\x00\x00\x00'\
    b'\x00\x00\x00\x00\x00\x00\x00\x00\x00\x00\x00\x00\x00\x00\x00\x00'\
    b'\x00\x00\x00\x00\x00\x00\x00\x00\x00\x00\x00\x00\x00\x00\x00\x00'\
    b'\x00\x00\x00\x00\x00\x00\x00\x00\x00\x00\x00\x00\x00\x00\x00\x00'\
    b'\x00\x00\x00\x00\x00\x00\x00\x00\x00\x00\x00\x00\x00\x00\x00\x00'\
    b'\x00\x00\x00\x03\xf8\x00\x00\x7f\xf0\x00\x07\xff\xc0\x00\x78\x0f'\
    b'\x00\x07\x80\x3c\x00\x38\x00\xe0\x01\x80\x07\x00\x1c\x00\x18\x00'\
    b'\xe0\x00\xe0\x07\x00\x06\x00\x38\x00\x30\x00\xe0\x03\x80\x07\x00'\
    b'\x3c\x00\x1c\x01\xc0\x00\xf8\x3c\x00\x03\xff\xc0\x00\x0f\xfe\x00'\
    b'\x01\xff\xfc\x00\x1f\x01\xf0\x01\xe0\x03\xc0\x0e\x00\x0e\x00\xe0'\
    b'\x00\x78\x07\x00\x01\xc0\x78\x00\x0e\x03\x80\x00\x38\x1c\x00\x01'\
    b'\xc0\xe0\x00\x0e\x07\x00\x00\x70\x38\x00\x07\x81\xe0\x00\x38\x07'\
    b'\x00\x01\xc0\x3c\x00\x1e\x00\xe0\x01\xe0\x07\x80\x1e\x00\x1f\x01'\
    b'\xf0\x00\x7f\xfe\x00\x00\xff\xe0\x00\x01\xfc\x00\x00\x00\x00\x00'\
    b'\x00\x00\x00\x00\x00\x00\x00\x00\x00\x00\x00\x00\x00\x00\x00\x00'\
    b'\x00\x00\x00\x00\x00\x00\x00\x00\x00\x00\x00\x00\x00\x00\x00\x00'\
    b'\x00\x00\x00\x00\x00\x00\x00\x00\x00\x00\x00\x00\x00\x00\x00\x00'\
    b'\x00\x00\x00\x00\x00\x00\x00\x00\x00\x00\x00\x00\x00\x00\x00\x00'\
    b'\x00\x00\x00\x00\x00\x00\x00\x00\x00\x00\x00\x00\x00\x00\x00\x00'\
    b'\x00\x00\x03\xf8\x00\x00\xff\xe0\x00\x3f\xff\x80\x07\xc0\x7c\x00'\
    b'\xf0\x01\xc0\x0e\x00\x0e\x01\xc0\x00\xf0\x1c\x00\x07\x03\x80\x00'\
    b'\x70\x38\x00\x03\x03\x80\x00\x38\x38\x00\x03\x83\x80\x00\x38\x38'\
    b'\x00\x07\x01\xc0\x00\x70\x1c\x00\x07\x01\xe0\x00\xe0\x0e\x00\x1e'\
    b'\x00\xf8\x03\xc0\x07\xe0\xfc\x00\x3f\xff\x80\x00\xff\xf0\x00\x01'\
    b'\xe7\x00\x00\x00\xe0\x00\x00\x1e\x00\x00\x01\xc0\x00\x00\x38\x00'\
    b'\x00\x07\x80\x00\x00\x70\x00\x00\x0f\x00\x00\x00\xe0\x00\x00\x1c'\
    b'\x00\x00\x03\xc0\x00\x00\x38\x00\x00\x07\x80\x00\x00\x70\x00\x00'\
    b'\x0e\x00\x00\x00\x60\x00\x00\x00\x00\x00\x00\x00\x00\x00\x00\x00'\
    b'\x00\x00\x00\x00\x00\x00\x00\x00\x00\x00\x00\x00\x00\x00\x00\x00'\
    b'\x00\x00\x00\x00\x00\x00\x00\x00\x00\x00\x00\x00\x00\x00\x00\x00'\
    b'\x00\x00\x00\x00\x00\x00\x00\x00\x00\x00\x00\x00\x00\x00\x00\x00'\
    b'\x00\x00\x00\x00\x00\x00\x00\x00\x00\x0e\x0f\x07\xc3\xc0\xe0\x00'\
    b'\x00\x00\x00\x00\x00\x00\x00\x00\x00\x00\x00\x00\x00\x00\x00\x00'\
    b'\x00\x70\x78\x3c\x1e\x07\x00\x00\x00\x00\x00\x00\x00\x00\x00\x00'\
    b'\x00\x00\x00\x00\x00\x00\x00\x00\x00\x00\x00\x00\x00\x00\x00\x00'\
    b'\x00\x00\x00\x00\x00\x00\x00\x00\x00\x00\x00\x00\x00\x00\x00\x00'\
    b'\x00\x00\x1c\x0f\x03\xe0\xf0\x1c\x00\x00\x00\x00\x00\x00\x00\x00'\
    b'\x00\x00\x00\x00\x00\x00\x00\x00\x00\x00\x00\x00\x00\x01\xc0\x78'\
    b'\x3f\x07\xc1\xf0\x3c\x0f\x03\x80\xe0\x38\x1c\x06\x00\x00\x00\x00'\
    b'\x00\x00\x00\x00\x00\x00\x00\x00\x00\x00\x00\x00\x00\x00\x00\x00'\
    b'\x00\x00\x00\x00\x00\x00\x00\x00\x00\x00\x00\x00\x00\x00\x00\x00'\
    b'\x00\x00\x00\x00\x00\x00\x00\x00\x00\x00\x00\x00\x00\x00\x00\x00'\
    b'\x00\x00\x00\x00\x00\x00\x00\x00\x00\x00\x00\x00\x00\x00\x00\x00'\
    b'\x00\x00\x00\x00\xc0\x00\x00\xf0\x00\x00\xfc\x00\x00\x7c\x00\x00'\
    b'\x7e\x00\x00\x7e\x00\x00\x3e\x00\x00\x3f\x00\x00\x1f\x00\x00\x1f'\
    b'\x80\x00\x1f\x80\x00\x0f\x80\x00\x0f\xc0\x00\x03\xc0\x00\x00\xfc'\
    b'\x00\x00\x0f\x80\x00\x01\xf8\x00\x00\x1f\x80\x00\x01\xf0\x00\x00'\
    b'\x3f\x00\x00\x03\xe0\x00\x00\x7e\x00\x00\x07\xe0\x00\x00\x7c\x00'\
    b'\x00\x0f\xc0\x00\x00\xf0\x00\x00\x0c\x00\x00\x00\x00\x00\x00\x00'\
    b'\x00\x00\x00\x00\x00\x00\x00\x00\x00\x00\x00\x00\x00\x00\x00\x00'\
    b'\x00\x00\x00\x00\x00\x00\x00\x00\x00\x00\x00\x00\x00\x00\x00\x00'\
    b'\x00\x00\x00\x00\x00\x00\x00\x00\x00\x00\x00\x00\x00\x00\x00\x00'\
    b'\x00\x00\x00\x00\x00\x00\x00\x00\x00\x00\x00\x00\x00\x00\x00\x00'\
    b'\x00\x00\x00\x00\x00\x00\x00\x00\x00\x00\x00\x00\x00\x00\x00\x00'\
    b'\x00\x00\x00\x00\x00\x00\x00\x00\x00\x00\x00\x00\x00\x00\x00\x00'\
    b'\x00\x00\x00\x00\x00\x00\x00\x00\x00\x00\x00\x00\x00\x00\x00\x00'\
    b'\x00\x00\x00\x00\x00\x00\x00\x00\x7f\xff\xe0\xff\xff\xf0\xff\xff'\
    b'\xf0\x00\x00\x00\x00\x00\x00\x00\x00\x00\x00\x00\x00\x00\x00\x00'\
    b'\x00\x00\x00\x00\x00\x00\x00\x00\x00\x00\x00\x00\x7f\xff\xe0\xff'\
    b'\xff\xf0\xff\xff\xf0\x00\x00\x00\x00\x00\x00\x00\x00\x00\x00\x00'\
    b'\x00\x00\x00\x00\x00\x00\x00\x00\x00\x00\x00\x00\x00\x00\x00\x00'\
    b'\x00\x00\x00\x00\x00\x00\x00\x00\x00\x00\x00\x00\x00\x00\x00\x00'\
    b'\x00\x00\x00\x00\x00\x00\x00\x00\x00\x00\x00\x00\x00\x00\x00\x00'\
    b'\x00\x00\x00\x00\x00\x00\x00\x00\x00\x00\x00\x00\x00\x00\x00\x00'\
    b'\x00\x00\x00\x00\x00\x00\x00\x00\x00\x00\x00\x00\x00\x00\x00\x00'\
    b'\x00\x00\x00\x00\x00\x00\x00\x00\x00\x00\x00\x00\x00\x00\x00\x00'\
    b'\x00\x00\x00\x00\x00\x00\x00\x00\x00\x00\x00\x00\x00\x00\x00\x00'\
    b'\x00\x00\x00\x00\x00\xe0\x00\x00\x3c\x00\x00\x0f\xc0\x00\x00\xf8'\
    b'\x00\x00\x1f\x80\x00\x01\xf8\x00\x00\x1f\x00\x00\x03\xf0\x00\x00'\
    b'\x3e\x00\x00\x03\xe0\x00\x00\x7e\x00\x00\x07\xc0\x00\x00\xfc\x00'\
    b'\x00\x0f\x00\x00\x0f\xc0\x00\x07\xc0\x00\x07\xe0\x00\x03\xe0\x00'\
    b'\x03\xe0\x00\x03\xf0\x00\x01\xf0\x00\x01\xf8\x00\x01\xf8\x00\x00'\
    b'\xf8\x00\x00\xfc\x00\x00\x3c\x00\x00\x0e\x00\x00\x00\x00\x00\x00'\
    b'\x00\x00\x00\x00\x00\x00\x00\x00\x00\x00\x00\x00\x00\x00\x00\x00'\
    b'\x00\x00\x00\x00\x00\x00\x00\x00\x00\x00\x00\x00\x00\x00\x00\x00'\
    b'\x00\x00\x00\x00\x00\x00\x00\x00\x00\x00\x00\x00\x00\x00\x00\x00'\
    b'\x00\x00\x00\x00\x00\x00\x00\x00\x00\x00\x00\x00\x00\x00\x00\x00'\
    b'\x00\x00\x00\x00\x00\x00\x00\x00\x00\x00\x00\x00\x00\x00\x00\x00'\
    b'\x00\x00\x00\x00\x00\x00\x00\x00\x03\xf8\x00\x07\xff\x80\x03\xff'\
    b'\xf0\x01\xe0\x1f\x00\xf0\x01\xc0\x78\x00\x38\x1c\x00\x0e\x0e\x00'\
    b'\x01\xc3\x80\x00\x70\xe0\x00\x1c\x38\x00\x07\x0e\x00\x01\xc0\x00'\
    b'\x00\x70\x00\x00\x1c\x00\x00\x0e\x00\x00\x03\x80\x00\x01\xc0\x00'\
    b'\x00\xe0\x00\x00\x70\x00\x00\x38\x00\x00\x1c\x00\x00\x0e\x00\x00'\
    b'\x07\x00\x00\x01\xc0\x00\x00\xe0\x00\x00\x38\x00\x00\x0e\x00\x00'\
    b'\x03\x80\x00\x00\xe0\x00\x00\x10\x00\x00\x00\x00\x00\x00\x00\x00'\
    b'\x00\x00\x00\x00\x38\x00\x00\x1e\x00\x00\x07\xc0\x00\x01\xe0\x00'\
    b'\x00\x38\x00\x00\x00\x00\x00\x00\x00\x00\x00\x00\x00\x00\x00\x00'\
    b'\x00\x00\x00\x00\x00\x00\x00\x00\x00\x00\x00\x00\x00\x00\x00\x00'\
    b'\x00\x00\x00\x00\x00\x00\x00\x00\x00\x00\x00\x00\x00\x00\x00\x00'\
    b'\x00\x00\x00\x00\x00\x00\x00\x00\x00\x00\x00\x00\x00\x00\x00\x00'\
    b'\x00\x00\x00\x00\x00\x00\x00\x00\x00\x00\x00\x00\x00\x00\x00\x00'\
    b'\x00\x00\x00\x00\x00\x00\x00\x00\x00\x00\x00\x00\x00\x00\x00\x00'\
    b'\x00\x00\x00\x00\x00\x00\x00\x00\x00\x00\x00\x00\x00\x00\x00\x00'\
    b'\x00\x00\x00\x00\x00\x00\x00\x00\x00\x00\x00\x00\x00\x00\x00\x0f'\
    b'\xfe\x00\x00\x00\x00\x07\xff\xfe\x00\x00\x00\x00\xff\xff\xfe\x00'\
    b'\x00\x00\x1f\xc0\x03\xfc\x00\x00\x01\xf0\x00\x03\xf0\x00\x00\x3e'\
    b'\x00\x00\x07\xc0\x00\x03\xe0\x00\x00\x0f\x80\x00\x3c\x00\x00\x00'\
    b'\x3e\x00\x03\xc0\x00\x00\x00\xf0\x00\x1c\x00\x00\x00\x03\xc0\x01'\
    b'\xc0\x00\x00\x00\x0f\x00\x1e\x00\x07\xf0\x00\x38\x00\xe0\x01\xff'\
    b'\xf0\x00\xe0\x0e\x00\x3f\xff\xc0\x07\x00\x70\x03\xe0\x1f\x00\x1c'\
    b'\x07\x80\x3e\x00\x3c\x00\xe0\x38\x01\xc0\x00\xf0\x03\x81\xc0\x1c'\
    b'\x00\x03\xc0\x1c\x0e\x00\xe0\x00\x0e\x00\xe0\xe0\x0e\x00\x00\x70'\
    b'\x07\x07\x00\x70\x00\x01\xc0\x18\x38\x03\x80\x00\x0e\x00\xe1\xc0'\
    b'\x38\x00\x00\x70\x07\x0e\x01\xc0\x00\x03\x80\x38\x70\x0e\x00\x00'\
    b'\x1c\x01\xc3\x80\x70\x00\x00\xe0\x0e\x1c\x03\x80\x00\x07\x00\x70'\
    b'\xe0\x0e\x00\x00\x38\x03\x87\x00\x70\x00\x01\xc0\x38\x38\x03\x80'\
    b'\x00\x1e\x01\xc0\xe0\x0e\x00\x00\xf0\x0e\x07\x00\x70\x00\x0f\x80'\
    b'\x70\x38\x01\xc0\x00\xfc\x07\x01\xe0\x0f\x80\x0f\xe0\x38\x07\x00'\
    b'\x3e\x01\xf7\x03\x80\x38\x00\xff\xff\x3c\x3c\x00\xe0\x01\xff\xe0'\
    b'\xff\xc0\x07\x80\x03\xfc\x03\xfc\x00\x1c\x00\x00\x00\x0f\x80\x00'\
    b'\xf0\x00\x00\x00\x00\x00\x03\xc0\x00\x00\x00\x00\x00\x0f\x00\x00'\
    b'\x00\x00\x00\x00\x3e\x00\x00\x00\x00\x00\x00\xf8\x00\x00\x00\x00'\
    b'\x00\x03\xf0\x00\x03\x00\x00\x00\x07\xf0\x00\xf8\x00\x00\x00\x0f'\
    b'\xff\xff\xc0\x00\x00\x00\x1f\xff\xf8\x00\x00\x00\x00\x0f\xfc\x00'\
    b'\x00\x00\x00\x00\x00\x00\x00\x00\x00\x00\x00\x00\x00\x00\x00\x00'\
    b'\x00\x00\x00\x00\x00\x00\x00\x00\x00\x00\x00\x00\x00\x00\x00\x00'\
    b'\x00\x00\x00\x00\x00\x00\x00\x00\x00\x00\x00\x00\x00\x00\x00\x00'\
    b'\x00\x00\x00\x00\x00\x00\x00\x00\x00\x00\x03\x00\x00\x00\x01\xe0'\
    b'\x00\x00\x00\x78\x00\x00\x00\x1e\x00\x00\x00\x0f\xc0\x00\x00\x03'\
    b'\xf0\x00\x00\x01\xce\x00\x00\x00\x73\x80\x00\x00\x3c\xf0\x00\x00'\
    b'\x0e\x1c\x00\x00\x03\x87\x00\x00\x01\xc0\xe0\x00\x00\x70\x38\x00'\
    b'\x00\x38\x07\x00\x00\x0e\x01\xc0\x00\x03\x80\x70\x00\x01\xc0\x0e'\
    b'\x00\x00\x70\x03\x80\x00\x38\x00\x70\x00\x0e\x00\x1c\x00\x07\x80'\
    b'\x07\x80\x01\xc0\x00\xe0\x00\x70\x00\x38\x00\x38\x00\x07\x00\x0e'\
    b'\x00\x01\xc0\x07\x80\x00\x78\x01\xff\xff\xfe\x00\x7f\xff\xff\x80'\
    b'\x3f\xff\xff\xf0\x0e\x00\x00\x1c\x07\x00\x00\x03\x81\xc0\x00\x00'\
    b'\xe0\xf0\x00\x00\x3c\x38\x00\x00\x07\x0e\x00\x00\x01\xc7\x00\x00'\
    b'\x00\x39\xc0\x00\x00\x0e\x70\x00\x00\x01\x80\x00\x00\x00\x00\x00'\
    b'\x00\x00\x00\x00\x00\x00\x00\x00\x00\x00\x00\x00\x00\x00\x00\x00'\
    b'\x00\x00\x00\x00\x00\x00\x00\x00\x00\x00\x00\x00\x00\x00\x00\x00'\
    b'\x00\x00\x00\x00\x00\x00\x00\x00\x00\x00\x00\x00\x00\x00\x00\x00'\
    b'\x00\x00\x00\x00\x00\x00\x00\x00\x00\x00\x00\x00\x00\x00\x00\x00'\
    b'\x00\x00\x00\x00\x00\x00\x00\x00\x00\x00\x00\x00\x00\x00\x00\x00'\
    b'\x00\x00\x00\x00\x00\x00\x00\x00\x00\x00\x00\x00\x00\x07\xff\xf8'\
    b'\x00\x07\xff\xfe\x00\x07\xff\xff\x80\x07\x00\x03\xc0\x07\x00\x01'\
    b'\xe0\x07\x00\x00\xe0\x07\x00\x00\xe0\x07\x00\x00\x70\x07\x00\x00'\
    b'\x70\x07\x00\x00\x70\x07\x00\x00\x70\x07\x00\x00\x60\x07\x00\x00'\
    b'\xe0\x07\x00\x01\xe0\x07\x00\x01\xc0\x07\x00\x07\x80\x07\xff\xff'\
    b'\x00\x07\xff\xfe\x00\x07\xff\xff\x80\x07\x00\x03\xe0\x07\x00\x00'\
    b'\xf0\x07\x00\x00\x70\x07\x00\x00\x38\x07\x00\x00\x38\x07\x00\x00'\
    b'\x1c\x07\x00\x00\x1c\x07\x00\x00\x1c\x07\x00\x00\x1c\x07\x00\x00'\
    b'\x1c\x07\x00\x00\x18\x07\x00\x00\x38\x07\x00\x00\x38\x07\x00\x00'\
    b'\x70\x07\x00\x00\xf0\x07\x00\x03\xe0\x07\xff\xff\xc0\x07\xff\xff'\
    b'\x80\x07\xff\xfc\x00\x00\x00\x00\x00\x00\x00\x00\x00\x00\x00\x00'\
    b'\x00\x00\x00\x00\x00\x00\x00\x00\x00\x00\x00\x00\x00\x00\x00\x00'\
    b'\x00\x00\x00\x00\x00\x00\x00\x00\x00\x00\x00\x00\x00\x00\x00\x00'\
    b'\x00\x00\x00\x00\x00\x00\x00\x00\x00\x00\x00\x00\x00\x00\x00\x00'\
    b'\x00\x00\x00\x00\x00\x00\x00\x00\x00\x00\x00\x00\x00\x00\x00\x00'\
    b'\x00\x00\x00\x00\x00\x00\x00\x00\x00\x00\x00\x00\x00\x00\x00\x00'\
    b'\x00\x00\x00\x00\x00\x00\x00\x00\x00\x00\x00\x00\x00\x00\x00\x3f'\
    b'\xe0\x00\x00\x0f\xff\xe0\x00\x01\xff\xff\xc0\x00\x1f\x80\x1f\x80'\
    b'\x01\xf0\x00\x3e\x00\x3e\x00\x00\x70\x01\xe0\x00\x01\x00\x1e\x00'\
    b'\x00\x00\x01\xe0\x00\x00\x00\x1e\x00\x00\x00\x00\xe0\x00\x00\x00'\
    b'\x0f\x00\x00\x00\x00\x70\x00\x00\x00\x03\x80\x00\x00\x00\x38\x00'\
    b'\x00\x00\x01\xc0\x00\x00\x00\x0e\x00\x00\x00\x00\x70\x00\x00\x00'\
    b'\x03\x80\x00\x00\x00\x1c\x00\x00\x00\x00\xe0\x00\x00\x00\x07\x00'\
    b'\x00\x00\x00\x38\x00\x00\x00\x01\xc0\x00\x00\x00\x07\x00\x00\x00'\
    b'\x00\x38\x00\x00\x00\x01\xe0\x00\x00\x00\x07\x00\x00\x00\x00\x3c'\
    b'\x00\x00\x00\x00\xf0\x00\x00\x00\x03\x80\x00\x00\x00\x0e\x00\x00'\
    b'\x00\x00\x3c\x00\x00\xe0\x00\xf0\x00\x1f\x00\x03\xf0\x03\xf0\x00'\
    b'\x0f\xff\xff\x00\x00\x1f\xff\xe0\x00\x00\x1f\xf0\x00\x00\x00\x00'\
    b'\x00\x00\x00\x00\x00\x00\x00\x00\x00\x00\x00\x00\x00\x00\x00\x00'\
    b'\x00\x00\x00\x00\x00\x00\x00\x00\x00\x00\x00\x00\x00\x00\x00\x00'\
    b'\x00\x00\x00\x00\x00\x00\x00\x00\x00\x00\x00\x00\x00\x00\x00\x00'\
    b'\x00\x00\x00\x00\x00\x00\x00\x00\x00\x00\x00\x00\x00\x00\x00\x00'\
    b'\x00\x00\x00\x00\x00\x00\x00\x00\x00\x00\x00\x00\x00\x00\x00\x00'\
    b'\x00\x00\x00\x00\x00\x00\x00\x00\x00\x00\x00\x00\x00\x00\x00\x00'\
    b'\x00\x00\x00\x00\x00\x00\x00\x00\x00\x00\x00\x00\x0f\xff\xe0\x00'\
    b'\x00\x7f\xff\xe0\x00\x03\xff\xff\xc0\x00\x1c\x00\x3f\x00\x00\xe0'\
    b'\x00\x7e\x00\x07\x00\x00\xf8\x00\x38\x00\x03\xc0\x01\xc0\x00\x0f'\
    b'\x00\x0e\x00\x00\x3c\x00\x70\x00\x00\xe0\x03\x80\x00\x03\x80\x1c'\
    b'\x00\x00\x1c\x00\xe0\x00\x00\x70\x07\x00\x00\x03\x80\x38\x00\x00'\
    b'\x1c\x01\xc0\x00\x00\xe0\x0e\x00\x00\x03\x80\x70\x00\x00\x1c\x03'\
    b'\x80\x00\x00\xe0\x1c\x00\x00\x07\x00\xe0\x00\x00\x38\x07\x00\x00'\
    b'\x01\xc0\x38\x00\x00\x1c\x01\xc0\x00\x00\xe0\x0e\x00\x00\x07\x00'\
    b'\x70\x00\x00\x38\x03\x80\x00\x03\x80\x1c\x00\x00\x1c\x00\xe0\x00'\
    b'\x01\xc0\x07\x00\x00\x1e\x00\x38\x00\x01\xe0\x01\xc0\x00\x1e\x00'\
    b'\x0e\x00\x01\xf0\x00\x70\x00\x3f\x00\x03\x80\x07\xe0\x00\x1f\xff'\
    b'\xfe\x00\x00\xff\xff\xc0\x00\x07\xff\xe0\x00\x00\x00\x00\x00\x00'\
    b'\x00\x00\x00\x00\x00\x00\x00\x00\x00\x00\x00\x00\x00\x00\x00\x00'\
    b'\x00\x00\x00\x00\x00\x00\x00\x00\x00\x00\x00\x00\x00\x00\x00\x00'\
    b'\x00\x00\x00\x00\x00\x00\x00\x00\x00\x00\x00\x00\x00\x00\x00\x00'\
    b'\x00\x00\x00\x00\x00\x00\x00\x00\x00\x00\x00\x00\x00\x00\x00\x00'\
    b'\x00\x00\x00\x00\x00\x00\x00\x00\x00\x00\x00\x00\x00\x00\x00\x00'\
    b'\x00\x00\x00\x00\x00\x00\x00\x00\x00\x00\x00\x00\x00\x00\x00\x00'\
    b'\x00\x00\x00\x00\x03\xff\xff\xfe\x01\xff\xff\xff\x80\xff\xff\xff'\
    b'\x80\x70\x00\x00\x00\x38\x00\x00\x00\x1c\x00\x00\x00\x0e\x00\x00'\
    b'\x00\x07\x00\x00\x00\x03\x80\x00\x00\x01\xc0\x00\x00\x00\xe0\x00'\
    b'\x00\x00\x70\x00\x00\x00\x38\x00\x00\x00\x1c\x00\x00\x00\x0e\x00'\
    b'\x00\x00\x07\x00\x00\x00\x03\x80\x00\x00\x01\xff\xff\xc0\x00\xff'\
    b'\xff\xf0\x00\x7f\xff\xf8\x00\x38\x00\x00\x00\x1c\x00\x00\x00\x0e'\
    b'\x00\x00\x00\x07\x00\x00\x00\x03\x80\x00\x00\x01\xc0\x00\x00\x00'\
    b'\xe0\x00\x00\x00\x70\x00\x00\x00\x38\x00\x00\x00\x1c\x00\x00\x00'\
    b'\x0e\x00\x00\x00\x07\x00\x00\x00\x03\x80\x00\x00\x01\xc0\x00\x00'\
    b'\x00\xe0\x00\x00\x00\x7f\xff\xff\xc0\x3f\xff\xff\xf0\x1f\xff\xff'\
    b'\xf0\x00\x00\x00\x00\x00\x00\x00\x00\x00\x00\x00\x00\x00\x00\x00'\
    b'\x00\x00\x00\x00\x00\x00\x00\x00\x00\x00\x00\x00\x00\x00\x00\x00'\
    b'\x00\x00\x00\x00\x00\x00\x00\x00\x00\x00\x00\x00\x00\x00\x00\x00'\
    b'\x00\x00\x00\x00\x00\x00\x00\x00\x00\x00\x00\x00\x00\x00\x00\x00'\
    b'\x00\x00\x00\x00\x00\x00\x00\x00\x00\x00\x00\x00\x00\x00\x00\x00'\
    b'\x00\x00\x00\x00\x00\x00\x00\x00\x00\x00\x00\x00\x00\x00\x00\x3f'\
    b'\xff\xff\xe0\xff\xff\xff\xc3\xff\xff\xfe\x0e\x00\x00\x00\x38\x00'\
    b'\x00\x00\xe0\x00\x00\x03\x80\x00\x00\x0e\x00\x00\x00\x38\x00\x00'\
    b'\x00\xe0\x00\x00\x03\x80\x00\x00\x0e\x00\x00\x00\x38\x00\x00\x00'\
    b'\xe0\x00\x00\x03\x80\x00\x00\x0e\x00\x00\x00\x38\x00\x00\x00\xff'\
    b'\xff\xe0\x03\xff\xff\xc0\x0f\xff\xff\x00\x38\x00\x00\x00\xe0\x00'\
    b'\x00\x03\x80\x00\x00\x0e\x00\x00\x00\x38\x00\x00\x00\xe0\x00\x00'\
    b'\x03\x80\x00\x00\x0e\x00\x00\x00\x38\x00\x00\x00\xe0\x00\x00\x03'\
    b'\x80\x00\x00\x0e\x00\x00\x00\x38\x00\x00\x00\xe0\x00\x00\x03\x80'\
    b'\x00\x00\x0e\x00\x00\x00\x38\x00\x00\x00\xc0\x00\x00\x00\x00\x00'\
    b'\x00\x00\x00\x00\x00\x00\x00\x00\x00\x00\x00\x00\x00\x00\x00\x00'\
    b'\x00\x00\x00\x00\x00\x00\x00\x00\x00\x00\x00\x00\x00\x00\x00\x00'\
    b'\x00\x00\x00\x00\x00\x00\x00\x00\x00\x00\x00\x00\x00\x00\x00\x00'\
    b'\x00\x00\x00\x00\x00\x00\x00\x00\x00\x00\x00\x00\x00\x00\x00\x00'\
    b'\x00\x00\x00\x00\x00\x00\x00\x00\x00\x00\x00\x00\x00\x00\x00\x00'\
    b'\x00\x00\x00\x00\x00\x00\x00\x00\x00\x00\x00\x00\x00\x00\x00\x00'\
    b'\x00\x00\x00\x00\x00\xff\x80\x00\x00\x3f\xff\x80\x00\x07\xff\xff'\
    b'\x00\x00\x7e\x00\x7e\x00\x07\xc0\x00\xf8\x00\xf8\x00\x01\xc0\x07'\
    b'\x80\x00\x00\x00\x78\x00\x00\x00\x07\x80\x00\x00\x00\x78\x00\x00'\
    b'\x00\x03\x80\x00\x00\x00\x3c\x00\x00\x00\x01\xc0\x00\x00\x00\x0e'\
    b'\x00\x00\x00\x00\xe0\x00\x00\x00\x07\x00\x00\x00\x00\x38\x00\x00'\
    b'\x00\x01\xc0\x00\x00\x00\x0e\x00\x00\x00\x00\x70\x00\x0f\xfe\x03'\
    b'\x80\x00\xff\xf8\x1c\x00\x03\xff\xc0\xe0\x00\x00\x0e\x07\x00\x00'\
    b'\x00\x70\x1c\x00\x00\x03\x80\xe0\x00\x00\x1c\x07\x80\x00\x00\xe0'\
    b'\x1c\x00\x00\x07\x00\xf0\x00\x00\x38\x03\xc0\x00\x01\xc0\x0e\x00'\
    b'\x00\x0e\x00\x38\x00\x00\x70\x00\xf0\x00\x03\x80\x03\xc0\x00\x7c'\
    b'\x00\x0f\xc0\x0f\xc0\x00\x3f\xff\xf8\x00\x00\x7f\xff\x80\x00\x00'\
    b'\x7f\xc0\x00\x00\x00\x00\x00\x00\x00\x00\x00\x00\x00\x00\x00\x00'\
    b'\x00\x00\x00\x00\x00\x00\x00\x00\x00\x00\x00\x00\x00\x00\x00\x00'\
    b'\x00\x00\x00\x00\x00\x00\x00\x00\x00\x00\x00\x00\x00\x00\x00\x00'\
    b'\x00\x00\x00\x00\x00\x00\x00\x00\x00\x00\x00\x00\x00\x00\x00\x00'\
    b'\x00\x00\x00\x00\x00\x00\x00\x00\x00\x00\x00\x00\x00\x00\x00\x00'\
    b'\x00\x00\x00\x00\x00\x00\x00\x00\x00\x00\x00\x00\x00\x00\x00\x00'\
    b'\x00\x00\x00\x00\x00\x00\x00\x00\x00\x00\x00\x00\x00\x00\x00\x00'\
    b'\x00\x00\x00\x00\x00\x00\x00\x60\x00\x00\x0c\x00\x70\x00\x00\x0e'\
    b'\x00\x70\x00\x00\x0e\x00\x70\x00\x00\x0e\x00\x70\x00\x00\x0e\x00'\
    b'\x70\x00\x00\x0e\x00\x70\x00\x00\x0e\x00\x70\x00\x00\x0e\x00\x70'\
    b'\x00\x00\x0e\x00\x70\x00\x00\x0e\x00\x70\x00\x00\x0e\x00\x70\x00'\
    b'\x00\x0e\x00\x70\x00\x00\x0e\x00\x70\x00\x00\x0e\x00\x70\x00\x00'\
    b'\x0e\x00\x70\x00\x00\x0e\x00\x70\x00\x00\x0e\x00\x7f\xff\xff\xfe'\
    b'\x00\x7f\xff\xff\xfe\x00\x7f\xff\xff\xfe\x00\x70\x00\x00\x0e\x00'\
    b'\x70\x00\x00\x0e\x00\x70\x00\x00\x0e\x00\x70\x00\x00\x0e\x00\x70'\
    b'\x00\x00\x0e\x00\x70\x00\x00\x0e\x00\x70\x00\x00\x0e\x00\x70\x00'\
    b'\x00\x0e\x00\x70\x00\x00\x0e\x00\x70\x00\x00\x0e\x00\x70\x00\x00'\
    b'\x0e\x00\x70\x00\x00\x0e\x00\x70\x00\x00\x0e\x00\x70\x00\x00\x0e'\
    b'\x00\x70\x00\x00\x0e\x00\x70\x00\x00\x0e\x00\x70\x00\x00\x0e\x00'\
    b'\x60\x00\x00\x0c\x00\x00\x00\x00\x00\x00\x00\x00\x00\x00\x00\x00'\
    b'\x00\x00\x00\x00\x00\x00\x00\x00\x00\x00\x00\x00\x00\x00\x00\x00'\
    b'\x00\x00\x00\x00\x00\x00\x00\x00\x00\x00\x00\x00\x00\x00\x00\x00'\
    b'\x00\x00\x00\x00\x00\x00\x00\x00\x00\x00\x00\x00\x00\x00\x00\x00'\
    b'\x00\x00\x00\x00\x00\x00\x00\x00\x00\x00\x00\x00\x00\x00\x00\x06'\
    b'\x00\x70\x07\x00\x70\x07\x00\x70\x07\x00\x70\x07\x00\x70\x07\x00'\
    b'\x70\x07\x00\x70\x07\x00\x70\x07\x00\x70\x07\x00\x70\x07\x00\x70'\
    b'\x07\x00\x70\x07\x00\x70\x07\x00\x70\x07\x00\x70\x07\x00\x70\x07'\
    b'\x00\x70\x07\x00\x70\x07\x00\x60\x00\x00\x00\x00\x00\x00\x00\x00'\
    b'\x00\x00\x00\x00\x00\x00\x00\x00\x00\x00\x00\x00\x00\x00\x00\x00'\
    b'\x00\x00\x00\x00\x00\x00\x00\x00\x00\x00\x00\x00\x00\x00\x00\x00'\
    b'\x00\x00\x00\x00\x00\x00\x00\x00\x00\x00\x00\x00\x00\x00\x00\x00'\
    b'\x00\x00\x00\x00\x00\x00\x00\x00\x00\x00\x18\x00\x00\x01\xc0\x00'\
    b'\x00\x0e\x00\x00\x00\x70\x00\x00\x03\x80\x00\x00\x1c\x00\x00\x00'\
    b'\xe0\x00\x00\x07\x00\x00\x00\x38\x00\x00\x01\xc0\x00\x00\x0e\x00'\
    b'\x00\x00\x70\x00\x00\x03\x80\x00\x00\x1c\x00\x00\x00\xe0\x00\x00'\
    b'\x07\x00\x00\x00\x38\x00\x00\x01\xc0\x00\x00\x0e\x00\x00\x00\x70'\
    b'\x00\x00\x03\x80\x00\x00\x1c\x00\x00\x00\xe0\x00\x00\x07\x00\x00'\
    b'\x00\x38\x00\x00\x01\xc0\x70\x00\x0e\x03\x80\x00\x70\x1c\x00\x03'\
    b'\x80\xe0\x00\x1c\x03\x80\x00\xe0\x1c\x00\x0e\x00\x70\x00\xf0\x03'\
    b'\xc0\x0f\x00\x0f\x80\xf0\x00\x3f\xff\x00\x00\x7f\xf0\x00\x00\xfc'\
    b'\x00\x00\x00\x00\x00\x00\x00\x00\x00\x00\x00\x00\x00\x00\x00\x00'\
    b'\x00\x00\x00\x00\x00\x00\x00\x00\x00\x00\x00\x00\x00\x00\x00\x00'\
    b'\x00\x00\x00\x00\x00\x00\x00\x00\x00\x00\x00\x00\x00\x00\x00\x00'\
    b'\x00\x00\x00\x00\x00\x00\x00\x00\x00\x00\x00\x00\x00\x00\x00\x00'\
    b'\x00\x00\x00\x00\x00\x00\x00\x00\x00\x00\x00\x00\x00\x00\x00\x00'\
    b'\x00\x00\x00\x00\x00\x00\x00\x00\x00\x00\x00\x00\x30\x00\x01\x80'\
    b'\x70\x00\x07\x80\xe0\x00\x1e\x01\xc0\x00\x7c\x03\x80\x01\xf0\x07'\
    b'\x00\x07\xc0\x0e\x00\x1f\x00\x1c\x00\x7c\x00\x38\x01\xf0\x00\x70'\
    b'\x07\xc0\x00\xe0\x1f\x00\x01\xc0\x3c\x00\x03\x80\xf0\x00\x07\x03'\
    b'\xc0\x00\x0e\x0f\x00\x00\x1c\x3c\x00\x00\x38\xf0\x00\x00\x73\xe0'\
    b'\x00\x00\xef\xe0\x00\x01\xfd\xe0\x00\x03\xf1\xc0\x00\x07\xc3\xc0'\
    b'\x00\x0f\x03\xc0\x00\x1c\x03\xc0\x00\x38\x03\x80\x00\x70\x07\x80'\
    b'\x00\xe0\x07\x80\x01\xc0\x07\x80\x03\x80\x07\x00\x07\x00\x0f\x00'\
    b'\x0e\x00\x0f\x00\x1c\x00\x0e\x00\x38\x00\x0e\x00\x70\x00\x1e\x00'\
    b'\xe0\x00\x1e\x01\xc0\x00\x1c\x03\x80\x00\x1c\x06\x00\x00\x30\x00'\
    b'\x00\x00\x00\x00\x00\x00\x00\x00\x00\x00\x00\x00\x00\x00\x00\x00'\
    b'\x00\x00\x00\x00\x00\x00\x00\x00\x00\x00\x00\x00\x00\x00\x00\x00'\
    b'\x00\x00\x00\x00\x00\x00\x00\x00\x00\x00\x00\x00\x00\x00\x00\x00'\
    b'\x00\x00\x00\x00\x00\x00\x00\x00\x00\x00\x00\x00\x00\x00\x00\x00'\
    b'\x00\x00\x00\x00\x00\x00\x00\x00\x00\x00\x00\x00\x00\x00\x00\x00'\
    b'\x00\x00\x00\x00\x00\x00\x00\x00\x00\x00\x01\x80\x00\x00\x07\x00'\
    b'\x00\x00\x1c\x00\x00\x00\x70\x00\x00\x01\xc0\x00\x00\x07\x00\x00'\
    b'\x00\x1c\x00\x00\x00\x70\x00\x00\x01\xc0\x00\x00\x07\x00\x00\x00'\
    b'\x1c\x00\x00\x00\x70\x00\x00\x01\xc0\x00\x00\x07\x00\x00\x00\x1c'\
    b'\x00\x00\x00\x70\x00\x00\x01\xc0\x00\x00\x07\x00\x00\x00\x1c\x00'\
    b'\x00\x00\x70\x00\x00\x01\xc0\x00\x00\x07\x00\x00\x00\x1c\x00\x00'\
    b'\x00\x70\x00\x00\x01\xc0\x00\x00\x07\x00\x00\x00\x1c\x00\x00\x00'\
    b'\x70\x00\x00\x01\xc0\x00\x00\x07\x00\x00\x00\x1c\x00\x00\x00\x70'\
    b'\x00\x00\x01\xc0\x00\x00\x07\x00\x00\x00\x1c\x00\x00\x00\x7f\xff'\
    b'\xff\x01\xff\xff\xfe\x07\xff\xff\xf8\x00\x00\x00\x00\x00\x00\x00'\
    b'\x00\x00\x00\x00\x00\x00\x00\x00\x00\x00\x00\x00\x00\x00\x00\x00'\
    b'\x00\x00\x00\x00\x00\x00\x00\x00\x00\x00\x00\x00\x00\x00\x00\x00'\
    b'\x00\x00\x00\x00\x00\x00\x00\x00\x00\x00\x00\x00\x00\x00\x00\x00'\
    b'\x00\x00\x00\x00\x00\x00\x00\x00\x00\x00\x00\x00\x00\x00\x00\x00'\
    b'\x00\x00\x00\x00\x00\x00\x00\x00\x00\x00\x00\x00\x00\x00\x00\x00'\
    b'\x00\x00\x00\x00\x00\x00\x00\x00\x00\x00\x00\x00\x00\x00\x00\x00'\
    b'\x00\x00\x00\x00\x00\x00\x00\x00\x00\x00\x00\x00\x00\x00\x00\xc0'\
    b'\x00\x00\x00\x18\x01\xc0\x00\x00\x00\x70\x03\x80\x00\x00\x00\xe0'\
    b'\x07\x80\x00\x00\x03\xc0\x0f\x00\x00\x00\x07\x80\x1f\x00\x00\x00'\
    b'\x1f\x00\x3e\x00\x00\x00\x3e\x00\x7e\x00\x00\x00\xfc\x00\xfc\x00'\
    b'\x00\x01\xf8\x01\xdc\x00\x00\x07\x70\x03\xb8\x00\x00\x0e\xe0\x07'\
    b'\x38\x00\x00\x39\xc0\x0e\x70\x00\x00\x73\x80\x1c\x70\x00\x01\xc7'\
    b'\x00\x38\xe0\x00\x03\x8e\x00\x70\xe0\x00\x0e\x1c\x00\xe1\xc0\x00'\
    b'\x1c\x38\x01\xc1\xc0\x00\x70\x70\x03\x83\x80\x00\xe0\xe0\x07\x03'\
    b'\x80\x03\x81\xc0\x0e\x07\x00\x07\x03\x80\x1c\x07\x00\x1c\x07\x00'\
    b'\x38\x0e\x00\x38\x0e\x00\x70\x0e\x00\x60\x1c\x00\xe0\x1c\x01\xc0'\
    b'\x38\x01\xc0\x1c\x03\x80\x70\x03\x80\x38\x0e\x00\xe0\x07\x00\x38'\
    b'\x1c\x01\xc0\x0e\x00\x70\x70\x03\x80\x1c\x00\xf0\xe0\x07\x00\x38'\
    b'\x00\xe3\x80\x0e\x00\x70\x01\xe7\x00\x1c\x00\xe0\x01\xdc\x00\x38'\
    b'\x01\xc0\x03\xf8\x00\x70\x03\x80\x03\xe0\x00\xe0\x07\x00\x07\xc0'\
    b'\x01\xc0\x0e\x00\x07\x00\x03\x80\x18\x00\x0e\x00\x03\x00\x00\x00'\
    b'\x00\x00\x00\x00\x00\x00\x00\x00\x00\x00\x00\x00\x00\x00\x00\x00'\
    b'\x00\x00\x00\x00\x00\x00\x00\x00\x00\x00\x00\x00\x00\x00\x00\x00'\
    b'\x00\x00\x00\x00\x00\x00\x00\x00\x00\x00\x00\x00\x00\x00\x00\x00'\
    b'\x00\x00\x00\x00\x00\x00\x00\x00\x00\x00\x00\x00\x00\x00\x00\x00'\
    b'\x00\x00\x00\x00\x00\x00\x00\x00\x00\x00\x00\x00\x00\x00\x00\x00'\
    b'\x00\x00\x00\x00\x00\x00\x00\x00\x00\x00\x00\x00\x00\x00\x00\x00'\
    b'\x00\x00\x00\x00\x00\x00\x00\x00\x00\x00\x00\x00\x00\x00\x00\x00'\
    b'\x00\x00\x00\x00\x00\x00\x00\x00\x00\x00\x00\x00\x00\x00\x30\x00'\
    b'\x00\x06\x00\x70\x00\x00\x0e\x00\xf0\x00\x00\x1c\x01\xf0\x00\x00'\
    b'\x38\x03\xe0\x00\x00\x70\x07\xe0\x00\x00\xe0\x0f\xe0\x00\x01\xc0'\
    b'\x1d\xe0\x00\x03\x80\x39\xc0\x00\x07\x00\x71\xc0\x00\x0e\x00\xe3'\
    b'\xc0\x00\x1c\x01\xc3\xc0\x00\x38\x03\x83\x80\x00\x70\x07\x03\x80'\
    b'\x00\xe0\x0e\x07\x80\x01\xc0\x1c\x07\x80\x03\x80\x38\x07\x00\x07'\
    b'\x00\x70\x07\x00\x0e\x00\xe0\x0f\x00\x1c\x01\xc0\x0f\x00\x38\x03'\
    b'\x80\x0f\x00\x70\x07\x00\x0e\x00\xe0\x0e\x00\x0e\x01\xc0\x1c\x00'\
    b'\x1e\x03\x80\x38\x00\x1e\x07\x00\x70\x00\x1c\x0e\x00\xe0\x00\x1c'\
    b'\x1c\x01\xc0\x00\x3c\x38\x03\x80\x00\x3c\x70\x07\x00\x00\x38\xe0'\
    b'\x0e\x00\x00\x39\xc0\x1c\x00\x00\x7b\x80\x38\x00\x00\x7f\x00\x70'\
    b'\x00\x00\x7e\x00\xe0\x00\x00\x7c\x01\xc0\x00\x00\x78\x03\x80\x00'\
    b'\x00\xf0\x06\x00\x00\x00\xc0\x00\x00\x00\x00\x00\x00\x00\x00\x00'\
    b'\x00\x00\x00\x00\x00\x00\x00\x00\x00\x00\x00\x00\x00\x00\x00\x00'\
    b'\x00\x00\x00\x00\x00\x00\x00\x00\x00\x00\x00\x00\x00\x00\x00\x00'\
    b'\x00\x00\x00\x00\x00\x00\x00\x00\x00\x00\x00\x00\x00\x00\x00\x00'\
    b'\x00\x00\x00\x00\x00\x00\x00\x00\x00\x00\x00\x00\x00\x00\x00\x00'\
    b'\x00\x00\x00\x00\x00\x00\x00\x00\x00\x00\x00\x00\x00\x00\x00\x00'\
    b'\x00\x00\x00\x00\x00\x00\x00\x00\x00\x00\x00\x00\x00\x00\x00\x00'\
    b'\x00\x00\x00\x00\x00\x00\x00\x00\x00\x00\x00\x00\x00\x00\x00\x00'\
    b'\x00\x00\x00\x00\x00\x00\x7f\xe0\x00\x00\x00\x3f\xff\xc0\x00\x00'\
    b'\x0f\xff\xff\x00\x00\x01\xf8\x01\xf8\x00\x00\x7c\x00\x03\xe0\x00'\
    b'\x0f\x80\x00\x1f\x00\x01\xe0\x00\x00\x78\x00\x1c\x00\x00\x03\xc0'\
    b'\x03\x80\x00\x00\x1c\x00\x78\x00\x00\x01\xe0\x07\x00\x00\x00\x0e'\
    b'\x00\xe0\x00\x00\x00\x70\x0e\x00\x00\x00\x07\x00\xe0\x00\x00\x00'\
    b'\x38\x1c\x00\x00\x00\x03\x81\xc0\x00\x00\x00\x38\x1c\x00\x00\x00'\
    b'\x03\x81\xc0\x00\x00\x00\x38\x1c\x00\x00\x00\x03\x81\xc0\x00\x00'\
    b'\x00\x38\x1c\x00\x00\x00\x03\x81\xc0\x00\x00\x00\x38\x1c\x00\x00'\
    b'\x00\x03\x81\xc0\x00\x00\x00\x38\x0e\x00\x00\x00\x03\x80\xe0\x00'\
    b'\x00\x00\x70\x0e\x00\x00\x00\x07\x00\x70\x00\x00\x00\xe0\x07\x80'\
    b'\x00\x00\x0e\x00\x38\x00\x00\x01\xc0\x01\xc0\x00\x00\x3c\x00\x1e'\
    b'\x00\x00\x07\x80\x00\xf8\x00\x01\xf0\x00\x07\xc0\x00\x3e\x00\x00'\
    b'\x1f\x80\x1f\x80\x00\x00\xff\xff\xf0\x00\x00\x03\xff\xfc\x00\x00'\
    b'\x00\x03\xfe\x00\x00\x00\x00\x00\x00\x00\x00\x00\x00\x00\x00\x00'\
    b'\x00\x00\x00\x00\x00\x00\x00\x00\x00\x00\x00\x00\x00\x00\x00\x00'\
    b'\x00\x00\x00\x00\x00\x00\x00\x00\x00\x00\x00\x00\x00\x00\x00\x00'\
    b'\x00\x00\x00\x00\x00\x00\x00\x00\x00\x00\x00\x00\x00\x00\x00\x00'\
    b'\x00\x00\x00\x00\x00\x00\x00\x00\x00\x00\x00\x00\x00\x00\x00\x00'\
    b'\x00\x00\x00\x00\x00\x00\x00\x00\x00\x00\x00\x00\x00\x00\x00\x00'\
    b'\x00\x00\x00\x00\x00\x00\x00\x00\x00\x00\x00\x00\x00\x00\x00\x00'\
    b'\x00\x3f\xff\x80\x01\xff\xff\x00\x0f\xff\xfc\x00\x70\x00\xf8\x03'\
    b'\x80\x03\xc0\x1c\x00\x07\x00\xe0\x00\x3c\x07\x00\x00\xe0\x38\x00'\
    b'\x07\x01\xc0\x00\x1c\x0e\x00\x00\xe0\x70\x00\x07\x03\x80\x00\x38'\
    b'\x1c\x00\x01\xc0\xe0\x00\x0e\x07\x00\x00\xe0\x38\x00\x07\x01\xc0'\
    b'\x00\x78\x0e\x00\x03\x80\x70\x00\x78\x03\x80\x07\xc0\x1f\xff\xfc'\
    b'\x00\xff\xff\x80\x07\xff\xe0\x00\x38\x00\x00\x01\xc0\x00\x00\x0e'\
    b'\x00\x00\x00\x70\x00\x00\x03\x80\x00\x00\x1c\x00\x00\x00\xe0\x00'\
    b'\x00\x07\x00\x00\x00\x38\x00\x00\x01\xc0\x00\x00\x0e\x00\x00\x00'\
    b'\x70\x00\x00\x03\x80\x00\x00\x18\x00\x00\x00\x00\x00\x00\x00\x00'\
    b'\x00\x00\x00\x00\x00\x00\x00\x00\x00\x00\x00\x00\x00\x00\x00\x00'\
    b'\x00\x00\x00\x00\x00\x00\x00\x00\x00\x00\x00\x00\x00\x00\x00\x00'\
    b'\x00\x00\x00\x00\x00\x00\x00\x00\x00\x00\x00\x00\x00\x00\x00\x00'\
    b'\x00\x00\x00\x00\x00\x00\x00\x00\x00\x00\x00\x00\x00\x00\x00\x00'\
    b'\x00\x00\x00\x00\x00\x00\x00\x00\x00\x00\x00\x00\x00\x00\x00\x00'\
    b'\x00\x00\x00\x00\x00\x00\x00\x00\x00\x00\x00\x00\x00\x00\x00\x00'\
    b'\x00\x00\x00\x00\x00\x00\x00\x00\x00\x00\x00\x01\xff\x80\x00\x00'\
    b'\x00\xff\xff\x00\x00\x00\x3f\xff\xfc\x00\x00\x07\xe0\x07\xe0\x00'\
    b'\x01\xf0\x00\x0f\x80\x00\x3e\x00\x00\x7c\x00\x07\x80\x00\x01\xe0'\
    b'\x00\x70\x00\x00\x0f\x00\x0e\x00\x00\x00\x70\x01\xe0\x00\x00\x07'\
    b'\x80\x1c\x00\x00\x00\x38\x03\x80\x00\x00\x01\xc0\x38\x00\x00\x00'\
    b'\x1c\x03\x80\x00\x00\x00\xe0\x70\x00\x00\x00\x0e\x07\x00\x00\x00'\
    b'\x00\xe0\x70\x00\x00\x00\x0e\x07\x00\x00\x00\x00\xe0\x70\x00\x00'\
    b'\x00\x0e\x07\x00\x00\x00\x00\xe0\x70\x00\x00\x00\x0e\x07\x00\x00'\
    b'\x00\x00\xe0\x70\x00\x00\x00\x0e\x07\x00\x00\x00\x00\xe0\x38\x00'\
    b'\x00\x40\x0e\x03\x80\x00\x0e\x01\xc0\x38\x00\x00\xf0\x1c\x01\xc0'\
    b'\x00\x07\x83\x80\x1e\x00\x00\x3c\x38\x00\xe0\x00\x01\xe7\x00\x07'\
    b'\x00\x00\x0f\xf0\x00\x78\x00\x00\x7e\x00\x03\xe0\x00\x07\xc0\x00'\
    b'\x1f\x00\x00\xfe\x00\x00\x7e\x00\x7f\xf0\x00\x03\xff\xff\xc7\x80'\
    b'\x00\x0f\xff\xf0\x38\x00\x00\x0f\xf8\x01\x80\x00\x00\x00\x00\x00'\
    b'\x00\x00\x00\x00\x00\x00\x00\x00\x00\x00\x00\x00\x00\x00\x00\x00'\
    b'\x00\x00\x00\x00\x00\x00\x00\x00\x00\x00\x00\x00\x00\x00\x00\x00'\
    b'\x00\x00\x00\x00\x00\x00\x00\x00\x00\x00\x00\x00\x00\x00\x00\x00'\
    b'\x00\x00\x00\x00\x00\x00\x00\x00\x00\x00\x00\x00\x00\x00\x00\x00'\
    b'\x00\x00\x00\x00\x00\x00\x00\x00\x00\x00\x00\x00\x00\x00\x00\x00'\
    b'\x00\x00\x00\x00\x00\x00\x00\x00\x00\x00\x00\x00\x00\x00\x00\x00'\
    b'\x00\x00\x00\x00\x00\x00\x00\xff\xfc\x00\x07\xff\xfc\x00\x3f\xff'\
    b'\xf0\x01\xc0\x07\xc0\x0e\x00\x0f\x00\x70\x00\x3c\x03\x80\x00\xe0'\
    b'\x1c\x00\x03\x80\xe0\x00\x1c\x07\x00\x00\xe0\x38\x00\x07\x01\xc0'\
    b'\x00\x18\x0e\x00\x01\xc0\x70\x00\x0e\x03\x80\x00\x70\x1c\x00\x03'\
    b'\x80\xe0\x00\x38\x07\x00\x03\xc0\x38\x00\x3c\x01\xc0\x07\xc0\x0f'\
    b'\xff\xfc\x00\x7f\xff\x80\x03\xff\xf8\x00\x1c\x01\xc0\x00\xe0\x0f'\
    b'\x00\x07\x00\x38\x00\x38\x00\xe0\x01\xc0\x07\x80\x0e\x00\x1c\x00'\
    b'\x70\x00\xf0\x03\x80\x03\x80\x1c\x00\x0e\x00\xe0\x00\x78\x07\x00'\
    b'\x01\xc0\x38\x00\x0f\x01\xc0\x00\x38\x0e\x00\x00\xe0\x60\x00\x07'\
    b'\x00\x00\x00\x00\x00\x00\x00\x00\x00\x00\x00\x00\x00\x00\x00\x00'\
    b'\x00\x00\x00\x00\x00\x00\x00\x00\x00\x00\x00\x00\x00\x00\x00\x00'\
    b'\x00\x00\x00\x00\x00\x00\x00\x00\x00\x00\x00\x00\x00\x00\x00\x00'\
    b'\x00\x00\x00\x00\x00\x00\x00\x00\x00\x00\x00\x00\x00\x00\x00\x00'\
    b'\x00\x00\x00\x00\x00\x00\x00\x00\x00\x00\x00\x00\x00\x00\x00\x00'\
    b'\x00\x00\x00\x00\x00\x00\x00\x00\x00\x00\x00\x01\xfc\x00\x00\x1f'\
    b'\xff\x00\x00\xff\xff\x00\x03\xe0\x0f\x80\x07\x00\x0f\x80\x1c\x00'\
    b'\x07\x00\x38\x00\x07\x00\xe0\x00\x04\x01\xc0\x00\x00\x03\x80\x00'\
    b'\x00\x07\x00\x00\x00\x07\x00\x00\x00\x0e\x00\x00\x00\x1e\x00\x00'\
    b'\x00\x1e\x00\x00\x00\x1f\x00\x00\x00\x1f\xe0\x00\x00\x0f\xfc\x00'\
    b'\x00\x07\xff\x00\x00\x00\x7f\x00\x00\x00\x1f\x00\x00\x00\x0f\x00'\
    b'\x00\x00\x0f\x00\x00\x00\x0e\x00\x00\x00\x1c\x00\x00\x00\x1c\x00'\
    b'\x00\x00\x38\x00\x00\x00\x70\x00\x00\x00\xe0\x20\x00\x01\xc0\xe0'\
    b'\x00\x07\x01\xe0\x00\x0e\x01\xe0\x00\x3c\x01\xe0\x00\xf0\x01\xf0'\
    b'\x07\xc0\x01\xff\xff\x00\x00\xff\xfc\x00\x00\x3f\xc0\x00\x00\x00'\
    b'\x00\x00\x00\x00\x00\x00\x00\x00\x00\x00\x00\x00\x00\x00\x00\x00'\
    b'\x00\x00\x00\x00\x00\x00\x00\x00\x00\x00\x00\x00\x00\x00\x00\x00'\
    b'\x00\x00\x00\x00\x00\x00\x00\x00\x00\x00\x00\x00\x00\x00\x00\x00'\
    b'\x00\x00\x00\x00\x00\x00\x00\x00\x00\x00\x00\x00\x00\x00\x00\x00'\
    b'\x00\x00\x00\x00\x00\x00\x00\x00\x00\x00\x00\x00\x00\x00\x00\x00'\
    b'\x00\x00\x00\x00\x00\x00\x00\x00\x00\x00\x03\xff\xff\xff\xe7\xff'\
    b'\xff\xff\xcf\xff\xff\xff\x80\x00\xe0\x00\x00\x01\xc0\x00\x00\x03'\
    b'\x80\x00\x00\x07\x00\x00\x00\x0e\x00\x00\x00\x1c\x00\x00\x00\x38'\
    b'\x00\x00\x00\x70\x00\x00\x00\xe0\x00\x00\x01\xc0\x00\x00\x03\x80'\
    b'\x00\x00\x07\x00\x00\x00\x0e\x00\x00\x00\x1c\x00\x00\x00\x38\x00'\
    b'\x00\x00\x70\x00\x00\x00\xe0\x00\x00\x01\xc0\x00\x00\x03\x80\x00'\
    b'\x00\x07\x00\x00\x00\x0e\x00\x00\x00\x1c\x00\x00\x00\x38\x00\x00'\
    b'\x00\x70\x00\x00\x00\xe0\x00\x00\x01\xc0\x00\x00\x03\x80\x00\x00'\
    b'\x07\x00\x00\x00\x0e\x00\x00\x00\x1c\x00\x00\x00\x38\x00\x00\x00'\
    b'\x70\x00\x00\x00\xe0\x00\x00\x01\xc0\x00\x00\x01\x80\x00\x00\x00'\
    b'\x00\x00\x00\x00\x00\x00\x00\x00\x00\x00\x00\x00\x00\x00\x00\x00'\
    b'\x00\x00\x00\x00\x00\x00\x00\x00\x00\x00\x00\x00\x00\x00\x00\x00'\
    b'\x00\x00\x00\x00\x00\x00\x00\x00\x00\x00\x00\x00\x00\x00\x00\x00'\
    b'\x00\x00\x00\x00\x00\x00\x00\x00\x00\x00\x00\x00\x00\x00\x00\x00'\
    b'\x00\x00\x00\x00\x00\x00\x00\x00\x00\x00\x00\x00\x00\x00\x00\x00'\
    b'\x00\x00\x00\x00\x00\x00\x00\x00\x00\x00\x00\x00\x00\x00\x00\x00'\
    b'\x00\x00\x00\x00\x00\x00\x01\x80\x00\x00\x60\x07\x00\x00\x01\xc0'\
    b'\x1c\x00\x00\x07\x00\x70\x00\x00\x1c\x01\xc0\x00\x00\x70\x07\x00'\
    b'\x00\x01\xc0\x1c\x00\x00\x07\x00\x70\x00\x00\x1c\x01\xc0\x00\x00'\
    b'\x70\x07\x00\x00\x01\xc0\x1c\x00\x00\x07\x00\x70\x00\x00\x1c\x01'\
    b'\xc0\x00\x00\x70\x07\x00\x00\x01\xc0\x1c\x00\x00\x07\x00\x70\x00'\
    b'\x00\x1c\x01\xc0\x00\x00\x70\x07\x00\x00\x01\xc0\x1c\x00\x00\x07'\
    b'\x00\x70\x00\x00\x1c\x01\xc0\x00\x00\x70\x07\x00\x00\x01\xc0\x1c'\
    b'\x00\x00\x07\x00\x70\x00\x00\x1c\x01\xc0\x00\x00\x70\x07\x00\x00'\
    b'\x01\xc0\x1c\x00\x00\x07\x00\x70\x00\x00\x38\x01\xc0\x00\x00\xe0'\
    b'\x03\x80\x00\x03\x80\x0e\x00\x00\x1c\x00\x3c\x00\x00\xf0\x00\x78'\
    b'\x00\x07\x80\x00\xf0\x00\x3c\x00\x01\xf0\x03\xe0\x00\x03\xff\xff'\
    b'\x00\x00\x03\xff\xf0\x00\x00\x01\xfe\x00\x00\x00\x00\x00\x00\x00'\
    b'\x00\x00\x00\x00\x00\x00\x00\x00\x00\x00\x00\x00\x00\x00\x00\x00'\
    b'\x00\x00\x00\x00\x00\x00\x00\x00\x00\x00\x00\x00\x00\x00\x00\x00'\
    b'\x00\x00\x00\x00\x00\x00\x00\x00\x00\x00\x00\x00\x00\x00\x00\x00'\
    b'\x00\x00\x00\x00\x00\x00\x00\x00\x00\x00\x00\x00\x00\x00\x00\x00'\
    b'\x00\x00\x00\x00\x00\x00\x00\x00\x00\x00\x00\x00\x00\x00\x00\x00'\
    b'\x00\x00\x00\x00\x00\x00\x00\x00\x00\x00\x00\x00\x00\x00\x00\x00'\
    b'\x00\x00\x00\x00\x00\x00\x1c\x00\x00\x00\xc7\x00\x00\x00\x39\xc0'\
    b'\x00\x00\x1e\x38\x00\x00\x07\x0e\x00\x00\x01\xc3\xc0\x00\x00\xe0'\
    b'\x70\x00\x00\x38\x1c\x00\x00\x1c\x03\x80\x00\x07\x00\xe0\x00\x01'\
    b'\xc0\x1c\x00\x00\xe0\x07\x00\x00\x38\x01\xe0\x00\x1c\x00\x38\x00'\
    b'\x07\x00\x0e\x00\x03\xc0\x01\xc0\x00\xe0\x00\x70\x00\x38\x00\x1e'\
    b'\x00\x1c\x00\x03\x80\x07\x00\x00\xe0\x03\x80\x00\x1c\x00\xe0\x00'\
    b'\x07\x00\x38\x00\x00\xe0\x1c\x00\x00\x38\x07\x00\x00\x0e\x03\x80'\
    b'\x00\x01\xc0\xe0\x00\x00\x70\x38\x00\x00\x0e\x1c\x00\x00\x03\x87'\
    b'\x00\x00\x00\xf3\x80\x00\x00\x1c\xe0\x00\x00\x07\x38\x00\x00\x00'\
    b'\xfc\x00\x00\x00\x3f\x00\x00\x00\x07\x80\x00\x00\x01\xe0\x00\x00'\
    b'\x00\x70\x00\x00\x00\x0c\x00\x00\x00\x00\x00\x00\x00\x00\x00\x00'\
    b'\x00\x00\x00\x00\x00\x00\x00\x00\x00\x00\x00\x00\x00\x00\x00\x00'\
    b'\x00\x00\x00\x00\x00\x00\x00\x00\x00\x00\x00\x00\x00\x00\x00\x00'\
    b'\x00\x00\x00\x00\x00\x00\x00\x00\x00\x00\x00\x00\x00\x00\x00\x00'\
    b'\x00\x00\x00\x00\x00\x00\x00\x00\x00\x00\x00\x00\x00\x00\x00\x00'\
    b'\x00\x00\x00\x00\x00\x00\x00\x00\x00\x00\x00\x00\x00\x00\x00\x00'\
    b'\x00\x00\x00\x00\x00\x00\x00\x00\x00\x00\x00\x00\x00\x00\x00\x00'\
    b'\x00\x00\x00\x00\x00\x00\x00\x00\x00\x00\x00\x00\x00\x00\x00\x01'\
    b'\x80\x00\x00\x00\x03\x1c\x00\x00\x80\x00\x1c\x70\x00\x0e\x00\x01'\
    b'\xe3\x80\x00\x70\x00\x0e\x1c\x00\x03\x80\x00\x70\xe0\x00\x3e\x00'\
    b'\x03\x83\x80\x01\xf0\x00\x38\x1c\x00\x0f\x80\x01\xc0\xe0\x00\xee'\
    b'\x00\x0e\x03\x80\x07\x70\x00\xf0\x1c\x00\x3b\x80\x07\x00\xe0\x01'\
    b'\x9c\x00\x38\x07\x00\x1c\x70\x01\xc0\x1c\x00\xe3\x80\x1c\x00\xe0'\
    b'\x07\x1c\x00\xe0\x07\x00\x70\x70\x07\x00\x1c\x03\x83\x80\x70\x00'\
    b'\xe0\x1c\x1c\x03\x80\x07\x00\xe0\xe0\x1c\x00\x38\x0e\x03\x80\xe0'\
    b'\x00\xe0\x70\x1c\x0e\x00\x07\x03\x80\xe0\x70\x00\x38\x38\x03\x83'\
    b'\x80\x00\xe1\xc0\x1c\x38\x00\x07\x0e\x00\xe1\xc0\x00\x38\x70\x07'\
    b'\x0e\x00\x01\xc7\x00\x1c\x70\x00\x07\x38\x00\xe7\x00\x00\x39\xc0'\
    b'\x07\x38\x00\x01\xdc\x00\x19\xc0\x00\x07\xe0\x00\xfc\x00\x00\x3f'\
    b'\x00\x07\xe0\x00\x01\xf8\x00\x3f\x00\x00\x0f\x80\x00\xf8\x00\x00'\
    b'\x3c\x00\x07\x80\x00\x01\xe0\x00\x3c\x00\x00\x0e\x00\x00\xe0\x00'\
    b'\x00\x30\x00\x06\x00\x00\x00\x00\x00\x00\x00\x00\x00\x00\x00\x00'\
    b'\x00\x00\x00\x00\x00\x00\x00\x00\x00\x00\x00\x00\x00\x00\x00\x00'\
    b'\x00\x00\x00\x00\x00\x00\x00\x00\x00\x00\x00\x00\x00\x00\x00\x00'\
    b'\x00\x00\x00\x00\x00\x00\x00\x00\x00\x00\x00\x00\x00\x00\x00\x00'\
    b'\x00\x00\x00\x00\x00\x00\x00\x00\x00\x00\x00\x00\x00\x00\x00\x00'\
    b'\x00\x00\x00\x00\x00\x00\x00\x00\x00\x00\x00\x00\x00\x00\x00\x00'\
    b'\x00\x00\x00\x00\x00\x00\x00\x00\x00\x00\x00\x00\x00\x00\x00\x00'\
    b'\x00\x00\x00\x00\x00\x00\x00\x00\x00\x00\x01\x80\x00\x00\xc0\x70'\
    b'\x00\x00\x78\x1e\x00\x00\x1e\x03\xc0\x00\x0f\x00\x70\x00\x07\x80'\
    b'\x0e\x00\x01\xc0\x03\xc0\x00\xf0\x00\x70\x00\x78\x00\x0e\x00\x1c'\
    b'\x00\x03\xc0\x0f\x00\x00\x78\x07\x80\x00\x0e\x03\xc0\x00\x01\xc0'\
    b'\xe0\x00\x00\x78\x78\x00\x00\x0e\x3c\x00\x00\x01\xce\x00\x00\x00'\
    b'\x7f\x80\x00\x00\x0f\xc0\x00\x00\x01\xe0\x00\x00\x00\xfc\x00\x00'\
    b'\x00\x7f\x00\x00\x00\x1c\xe0\x00\x00\x0f\x3c\x00\x00\x07\x87\x00'\
    b'\x00\x01\xc0\xe0\x00\x00\xe0\x3c\x00\x00\x78\x07\x80\x00\x3c\x00'\
    b'\xe0\x00\x0e\x00\x1c\x00\x07\x00\x07\x80\x03\xc0\x00\xe0\x01\xe0'\
    b'\x00\x1c\x00\x70\x00\x07\x80\x3c\x00\x00\xf0\x1e\x00\x00\x1c\x07'\
    b'\x00\x00\x03\x83\x80\x00\x00\xf0\xe0\x00\x00\x18\x00\x00\x00\x00'\
    b'\x00\x00\x00\x00\x00\x00\x00\x00\x00\x00\x00\x00\x00\x00\x00\x00'\
    b'\x00\x00\x00\x00\x00\x00\x00\x00\x00\x00\x00\x00\x00\x00\x00\x00'\
    b'\x00\x00\x00\x00\x00\x00\x00\x00\x00\x00\x00\x00\x00\x00\x00\x00'\
    b'\x00\x00\x00\x00\x00\x00\x00\x00\x00\x00\x00\x00\x00\x00\x00\x00'\
    b'\x00\x00\x00\x00\x00\x00\x00\x00\x00\x00\x00\x00\x00\x00\x00\x00'\
    b'\x00\x00\x00\x00\x00\x00\x00\x00\x00\x00\x00\x06\x00\x00\x00\xf8'\
    b'\x00\x00\x07\x70\x00\x00\x1d\xe0\x00\x00\xe3\x80\x00\x07\x8f\x00'\
    b'\x00\x1c\x1c\x00\x00\xe0\x38\x00\x03\x80\xf0\x00\x1c\x01\xc0\x00'\
    b'\xf0\x03\x80\x03\x80\x0e\x00\x1c\x00\x1c\x00\x70\x00\x78\x03\x80'\
    b'\x00\xe0\x1c\x00\x01\xc0\x70\x00\x07\x03\x80\x00\x0e\x0e\x00\x00'\
    b'\x3c\x70\x00\x00\x73\x80\x00\x00\xee\x00\x00\x03\xf0\x00\x00\x07'\
    b'\xc0\x00\x00\x1e\x00\x00\x00\x38\x00\x00\x00\xe0\x00\x00\x03\x80'\
    b'\x00\x00\x0e\x00\x00\x00\x38\x00\x00\x00\xe0\x00\x00\x03\x80\x00'\
    b'\x00\x0e\x00\x00\x00\x38\x00\x00\x00\xe0\x00\x00\x03\x80\x00\x00'\
    b'\x0e\x00\x00\x00\x38\x00\x00\x00\xc0\x00\x00\x00\x00\x00\x00\x00'\
    b'\x00\x00\x00\x00\x00\x00\x00\x00\x00\x00\x00\x00\x00\x00\x00\x00'\
    b'\x00\x00\x00\x00\x00\x00\x00\x00\x00\x00\x00\x00\x00\x00\x00\x00'\
    b'\x00\x00\x00\x00\x00\x00\x00\x00\x00\x00\x00\x00\x00\x00\x00\x00'\
    b'\x00\x00\x00\x00\x00\x00\x00\x00\x00\x00\x00\x00\x00\x00\x00\x00'\
    b'\x00\x00\x00\x00\x00\x00\x00\x00\x00\x00\x00\x00\x00\x00\x00\x00'\
    b'\x00\x00\x00\x00\x00\x00\x00\x00\x00\x00\x03\xff\xff\xff\xf0\xff'\
    b'\xff\xff\xfc\x1f\xff\xff\xff\x00\x00\x00\x03\x80\x00\x00\x01\xc0'\
    b'\x00\x00\x00\xe0\x00\x00\x00\x70\x00\x00\x00\x3c\x00\x00\x00\x0e'\
    b'\x00\x00\x00\x07\x00\x00\x00\x03\x80\x00\x00\x01\xe0\x00\x00\x00'\
    b'\x70\x00\x00\x00\x38\x00\x00\x00\x1c\x00\x00\x00\x0e\x00\x00\x00'\
    b'\x07\x80\x00\x00\x01\xc0\x00\x00\x00\xe0\x00\x00\x00\x70\x00\x00'\
    b'\x00\x38\x00\x00\x00\x0e\x00\x00\x00\x07\x00\x00\x00\x03\x80\x00'\
    b'\x00\x01\xc0\x00\x00\x00\xf0\x00\x00\x00\x38\x00\x00\x00\x1c\x00'\
    b'\x00\x00\x0e\x00\x00\x00\x07\x00\x00\x00\x03\xc0\x00\x00\x00\xe0'\
    b'\x00\x00\x00\x70\x00\x00\x00\x38\x00\x00\x00\x1c\x00\x00\x00\x07'\
    b'\xff\xff\xff\x83\xff\xff\xff\xf0\x7f\xff\xff\xfc\x00\x00\x00\x00'\
    b'\x00\x00\x00\x00\x00\x00\x00\x00\x00\x00\x00\x00\x00\x00\x00\x00'\
    b'\x00\x00\x00\x00\x00\x00\x00\x00\x00\x00\x00\x00\x00\x00\x00\x00'\
    b'\x00\x00\x00\x00\x00\x00\x00\x00\x00\x00\x00\x00\x00\x00\x00\x00'\
    b'\x00\x00\x00\x00\x00\x00\x00\x00\x00\x00\x00\x00\x00\x00\x00\x00'\
    b'\x00\x01\xff\x87\xff\x1f\xf8\x70\x01\xc0\x07\x00\x1c\x00\x70\x01'\
    b'\xc0\x07\x00\x1c\x00\x70\x01\xc0\x07\x00\x1c\x00\x70\x01\xc0\x07'\
    b'\x00\x1c\x00\x70\x01\xc0\x07\x00\x1c\x00\x70\x01\xc0\x07\x00\x1c'\
    b'\x00\x70\x01\xc0\x07\x00\x1c\x00\x70\x01\xc0\x07\x00\x1c\x00\x70'\
    b'\x01\xc0\x07\x00\x1c\x00\x70\x01\xc0\x07\x00\x1c\x00\x70\x01\xc0'\
    b'\x07\x00\x1f\xf8\x7f\xf1\xff\x80\x00\x00\x00\x00\x00\x00\x00\x00'\
    b'\x00\x00\x00\x00\x00\x00\x00\x00\x00\x00\x00\x00\x00\x00\x00\x00'\
    b'\x00\x00\x00\x00\x00\x00\x00\x00\x00\x00\x00\x00\x00\xc0\x00\x03'\
    b'\x80\x00\x07\x80\x00\x07\x00\x00\x0e\x00\x00\x0e\x00\x00\x1c\x00'\
    b'\x00\x3c\x00\x00\x38\x00\x00\x70\x00\x00\x70\x00\x00\xe0\x00\x01'\
    b'\xe0\x00\x01\xc0\x00\x03\x80\x00\x03\x80\x00\x07\x00\x00\x0f\x00'\
    b'\x00\x0e\x00\x00\x1c\x00\x00\x1c\x00\x00\x38\x00\x00\x78\x00\x00'\
    b'\x70\x00\x00\xe0\x00\x00\xe0\x00\x01\xc0\x00\x03\xc0\x00\x03\x80'\
    b'\x00\x07\x00\x00\x07\x00\x00\x0e\x00\x00\x1e\x00\x00\x1c\x00\x00'\
    b'\x38\x00\x00\x38\x00\x00\x70\x00\x00\xf0\x00\x00\xe0\x00\x01\xc0'\
    b'\x00\x01\xc0\x00\x03\x00\x00\x00\x00\x00\x00\x00\x00\x00\x00\x00'\
    b'\x00\x00\x00\x00\x00\x00\x00\x00\x00\x00\x00\x00\x00\x00\x00\x00'\
    b'\x00\x00\x00\x00\x00\x00\x00\x00\x00\x00\x00\x00\x00\x00\x00\x00'\
    b'\x3f\xf0\xff\xe1\xff\x80\x0e\x00\x38\x00\xe0\x03\x80\x0e\x00\x38'\
    b'\x00\xe0\x03\x80\x0e\x00\x38\x00\xe0\x03\x80\x0e\x00\x38\x00\xe0'\
    b'\x03\x80\x0e\x00\x38\x00\xe0\x03\x80\x0e\x00\x38\x00\xe0\x03\x80'\
    b'\x0e\x00\x38\x00\xe0\x03\x80\x0e\x00\x38\x00\xe0\x03\x80\x0e\x00'\
    b'\x38\x00\xe0\x03\x80\x0e\x00\x38\x00\xe0\x03\x80\x0e\x00\x38\x00'\
    b'\xe1\xff\x8f\xfe\x3f\xf0\x00\x00\x00\x00\x00\x00\x00\x00\x00\x00'\
    b'\x00\x00\x00\x00\x00\x00\x00\x00\x00\x00\x00\x00\x00\x00\x00\x00'\
    b'\x00\x00\x00\x00\x00\x00\x00\x00\x00\x00\x00\x00\x07\x00\x00\x0e'\
    b'\x00\x00\x3e\x00\x00\xfe\x00\x01\xdc\x00\x07\xbc\x00\x1e\x38\x00'\
    b'\x38\x38\x00\xf0\x78\x03\xc0\x70\x07\x00\xf0\x1e\x00\xf0\x38\x00'\
    b'\xe0\xf0\x01\xe0\xc0\x01\x80\x00\x00\x00\x00\x00\x00\x00\x00\x00'\
    b'\x00\x00\x00\x00\x00\x00\x00\x00\x00\x00\x00\x00\x00\x00\x00\x00'\
    b'\x00\x00\x00\x00\x00\x00\x00\x00\x00\x00\x00\x00\x00\x00\x00\x00'\
    b'\x00\x00\x00\x00\x00\x00\x00\x00\x00\x00\x00\x00\x00\x00\x00\x00'\
    b'\x00\x00\x00\x00\x00\x00\x00\x00\x00\x00\x00\x00\x00\x00\x00\x00'\
    b'\x00\x00\x00\x00\x00\x00\x00\x00\x00\x00\x00\x00\x00\x00\x00\x00'\
    b'\x00\x00\x00\x00\x00\x00\x00\x00\x00\x00\x00\x00\x00\x00\x00\x00'\
    b'\x00\x00\x00\x00\x00\x00\x00\x00\x00\x00\x00\x00\x00\x00\x00\x00'\
    b'\x00\x00\x00\x00\x00\x00\x00\x00\x00\x00\x00\x00\x00\x00\x00\x00'\
    b'\x00\x00\x00\x00\x00\x00\x00\x00\x00\x00\x00\x00\x00\x00\x00\x00'\
    b'\x00\x00\x00\x00\x00\x00\x00\x00\x00\x00\x00\x00\x00\x00\x00\x00'\
    b'\x00\x00\x00\x00\x00\x00\x00\x00\x00\x00\x00\x00\x00\x00\x00\x00'\
    b'\x00\x00\x00\x00\x00\x00\x00\x00\x00\x00\x00\x00\x00\x00\x00\x00'\
    b'\x00\x00\x00\x00\x00\x00\x00\x00\x00\x00\x00\x00\x00\x00\x00\x00'\
    b'\x00\x00\x00\x00\x00\x00\x00\x00\x00\x00\x00\x00\x00\x00\x00\x00'\
    b'\x00\x00\x00\x00\x00\x00\x00\x00\x00\x00\x00\x00\x00\x00\x00\x00'\
    b'\x00\x00\x00\x00\x00\x00\x00\x00\x00\x00\x00\x00\x00\x00\x00\x00'\
    b'\x00\x00\x00\x00\x0f\xff\xff\xfb\xff\xff\xff\xbf\xff\xff\xe0\x00'\
    b'\x00\x00\x00\x00\x00\x00\x00\x00\x00\x00\x00\x00\x00\x00\x00\x00'\
    b'\x00\x00\x00\x00\x00\x00\x00\x00\x00\x00\x00\x00\x00\x00\x00\x00'\
    b'\x00\x00\x00\x00\x00\x00\x00\x00\x00\x00\x00\x00\x00\x00\x00\xc0'\
    b'\x0f\x00\x3c\x00\xf0\x03\xc0\x0f\x00\x3c\x01\xe0\x07\x00\x00\x00'\
    b'\x00\x00\x00\x00\x00\x00\x00\x00\x00\x00\x00\x00\x00\x00\x00\x00'\
    b'\x00\x00\x00\x00\x00\x00\x00\x00\x00\x00\x00\x00\x00\x00\x00\x00'\
    b'\x00\x00\x00\x00\x00\x00\x00\x00\x00\x00\x00\x00\x00\x00\x00\x00'\
    b'\x00\x00\x00\x00\x00\x00\x00\x00\x00\x00\x00\x00\x00\x00\x00\x00'\
    b'\x00\x00\x00\x00\x00\x00\x00\x00\x00\x00\x00\x00\x00\x00\x00\x00'\
    b'\x00\x00\x00\x00\x00\x00\x00\x00\x00\x00\x00\x00\x00\x00\x00\x00'\
    b'\x00\x00\x00\x00\x00\x00\x00\x00\x00\x00\x00\x00\x00\x00\x00\x00'\
    b'\x00\x00\x00\x00\x00\x00\x00\x00\x00\x00\x00\x00\x00\x00\x00\x00'\
    b'\x00\x00\x00\x00\x00\x00\x00\x00\x00\x00\x00\x00\x00\x00\x00\x00'\
    b'\x00\x00\x00\x00\x00\x00\x00\x00\x00\x00\x00\x00\x00\x00\x00\x00'\
    b'\x00\x00\x01\xfc\x00\x00\x07\xff\xc0\x00\x0f\xff\xf0\x00\x0f\x80'\
    b'\x7c\x00\x0f\x00\x0f\x00\x0f\x00\x03\xc0\x07\x00\x00\xf0\x07\x00'\
    b'\x00\x38\x03\x80\x00\x0e\x03\xc0\x00\x07\x01\xc0\x00\x03\x80\xe0'\
    b'\x00\x00\xe0\x70\x00\x00\x70\x38\x00\x00\x38\x1c\x00\x00\x1c\x0e'\
    b'\x00\x00\x0e\x07\x00\x00\x0f\x03\x80\x00\x07\x80\xe0\x00\x03\xc0'\
    b'\x70\x00\x03\xe0\x1c\x00\x03\xf0\x0f\x00\x01\xf8\x03\xc0\x03\xdc'\
    b'\x00\xf8\x07\xce\x00\x3f\xff\xc7\x00\x07\xff\xc3\x80\x00\xff\x01'\
    b'\x80\x00\x00\x00\x00\x00\x00\x00\x00\x00\x00\x00\x00\x00\x00\x00'\
    b'\x00\x00\x00\x00\x00\x00\x00\x00\x00\x00\x00\x00\x00\x00\x00\x00'\
    b'\x00\x00\x00\x00\x00\x00\x00\x00\x00\x00\x00\x00\x00\x00\x00\x00'\
    b'\x00\x00\x00\x00\x00\x00\x00\x00\x00\x00\x00\x00\x00\x00\x00\x00'\
    b'\x00\x00\x00\x00\x00\x00\x00\x00\x00\x00\x00\x00\x00\x00\x00\x00'\
    b'\x00\x00\x00\x00\x00\x00\x00\x00\x00\x00\x00\x00\x00\x00\x00\x00'\
    b'\x00\x00\x00\x00\x00\x01\x80\x00\x00\x00\xe0\x00\x00\x00\x38\x00'\
    b'\x00\x00\x0e\x00\x00\x00\x03\x80\x00\x00\x00\xe0\x00\x00\x00\x38'\
    b'\x00\x00\x00\x0e\x00\x00\x00\x03\x80\x00\x00\x00\xe0\x00\x00\x00'\
    b'\x38\x00\x00\x00\x0e\x03\xfc\x00\x03\x87\xff\xc0\x00\xe3\xff\xfc'\
    b'\x00\x39\xf0\x0f\x80\x0e\xf0\x00\xf0\x03\xf8\x00\x1e\x00\xfc\x00'\
    b'\x03\x80\x3e\x00\x00\x70\x0f\x00\x00\x1c\x03\xc0\x00\x03\x80\xf0'\
    b'\x00\x00\xe0\x38\x00\x00\x38\x0e\x00\x00\x0e\x03\x80\x00\x03\x80'\
    b'\xe0\x00\x00\xe0\x38\x00\x00\x38\x07\x00\x00\x0e\x01\xc0\x00\x03'\
    b'\x80\x70\x00\x01\xc0\x0e\x00\x00\x70\x03\xc0\x00\x38\x00\x78\x00'\
    b'\x1e\x00\x0f\x00\x0f\x00\x03\xf0\x0f\x80\x00\x3f\xff\xc0\x00\x07'\
    b'\xff\xc0\x00\x00\x3f\x80\x00\x00\x00\x00\x00\x00\x00\x00\x00\x00'\
    b'\x00\x00\x00\x00\x00\x00\x00\x00\x00\x00\x00\x00\x00\x00\x00\x00'\
    b'\x00\x00\x00\x00\x00\x00\x00\x00\x00\x00\x00\x00\x00\x00\x00\x00'\
    b'\x00\x00\x00\x00\x00\x00\x00\x00\x00\x00\x00\x00\x00\x00\x00\x00'\
    b'\x00\x00\x00\x00\x00\x00\x00\x00\x00\x00\x00\x00\x00\x00\x00\x00'\
    b'\x00\x00\x00\x00\x00\x00\x00\x00\x00\x00\x00\x00\x00\x00\x00\x00'\
    b'\x00\x00\x00\x00\x00\x00\x00\x00\x00\x00\x00\x00\x00\x00\x00\x00'\
    b'\x00\x00\x00\x00\x00\x00\x00\x00\x00\x00\x00\x00\x00\x00\x00\x00'\
    b'\x00\x00\x00\x00\x00\x00\x00\x00\x00\x00\x00\xfe\x00\x00\x7f\xf8'\
    b'\x00\x0f\xff\xe0\x01\xe0\x1f\x00\x3c\x00\x78\x07\x80\x03\xc0\xf0'\
    b'\x00\x18\x0e\x00\x00\x00\xe0\x00\x00\x1c\x00\x00\x01\xc0\x00\x00'\
    b'\x1c\x00\x00\x01\xc0\x00\x00\x1c\x00\x00\x01\xc0\x00\x00\x1c\x00'\
    b'\x00\x01\xc0\x00\x00\x1c\x00\x00\x00\xe0\x00\x00\x0e\x00\x00\x00'\
    b'\x70\x00\x00\x07\x80\x01\x00\x3c\x00\x38\x01\xf0\x0f\x80\x0f\xff'\
    b'\xf0\x00\x3f\xfc\x00\x00\xff\x00\x00\x00\x00\x00\x00\x00\x00\x00'\
    b'\x00\x00\x00\x00\x00\x00\x00\x00\x00\x00\x00\x00\x00\x00\x00\x00'\
    b'\x00\x00\x00\x00\x00\x00\x00\x00\x00\x00\x00\x00\x00\x00\x00\x00'\
    b'\x00\x00\x00\x00\x00\x00\x00\x00\x00\x00\x00\x00\x00\x00\x00\x00'\
    b'\x00\x00\x00\x00\x00\x00\x00\x00\x00\x00\x00\x00\x00\x00\x00\x00'\
    b'\x00\x00\x00\x00\x00\x00\x00\x00\x00\x00\x00\x00\x00\x00\x00\x00'\
    b'\x00\x00\x00\x00\x00\x00\x00\x00\x00\x60\x00\x00\x00\x1c\x00\x00'\
    b'\x00\x07\x00\x00\x00\x01\xc0\x00\x00\x00\x70\x00\x00\x00\x1c\x00'\
    b'\x00\x00\x07\x00\x00\x00\x01\xc0\x00\x00\x00\x70\x00\x00\x00\x1c'\
    b'\x00\x00\x00\x07\x00\x00\x7f\x01\xc0\x00\xff\xf8\x70\x00\xff\xff'\
    b'\x1c\x00\x7c\x03\xe7\x00\x3c\x00\x3d\xc0\x1e\x00\x03\xf0\x07\x00'\
    b'\x00\xfc\x03\x80\x00\x1f\x00\xe0\x00\x03\xc0\x70\x00\x00\xf0\x1c'\
    b'\x00\x00\x3c\x07\x00\x00\x07\x01\xc0\x00\x01\xc0\x70\x00\x00\x70'\
    b'\x1c\x00\x00\x1c\x07\x00\x00\x07\x01\xc0\x00\x03\x80\x70\x00\x00'\
    b'\xe0\x0e\x00\x00\x38\x03\x80\x00\x1c\x00\x70\x00\x0f\x00\x1e\x00'\
    b'\x07\x80\x03\xc0\x03\xc0\x00\x7c\x03\xf0\x00\x0f\xff\xf0\x00\x00'\
    b'\xff\xf8\x00\x00\x0f\xf0\x00\x00\x00\x00\x00\x00\x00\x00\x00\x00'\
    b'\x00\x00\x00\x00\x00\x00\x00\x00\x00\x00\x00\x00\x00\x00\x00\x00'\
    b'\x00\x00\x00\x00\x00\x00\x00\x00\x00\x00\x00\x00\x00\x00\x00\x00'\
    b'\x00\x00\x00\x00\x00\x00\x00\x00\x00\x00\x00\x00\x00\x00\x00\x00'\
    b'\x00\x00\x00\x00\x00\x00\x00\x00\x00\x00\x00\x00\x00\x00\x00\x00'\
    b'\x00\x00\x00\x00\x00\x00\x00\x00\x00\x00\x00\x00\x00\x00\x00\x00'\
    b'\x00\x00\x00\x00\x00\x00\x00\x00\x00\x00\x00\x00\x00\x00\x00\x00'\
    b'\x00\x00\x00\x00\x00\x00\x00\x00\x00\x00\x00\x00\x00\x00\x00\x00'\
    b'\x00\x00\x00\x00\x00\x00\x00\x00\x00\x00\x00\x00\x00\x00\x0f\xe0'\
    b'\x00\x03\xff\xc0\x00\x3f\xff\x80\x03\xe0\x3e\x00\x3c\x00\x78\x03'\
    b'\xc0\x01\xc0\x3c\x00\x07\x01\xc0\x00\x38\x0e\x00\x00\xe0\xe0\x00'\
    b'\x07\x07\x00\x00\x38\x38\x00\x01\xc1\xff\xff\xfe\x0f\xff\xff\xf0'\
    b'\x7f\xff\xff\x83\x80\x00\x00\x1c\x00\x00\x00\xe0\x00\x00\x03\x80'\
    b'\x00\x00\x1c\x00\x00\x00\x70\x00\x00\x03\xc0\x00\x00\x0f\x00\x0e'\
    b'\x00\x3e\x01\xf0\x00\xff\xff\x00\x01\xff\xe0\x00\x03\xf8\x00\x00'\
    b'\x00\x00\x00\x00\x00\x00\x00\x00\x00\x00\x00\x00\x00\x00\x00\x00'\
    b'\x00\x00\x00\x00\x00\x00\x00\x00\x00\x00\x00\x00\x00\x00\x00\x00'\
    b'\x00\x00\x00\x00\x00\x00\x00\x00\x00\x00\x00\x00\x00\x00\x00\x00'\
    b'\x00\x00\x00\x00\x00\x00\x00\x00\x00\x00\x00\x00\x00\x00\x00\x00'\
    b'\x00\x00\x00\x00\x00\x07\x80\x07\xf0\x07\xf8\x01\xe0\x00\xe0\x00'\
    b'\x78\x00\x1c\x00\x07\x00\x01\xc0\x00\x70\x00\x38\x00\x0e\x00\x3f'\
    b'\xff\x1f\xff\xe3\xff\xf8\x0e\x00\x03\x80\x00\xe0\x00\x38\x00\x0e'\
    b'\x00\x03\x80\x00\xe0\x00\x38\x00\x0e\x00\x03\x80\x00\xe0\x00\x38'\
    b'\x00\x0e\x00\x03\x80\x00\xe0\x00\x38\x00\x0e\x00\x03\x80\x00\xe0'\
    b'\x00\x38\x00\x0e\x00\x03\x80\x00\x60\x00\x00\x00\x00\x00\x00\x00'\
    b'\x00\x00\x00\x00\x00\x00\x00\x00\x00\x00\x00\x00\x00\x00\x00\x00'\
    b'\x00\x00\x00\x00\x00\x00\x00\x00\x00\x00\x00\x00\x00\x00\x00\x00'\
    b'\x00\x00\x00\x00\x00\x00\x00\x00\x00\x00\x00\x00\x00\x00\x00\x00'\
    b'\x00\x00\x00\x00\x00\x00\x00\x00\x00\x00\x00\x00\x00\x00\x00\x00'\
    b'\x00\x00\x00\x00\x00\x00\x00\x00\x00\x00\x00\x00\x00\x00\x00\x00'\
    b'\x00\x00\x00\x00\x00\x00\x00\x00\x00\x00\x00\x00\x00\x00\x00\x00'\
    b'\x00\x00\x00\x00\x00\x00\x00\x00\x00\x00\x00\x00\x00\x00\x00\x00'\
    b'\x00\x00\x00\x00\x00\x00\x01\xfc\x00\x00\x07\xff\xc0\x00\x0f\xff'\
    b'\xf0\x00\x0f\x80\x7e\x00\x0f\x00\x0f\x80\x0f\x00\x01\xc0\x07\x00'\
    b'\x00\xf0\x07\x00\x00\x38\x03\x80\x00\x0e\x03\x80\x00\x07\x01\xc0'\
    b'\x00\x03\x80\xe0\x00\x00\xe0\x70\x00\x00\x70\x38\x00\x00\x38\x1c'\
    b'\x00\x00\x1c\x0e\x00\x00\x0e\x07\x00\x00\x0f\x03\x80\x00\x07\x80'\
    b'\xe0\x00\x03\xc0\x70\x00\x03\xe0\x1c\x00\x01\xf0\x0f\x00\x01\xb8'\
    b'\x03\xc0\x03\xdc\x00\xf8\x07\xce\x00\x3f\xff\xc7\x00\x07\xff\x83'\
    b'\x80\x00\xff\x03\x80\x00\x00\x01\xc0\x00\x00\x00\xe0\x0c\x00\x00'\
    b'\xe0\x07\x00\x00\xf0\x03\xc0\x00\xf0\x00\xf0\x00\xf0\x00\x3e\x01'\
    b'\xf0\x00\x0f\xff\xf0\x00\x01\xff\xf0\x00\x00\x3f\xc0\x00\x00\x00'\
    b'\x00\x00\x00\x00\x00\x00\x00\x00\x00\x00\x00\x00\x00\x00\x00\x00'\
    b'\x00\x00\x00\x00\x00\x00\x00\x00\x00\x00\x00\x00\x00\x00\x00\x00'\
    b'\x00\x00\x00\x00\x00\x00\x00\x00\x00\x00\x00\x00\x00\x00\x00\x00'\
    b'\x00\x00\x00\x00\x00\x00\x06\x00\x00\x00\x0e\x00\x00\x00\x0e\x00'\
    b'\x00\x00\x0e\x00\x00\x00\x0e\x00\x00\x00\x0e\x00\x00\x00\x0e\x00'\
    b'\x00\x00\x0e\x00\x00\x00\x0e\x00\x00\x00\x0e\x00\x00\x00\x0e\x00'\
    b'\x00\x00\x0e\x07\xf0\x00\x0e\x3f\xfe\x00\x0e\x7f\xff\x00\x0e\xf0'\
    b'\x0f\x80\x0f\xc0\x03\xc0\x0f\x80\x01\xe0\x0f\x00\x00\xe0\x0f\x00'\
    b'\x00\x70\x0e\x00\x00\x70\x0e\x00\x00\x70\x0e\x00\x00\x70\x0e\x00'\
    b'\x00\x30\x0e\x00\x00\x30\x0e\x00\x00\x30\x0e\x00\x00\x30\x0e\x00'\
    b'\x00\x30\x0e\x00\x00\x30\x0e\x00\x00\x30\x0e\x00\x00\x30\x0e\x00'\
    b'\x00\x30\x0e\x00\x00\x30\x0e\x00\x00\x30\x0e\x00\x00\x30\x0e\x00'\
    b'\x00\x30\x0e\x00\x00\x30\x0e\x00\x00\x30\x06\x00\x00\x30\x00\x00'\
    b'\x00\x00\x00\x00\x00\x00\x00\x00\x00\x00\x00\x00\x00\x00\x00\x00'\
    b'\x00\x00\x00\x00\x00\x00\x00\x00\x00\x00\x00\x00\x00\x00\x00\x00'\
    b'\x00\x00\x00\x00\x00\x00\x00\x00\x00\x00\x00\x00\x00\x00\x00\x00'\
    b'\x00\x00\x00\x00\x00\x00\x00\x00\x00\x00\x00\x00\x00\x00\x00\x00'\
    b'\x00\x1c\x00\xf0\x0f\x80\x3c\x01\xc0\x00\x00\x00\x00\x00\x00\x00'\
    b'\x00\x03\x00\x38\x01\xc0\x0e\x00\x70\x03\x80\x1c\x00\xe0\x07\x00'\
    b'\x38\x01\xc0\x0e\x00\x70\x03\x80\x1c\x00\xe0\x07\x00\x38\x01\xc0'\
    b'\x0e\x00\x70\x03\x80\x1c\x00\xe0\x07\x00\x38\x00\xc0\x00\x00\x00'\
    b'\x00\x00\x00\x00\x00\x00\x00\x00\x00\x00\x00\x00\x00\x00\x00\x00'\
    b'\x00\x00\x00\x00\x00\x00\x00\x00\x00\x00\x00\x00\x00\x00\x00\x00'\
    b'\x00\x00\x00\x00\x00\x00\x00\x00\x00\x00\x00\x00\x00\x00\x00\x1c'\
    b'\x00\x07\x80\x01\xe0\x00\x78\x00\x1c\x00\x00\x00\x00\x00\x00\x00'\
    b'\x00\x00\x00\x00\x00\x00\xc0\x00\x70\x00\x1c\x00\x07\x00\x01\xc0'\
    b'\x00\x70\x00\x1c\x00\x07\x00\x01\xc0\x00\x70\x00\x1c\x00\x07\x00'\
    b'\x01\xc0\x00\x70\x00\x1c\x00\x07\x00\x01\xc0\x00\x70\x00\x1c\x00'\
    b'\x07\x00\x01\xc0\x00\x70\x00\x1c\x00\x07\x00\x01\xc0\x00\x70\x00'\
    b'\x1c\x00\x07\x00\x01\xc0\x00\x70\x00\x1c\x00\x0e\x00\x07\x80\x03'\
    b'\xc0\x01\xe0\x07\xf0\x03\xf8\x00\xf8\x00\x00\x00\x00\x00\x00\x00'\
    b'\x00\x00\x00\x00\x00\x00\x00\x00\x00\x00\x00\x00\x00\x00\x00\x00'\
    b'\x00\x00\x00\x00\x00\x00\x00\x00\x00\x00\x00\x00\x00\x00\x00\x00'\
    b'\x00\x00\x00\x00\x00\x00\x00\x00\x18\x00\x00\x03\x80\x00\x00\x38'\
    b'\x00\x00\x03\x80\x00\x00\x38\x00\x00\x03\x80\x00\x00\x38\x00\x00'\
    b'\x03\x80\x00\x00\x38\x00\x00\x03\x80\x00\x00\x38\x00\x00\x03\x80'\
    b'\x00\xc0\x38\x00\x1c\x03\x80\x03\xc0\x38\x00\x78\x03\x80\x0f\x00'\
    b'\x38\x01\xe0\x03\x80\x38\x00\x38\x0f\x00\x03\x81\xe0\x00\x38\x3c'\
    b'\x00\x03\x87\x80\x00\x38\xf0\x00\x03\x9f\x00\x00\x3b\xf8\x00\x03'\
    b'\xfb\xc0\x00\x3f\x1e\x00\x03\xe0\xe0\x00\x3c\x07\x00\x03\x80\x38'\
    b'\x00\x38\x03\xc0\x03\x80\x1e\x00\x38\x00\xe0\x03\x80\x07\x00\x38'\
    b'\x00\x38\x03\x80\x03\xc0\x38\x00\x1c\x01\x80\x00\xc0\x00\x00\x00'\
    b'\x00\x00\x00\x00\x00\x00\x00\x00\x00\x00\x00\x00\x00\x00\x00\x00'\
    b'\x00\x00\x00\x00\x00\x00\x00\x00\x00\x00\x00\x00\x00\x00\x00\x00'\
    b'\x00\x00\x00\x00\x00\x00\x00\x00\x00\x00\x00\x00\x00\x00\x00\x00'\
    b'\x00\x00\x00\x00\x00\x00\x00\x00\x01\x80\x1c\x00\xe0\x07\x00\x38'\
    b'\x01\xc0\x0e\x00\x70\x03\x80\x1c\x00\xe0\x07\x00\x38\x01\xc0\x0e'\
    b'\x00\x70\x03\x80\x1c\x00\xe0\x07\x00\x38\x01\xc0\x0e\x00\x70\x03'\
    b'\x80\x1c\x00\xe0\x07\x00\x38\x01\xc0\x0e\x00\x70\x01\xc0\x0e\x00'\
    b'\x78\x01\xf8\x07\xe0\x1f\x00\x00\x00\x00\x00\x00\x00\x00\x00\x00'\
    b'\x00\x00\x00\x00\x00\x00\x00\x00\x00\x00\x00\x00\x00\x00\x00\x00'\
    b'\x00\x00\x00\x00\x00\x00\x00\x00\x00\x00\x00\x00\x00\x00\x00\x00'\
    b'\x00\x00\x00\x00\x00\x00\x00\x00\x00\x00\x00\x00\x00\x00\x00\x00'\
    b'\x00\x00\x00\x00\x00\x00\x00\x00\x00\x00\x00\x00\x00\x00\x00\x00'\
    b'\x00\x00\x00\x00\x00\x00\x00\x00\x00\x00\x00\x00\x00\x00\x00\x00'\
    b'\x00\x00\x00\x00\x00\x00\x00\x00\x00\x00\x00\x00\x00\x00\x00\x00'\
    b'\x00\x00\x00\x00\x00\x00\x00\x00\x00\x00\x00\x00\x00\x00\x00\x00'\
    b'\x00\x00\x00\x00\x00\x00\x00\x00\x00\x00\x00\x00\x00\x00\x00\x00'\
    b'\x00\x00\x00\x00\x00\x00\x00\x00\x00\x00\x00\x00\x00\x00\x00\x00'\
    b'\x00\x00\x06\x0f\xc0\x07\xe0\x00\x38\xff\xc0\x7f\xe0\x00\xef\xff'\
    b'\x87\xff\xc0\x03\xf8\x0f\x3e\x07\x80\x0f\xc0\x1e\xe0\x0f\x00\x3e'\
    b'\x00\x3f\x00\x1e\x00\xf0\x00\x7c\x00\x38\x03\xc0\x01\xe0\x00\xe0'\
    b'\x0e\x00\x07\x80\x01\xc0\x38\x00\x0e\x00\x07\x00\xe0\x00\x38\x00'\
    b'\x1c\x03\x80\x00\xe0\x00\x70\x0e\x00\x03\x80\x01\xc0\x38\x00\x0e'\
    b'\x00\x07\x00\xe0\x00\x38\x00\x1c\x03\x80\x00\xe0\x00\x70\x0e\x00'\
    b'\x03\x80\x01\xc0\x38\x00\x0e\x00\x07\x00\xe0\x00\x38\x00\x1c\x03'\
    b'\x80\x00\xe0\x00\x70\x0e\x00\x03\x80\x01\xc0\x38\x00\x0e\x00\x07'\
    b'\x00\xe0\x00\x38\x00\x1c\x03\x80\x00\xe0\x00\x70\x0e\x00\x03\x80'\
    b'\x01\xc0\x38\x00\x0e\x00\x07\x00\x60\x00\x30\x00\x1c\x00\x00\x00'\
    b'\x00\x00\x00\x00\x00\x00\x00\x00\x00\x00\x00\x00\x00\x00\x00\x00'\
    b'\x00\x00\x00\x00\x00\x00\x00\x00\x00\x00\x00\x00\x00\x00\x00\x00'\
    b'\x00\x00\x00\x00\x00\x00\x00\x00\x00\x00\x00\x00\x00\x00\x00\x00'\
    b'\x00\x00\x00\x00\x00\x00\x00\x00\x00\x00\x00\x00\x00\x00\x00\x00'\
    b'\x00\x00\x00\x00\x00\x00\x00\x00\x00\x00\x00\x00\x00\x00\x00\x00'\
    b'\x00\x00\x00\x00\x00\x00\x00\x00\x00\x00\x00\x00\x00\x00\x00\x00'\
    b'\x00\x00\x00\x00\x00\x00\x00\x00\x00\x00\x00\x00\x00\x00\x00\x00'\
    b'\x00\x00\x00\x00\x00\x00\x00\x00\x00\x00\x00\x00\x00\x00\x00\x00'\
    b'\x00\x00\x00\x00\x00\x00\x00\x00\x00\x00\x00\x00\x00\x00\x00\x00'\
    b'\x00\x00\x00\x00\x00\x00\x00\x00\x00\x00\x00\x00\x00\x60\x7f\x00'\
    b'\x00\xe3\xff\xe0\x00\xe7\xff\xf0\x00\xef\x00\xf8\x00\xfc\x00\x3c'\
    b'\x00\xf8\x00\x1e\x00\xf0\x00\x0e\x00\xf0\x00\x07\x00\xe0\x00\x07'\
    b'\x00\xe0\x00\x07\x00\xe0\x00\x07\x00\xe0\x00\x03\x00\xe0\x00\x03'\
    b'\x00\xe0\x00\x03\x00\xe0\x00\x03\x00\xe0\x00\x03\x00\xe0\x00\x03'\
    b'\x00\xe0\x00\x03\x00\xe0\x00\x03\x00\xe0\x00\x03\x00\xe0\x00\x03'\
    b'\x00\xe0\x00\x03\x00\xe0\x00\x03\x00\xe0\x00\x03\x00\xe0\x00\x03'\
    b'\x00\xe0\x00\x03\x00\x60\x00\x03\x00\x00\x00\x00\x00\x00\x00\x00'\
    b'\x00\x00\x00\x00\x00\x00\x00\x00\x00\x00\x00\x00\x00\x00\x00\x00'\
    b'\x00\x00\x00\x00\x00\x00\x00\x00\x00\x00\x00\x00\x00\x00\x00\x00'\
    b'\x00\x00\x00\x00\x00\x00\x00\x00\x00\x00\x00\x00\x00\x00\x00\x00'\
    b'\x00\x00\x00\x00\x00\x00\x00\x00\x00\x00\x00\x00\x00\x00\x00\x00'\
    b'\x00\x00\x00\x00\x00\x00\x00\x00\x00\x00\x00\x00\x00\x00\x00\x00'\
    b'\x00\x00\x00\x00\x00\x00\x00\x00\x00\x00\x00\x00\x00\x00\x00\x00'\
    b'\x00\x00\x00\x00\x00\x00\x00\x00\x00\x00\x00\x00\x00\x00\x00\x00'\
    b'\x00\x00\x00\x00\x00\x00\x00\x00\x00\x00\x00\x00\x00\x00\x00\x00'\
    b'\x00\x00\x00\x00\x00\x00\x00\x00\x00\x7f\x00\x00\x01\xff\xf0\x00'\
    b'\x03\xff\xfc\x00\x03\xe0\x1f\x00\x03\xc0\x03\xc0\x03\xc0\x00\xf0'\
    b'\x01\xc0\x00\x3c\x01\xc0\x00\x0e\x00\xe0\x00\x03\x80\xf0\x00\x01'\
    b'\xc0\x70\x00\x00\xe0\x38\x00\x00\x38\x1c\x00\x00\x1c\x0e\x00\x00'\
    b'\x0e\x07\x00\x00\x07\x03\x80\x00\x03\x81\xc0\x00\x03\x80\xe0\x00'\
    b'\x01\xc0\x38\x00\x00\xe0\x1c\x00\x00\xe0\x07\x00\x00\xf0\x03\xc0'\
    b'\x00\x70\x00\xf0\x00\xf0\x00\x3e\x01\xf0\x00\x0f\xff\xf0\x00\x01'\
    b'\xff\xf0\x00\x00\x3f\xc0\x00\x00\x00\x00\x00\x00\x00\x00\x00\x00'\
    b'\x00\x00\x00\x00\x00\x00\x00\x00\x00\x00\x00\x00\x00\x00\x00\x00'\
    b'\x00\x00\x00\x00\x00\x00\x00\x00\x00\x00\x00\x00\x00\x00\x00\x00'\
    b'\x00\x00\x00\x00\x00\x00\x00\x00\x00\x00\x00\x00\x00\x00\x00\x00'\
    b'\x00\x00\x00\x00\x00\x00\x00\x00\x00\x00\x00\x00\x00\x00\x00\x00'\
    b'\x00\x00\x00\x00\x00\x00\x00\x00\x00\x00\x00\x00\x00\x00\x00\x00'\
    b'\x00\x00\x00\x00\x00\x00\x00\x00\x00\x00\x00\x00\x00\x00\x00\x00'\
    b'\x00\x00\x00\x00\x00\x00\x00\x00\x00\x00\x00\x00\x00\x00\x00\x00'\
    b'\x00\x00\x00\x00\x00\x00\x00\x00\x00\x00\x00\x00\x00\x00\x00\x00'\
    b'\x00\x00\x00\x00\x00\x00\x00\x00\x00\x00\x00\x00\xff\x00\x00\x01'\
    b'\xff\xf0\x00\x00\xff\xff\x00\x00\xfc\x03\xe0\x00\x3c\x00\x3c\x00'\
    b'\x1e\x00\x07\x80\x0f\x00\x00\xe0\x03\x80\x00\x1c\x01\xc0\x00\x07'\
    b'\x00\x70\x00\x00\xe0\x1c\x00\x00\x38\x0e\x00\x00\x0e\x03\x80\x00'\
    b'\x03\x80\xe0\x00\x00\xe0\x38\x00\x00\x38\x0e\x00\x00\x0e\x03\xc0'\
    b'\x00\x03\x80\xf0\x00\x00\xe0\x3c\x00\x00\x70\x0f\x80\x00\x1c\x03'\
    b'\xf0\x00\x0e\x00\xfe\x00\x07\x80\x3b\xc0\x03\xc0\x0e\x7c\x03\xe0'\
    b'\x03\x8f\xff\xf0\x00\xe1\xff\xf0\x00\x38\x0f\xe0\x00\x0e\x00\x00'\
    b'\x00\x03\x80\x00\x00\x00\xe0\x00\x00\x00\x38\x00\x00\x00\x0e\x00'\
    b'\x00\x00\x03\x80\x00\x00\x00\xe0\x00\x00\x00\x38\x00\x00\x00\x0e'\
    b'\x00\x00\x00\x03\x80\x00\x00\x00\x60\x00\x00\x00\x00\x00\x00\x00'\
    b'\x00\x00\x00\x00\x00\x00\x00\x00\x00\x00\x00\x00\x00\x00\x00\x00'\
    b'\x00\x00\x00\x00\x00\x00\x00\x00\x00\x00\x00\x00\x00\x00\x00\x00'\
    b'\x00\x00\x00\x00\x00\x00\x00\x00\x00\x00\x00\x00\x00\x00\x00\x00'\
    b'\x00\x00\x00\x00\x00\x00\x00\x00\x00\x00\x00\x00\x00\x00\x00\x00'\
    b'\x00\x00\x00\x00\x00\x00\x00\x00\x00\x00\x00\x00\x00\x00\x00\x00'\
    b'\x00\x00\x00\x00\x00\x00\x00\x00\x00\x00\x00\x00\x00\x00\x00\x00'\
    b'\x00\x00\x00\x1f\xc0\x00\x00\x3f\xfe\x00\x00\x3f\xff\xc0\x00\x1f'\
    b'\x00\xfc\x00\x0f\x00\x0f\x00\x07\x80\x01\xe0\x01\xc0\x00\x3c\x00'\
    b'\xe0\x00\x07\x00\x38\x00\x00\xe0\x1e\x00\x00\x38\x07\x00\x00\x0e'\
    b'\x01\xc0\x00\x01\xc0\x70\x00\x00\x70\x1c\x00\x00\x1c\x07\x00\x00'\
    b'\x07\x01\xc0\x00\x01\xc0\x70\x00\x00\xf0\x1c\x00\x00\x3c\x03\x80'\
    b'\x00\x0f\x00\xe0\x00\x07\xc0\x1c\x00\x03\xf0\x07\x80\x00\xfc\x00'\
    b'\xf0\x00\xf7\x00\x1f\x00\xf9\xc0\x03\xff\xfc\x70\x00\x3f\xfe\x1c'\
    b'\x00\x03\xfc\x07\x00\x00\x00\x01\xc0\x00\x00\x00\x70\x00\x00\x00'\
    b'\x1c\x00\x00\x00\x07\x00\x00\x00\x01\xc0\x00\x00\x00\x70\x00\x00'\
    b'\x00\x1c\x00\x00\x00\x07\x00\x00\x00\x01\xc0\x00\x00\x00\x70\x00'\
    b'\x00\x00\x18\x00\x00\x00\x00\x00\x00\x00\x00\x00\x00\x00\x00\x00'\
    b'\x00\x00\x00\x00\x00\x00\x00\x00\x00\x00\x00\x00\x00\x00\x00\x00'\
    b'\x00\x00\x00\x00\x00\x00\x00\x00\x00\x00\x00\x00\x00\x00\x00\x00'\
    b'\x00\x00\x00\x00\x00\x00\x00\x00\x00\x00\x00\x00\x00\x00\x00\x00'\
    b'\x00\x00\x01\x83\xf8\x1c\x7f\xc0\xe7\xfe\x07\x78\x00\x3f\x00\x01'\
    b'\xf0\x00\x0f\x00\x00\x78\x00\x03\x80\x00\x1c\x00\x00\xe0\x00\x07'\
    b'\x00\x00\x38\x00\x01\xc0\x00\x0e\x00\x00\x70\x00\x03\x80\x00\x1c'\
    b'\x00\x00\xe0\x00\x07\x00\x00\x38\x00\x01\xc0\x00\x0e\x00\x00\x70'\
    b'\x00\x03\x80\x00\x1c\x00\x00\x60\x00\x00\x00\x00\x00\x00\x00\x00'\
    b'\x00\x00\x00\x00\x00\x00\x00\x00\x00\x00\x00\x00\x00\x00\x00\x00'\
    b'\x00\x00\x00\x00\x00\x00\x00\x00\x00\x00\x00\x00\x00\x00\x00\x00'\
    b'\x00\x00\x00\x00\x00\x00\x00\x00\x00\x00\x00\x00\x00\x00\x00\x00'\
    b'\x00\x00\x00\x00\x00\x00\x00\x00\x00\x00\x00\x00\x00\x00\x00\x00'\
    b'\x00\x00\x00\x00\x00\x00\x00\x00\x00\x00\x00\x00\x00\x00\x00\x00'\
    b'\x00\x00\x00\x00\x00\x00\x00\x00\x00\x00\x00\x00\x00\x00\x00\x00'\
    b'\x00\x00\x00\x00\x00\x3f\x80\x00\x7f\xf8\x00\x3f\xff\x80\x1e\x01'\
    b'\xf0\x07\x00\x1e\x03\x80\x03\x80\xe0\x00\x40\x38\x00\x00\x0e\x00'\
    b'\x00\x03\xc0\x00\x00\x78\x00\x00\x0f\xc0\x00\x01\xff\x80\x00\x1f'\
    b'\xf8\x00\x00\x7f\x80\x00\x01\xf0\x00\x00\x1e\x00\x00\x03\x80\x00'\
    b'\x00\x60\x00\x00\x1c\x00\x00\x07\x07\x00\x03\x81\xe0\x01\xe0\x3e'\
    b'\x00\xf0\x07\xff\xf8\x00\x7f\xfc\x00\x07\xf8\x00\x00\x00\x00\x00'\
    b'\x00\x00\x00\x00\x00\x00\x00\x00\x00\x00\x00\x00\x00\x00\x00\x00'\
    b'\x00\x00\x00\x00\x00\x00\x00\x00\x00\x00\x00\x00\x00\x00\x00\x00'\
    b'\x00\x00\x00\x00\x00\x00\x00\x00\x00\x00\x00\x00\x00\x00\x00\x00'\
    b'\x00\x00\x00\x00\x00\x00\x00\x00\x00\x00\x00\x00\x00\x00\x00\x00'\
    b'\x00\x00\x00\x00\x00\x00\x38\x00\x07\x00\x00\xe0\x00\x1c\x00\x03'\
    b'\x80\x00\x70\x00\x0e\x00\x01\xc0\x00\x38\x00\x7f\xfe\x1f\xff\xe3'\
    b'\xff\xf8\x03\x80\x00\x70\x00\x0e\x00\x01\xc0\x00\x38\x00\x07\x00'\
    b'\x00\xe0\x00\x1c\x00\x03\x80\x00\x70\x00\x0e\x00\x01\xc0\x00\x38'\
    b'\x00\x07\x00\x00\xe0\x00\x1c\x00\x03\x80\x00\x38\x00\x07\x80\x00'\
    b'\x78\x00\x07\xf8\x00\x7f\x80\x03\xe0\x00\x00\x00\x00\x00\x00\x00'\
    b'\x00\x00\x00\x00\x00\x00\x00\x00\x00\x00\x00\x00\x00\x00\x00\x00'\
    b'\x00\x00\x00\x00\x00\x00\x00\x00\x00\x00\x00\x00\x00\x00\x00\x00'\
    b'\x00\x00\x00\x00\x00\x00\x00\x00\x00\x00\x00\x00\x00\x00\x00\x00'\
    b'\x00\x00\x00\x00\x00\x00\x00\x00\x00\x00\x00\x00\x00\x00\x00\x00'\
    b'\x00\x00\x00\x00\x00\x00\x00\x00\x00\x00\x00\x00\x00\x00\x00\x00'\
    b'\x00\x00\x00\x00\x00\x00\x00\x00\x00\x00\x00\x00\x00\x00\x00\x00'\
    b'\x00\x00\x00\x00\x00\x00\x00\x00\x00\x00\x00\x00\x00\x00\x00\x00'\
    b'\x00\x00\x00\x30\x00\x01\xc0\x38\x00\x01\xc0\x38\x00\x01\xc0\x38'\
    b'\x00\x01\xc0\x38\x00\x01\xc0\x38\x00\x01\xc0\x38\x00\x01\xc0\x38'\
    b'\x00\x01\xc0\x38\x00\x01\xc0\x38\x00\x01\xc0\x38\x00\x01\xc0\x38'\
    b'\x00\x01\xc0\x38\x00\x01\xc0\x38\x00\x01\xc0\x38\x00\x01\xc0\x38'\
    b'\x00\x01\xc0\x38\x00\x01\xc0\x38\x00\x01\xc0\x38\x00\x01\xc0\x1c'\
    b'\x00\x03\xc0\x1c\x00\x03\xc0\x0e\x00\x07\xc0\x0f\x00\x0f\xc0\x07'\
    b'\xc0\x3f\xc0\x03\xff\xf9\xc0\x00\xff\xf1\xc0\x00\x3f\x81\xc0\x00'\
    b'\x00\x00\x00\x00\x00\x00\x00\x00\x00\x00\x00\x00\x00\x00\x00\x00'\
    b'\x00\x00\x00\x00\x00\x00\x00\x00\x00\x00\x00\x00\x00\x00\x00\x00'\
    b'\x00\x00\x00\x00\x00\x00\x00\x00\x00\x00\x00\x00\x00\x00\x00\x00'\
    b'\x00\x00\x00\x00\x00\x00\x00\x00\x00\x00\x00\x00\x00\x00\x00\x00'\
    b'\x00\x00\x00\x00\x00\x00\x00\x00\x00\x00\x00\x00\x00\x00\x00\x00'\
    b'\x00\x00\x00\x00\x00\x00\x00\x00\x00\x00\x00\x00\x00\x00\x00\x00'\
    b'\x00\x00\x00\x00\x00\x00\x00\x00\x00\x00\x00\x00\x00\x00\x00\x00'\
    b'\x00\x00\x00\x00\x00\x00\x00\x00\x00\x00\x00\x01\x80\x00\x06\x38'\
    b'\x00\x00\xe7\x00\x00\x3c\x70\x00\x07\x0e\x00\x01\xe0\xe0\x00\x38'\
    b'\x1c\x00\x07\x01\xc0\x01\xc0\x38\x00\x38\x07\x00\x0e\x00\x70\x01'\
    b'\xc0\x0e\x00\x70\x00\xe0\x0e\x00\x1c\x03\xc0\x01\xc0\x70\x00\x38'\
    b'\x0e\x00\x03\x83\x80\x00\x70\x70\x00\x06\x1c\x00\x00\xe3\x80\x00'\
    b'\x1c\xe0\x00\x01\xdc\x00\x00\x3f\x00\x00\x03\xe0\x00\x00\x7c\x00'\
    b'\x00\x07\x00\x00\x00\xe0\x00\x00\x00\x00\x00\x00\x00\x00\x00\x00'\
    b'\x00\x00\x00\x00\x00\x00\x00\x00\x00\x00\x00\x00\x00\x00\x00\x00'\
    b'\x00\x00\x00\x00\x00\x00\x00\x00\x00\x00\x00\x00\x00\x00\x00\x00'\
    b'\x00\x00\x00\x00\x00\x00\x00\x00\x00\x00\x00\x00\x00\x00\x00\x00'\
    b'\x00\x00\x00\x00\x00\x00\x00\x00\x00\x00\x00\x00\x00\x00\x00\x00'\
    b'\x00\x00\x00\x00\x00\x00\x00\x00\x00\x00\x00\x00\x00\x00\x00\x00'\
    b'\x00\x00\x00\x00\x00\x00\x00\x00\x00\x00\x00\x00\x00\x00\x00\x00'\
    b'\x00\x00\x00\x00\x00\x00\x00\x00\x00\x00\x00\x00\x00\x00\x00\x00'\
    b'\x00\x00\x00\x00\x00\x00\x00\x00\x00\x00\x00\x00\x00\x00\x00\x00'\
    b'\x00\x00\x00\x00\x00\x00\x00\x00\x60\x00\x60\x00\x67\x00\x0e\x00'\
    b'\x0e\x70\x00\xf0\x00\xe3\x00\x0f\x00\x0e\x38\x01\xf0\x01\xc3\x80'\
    b'\x1f\x80\x1c\x38\x01\xf8\x01\xc1\xc0\x19\x80\x38\x1c\x03\x9c\x03'\
    b'\x81\xc0\x39\xc0\x38\x0e\x03\x1c\x07\x00\xe0\x70\xe0\x70\x0e\x07'\
    b'\x0e\x07\x00\x70\x60\xe0\xe0\x07\x0e\x06\x0e\x00\x70\xe0\x70\xe0'\
    b'\x03\x8c\x07\x1c\x00\x38\xc0\x31\xc0\x03\x9c\x03\x9c\x00\x19\xc0'\
    b'\x3b\x80\x01\xd8\x01\xb8\x00\x1f\x80\x1f\x80\x00\xf8\x01\xf0\x00'\
    b'\x0f\x00\x0f\x00\x00\xf0\x00\xf0\x00\x07\x00\x0e\x00\x00\x60\x00'\
    b'\x60\x00\x00\x00\x00\x00\x00\x00\x00\x00\x00\x00\x00\x00\x00\x00'\
    b'\x00\x00\x00\x00\x00\x00\x00\x00\x00\x00\x00\x00\x00\x00\x00\x00'\
    b'\x00\x00\x00\x00\x00\x00\x00\x00\x00\x00\x00\x00\x00\x00\x00\x00'\
    b'\x00\x00\x00\x00\x00\x00\x00\x00\x00\x00\x00\x00\x00\x00\x00\x00'\
    b'\x00\x00\x00\x00\x00\x00\x00\x00\x00\x00\x00\x00\x00\x00\x00\x00'\
    b'\x00\x00\x00\x00\x00\x00\x00\x00\x00\x00\x00\x00\x00\x00\x00\x00'\
    b'\x00\x00\x00\x00\x00\x00\x00\x00\x00\x00\x00\x00\x00\x00\x00\x00'\
    b'\x00\x00\x00\x00\x00\x00\x00\x00\x00\x00\x00\x00\x00\x00\x00\x00'\
    b'\x00\x18\x00\x06\x07\x00\x03\xc1\xe0\x00\xe0\x38\x00\x78\x07\x00'\
    b'\x3c\x01\xe0\x1e\x00\x3c\x07\x00\x07\x03\x80\x01\xe1\xe0\x00\x3c'\
    b'\xf0\x00\x07\x78\x00\x00\xfc\x00\x00\x3e\x00\x00\x07\x80\x00\x03'\
    b'\xf0\x00\x01\xfe\x00\x00\xf3\x80\x00\x38\x70\x00\x1c\x1e\x00\x0f'\
    b'\x03\xc0\x07\x80\x70\x03\xc0\x0e\x00\xe0\x03\xc0\x70\x00\x78\x3c'\
    b'\x00\x0e\x0e\x00\x03\xc3\x00\x00\x70\x00\x00\x00\x00\x00\x00\x00'\
    b'\x00\x00\x00\x00\x00\x00\x00\x00\x00\x00\x00\x00\x00\x00\x00\x00'\
    b'\x00\x00\x00\x00\x00\x00\x00\x00\x00\x00\x00\x00\x00\x00\x00\x00'\
    b'\x00\x00\x00\x00\x00\x00\x00\x00\x00\x00\x00\x00\x00\x00\x00\x00'\
    b'\x00\x00\x00\x00\x00\x00\x00\x00\x00\x00\x00\x00\x00\x00\x00\x00'\
    b'\x00\x00\x00\x00\x00\x00\x00\x00\x00\x00\x00\x00\x00\x00\x00\x00'\
    b'\x00\x00\x00\x00\x00\x00\x00\x00\x00\x00\x00\x00\x00\x00\x00\x00'\
    b'\x00\x00\x00\x00\x00\x00\x00\x00\x00\x00\x00\x00\x00\x03\x00\x00'\
    b'\x0c\xe0\x00\x03\x8e\x00\x00\x71\xc0\x00\x1c\x3c\x00\x03\x83\x80'\
    b'\x00\xe0\x70\x00\x1c\x07\x00\x07\x00\xe0\x00\xe0\x0e\x00\x3c\x01'\
    b'\xc0\x07\x00\x1c\x00\xe0\x03\x80\x38\x00\x38\x07\x00\x07\x01\xc0'\
    b'\x00\xe0\x38\x00\x0e\x0e\x00\x01\xc1\xc0\x00\x1c\x70\x00\x03\x8e'\
    b'\x00\x00\x3b\x80\x00\x07\x70\x00\x00\x7e\x00\x00\x0f\x80\x00\x00'\
    b'\xf0\x00\x00\x1c\x00\x00\x03\x80\x00\x00\xe0\x00\x00\x1c\x00\x00'\
    b'\x07\x00\x00\x00\xe0\x00\x00\x38\x00\x00\x07\x00\x00\x01\xc0\x00'\
    b'\x00\x38\x00\x00\x07\x00\x00\x01\xc0\x00\x00\x38\x00\x00\x00\x00'\
    b'\x00\x00\x00\x00\x00\x00\x00\x00\x00\x00\x00\x00\x00\x00\x00\x00'\
    b'\x00\x00\x00\x00\x00\x00\x00\x00\x00\x00\x00\x00\x00\x00\x00\x00'\
    b'\x00\x00\x00\x00\x00\x00\x00\x00\x00\x00\x00\x00\x00\x00\x00\x00'\
    b'\x00\x00\x00\x00\x00\x00\x00\x00\x00\x00\x00\x00\x00\x00\x00\x00'\
    b'\x00\x00\x00\x00\x00\x00\x00\x00\x00\x00\x00\x00\x00\x00\x00\x7f'\
    b'\xff\xfc\x0f\xff\xff\x80\xff\xff\xf0\x00\x00\x1c\x00\x00\x07\x00'\
    b'\x00\x01\xe0\x00\x00\x38\x00\x00\x0e\x00\x00\x03\x80\x00\x00\xf0'\
    b'\x00\x00\x1c\x00\x00\x07\x00\x00\x01\xc0\x00\x00\x70\x00\x00\x1e'\
    b'\x00\x00\x03\x80\x00\x00\xe0\x00\x00\x38\x00\x00\x0f\x00\x00\x01'\
    b'\xc0\x00\x00\x70\x00\x00\x1c\x00\x00\x07\x80\x00\x01\xe0\x00\x00'\
    b'\x3f\xff\xfc\x0f\xff\xff\x81\xff\xff\xf0\x00\x00\x00\x00\x00\x00'\
    b'\x00\x00\x00\x00\x00\x00\x00\x00\x00\x00\x00\x00\x00\x00\x00\x00'\
    b'\x00\x00\x00\x00\x00\x00\x00\x00\x00\x00\x00\x00\x00\x00\x00\x00'\
    b'\x00\x00\x00\x00\x00\x00\x00\x00\x00\x00\x00\x00\x00\x00\x00\x00'\
    b'\x00\x00\x00\x00\x00\x00\x00\x00\x00\x00\x00\x00\x00\x01\xe0\x01'\
    b'\xfc\x00\xfe\x00\x38\x00\x1c\x00\x07\x00\x01\xc0\x00\x70\x00\x1c'\
    b'\x00\x07\x00\x01\xc0\x00\x70\x00\x1c\x00\x07\x00\x01\xc0\x00\x70'\
    b'\x00\x1c\x00\x07\x00\x01\xc0\x00\x70\x00\x1c\x00\x0e\x00\x07\x80'\
    b'\x1f\xc0\x07\xf0\x00\xfe\x00\x07\x80\x00\xf0\x00\x1c\x00\x07\x00'\
    b'\x01\xc0\x00\x70\x00\x1c\x00\x07\x00\x01\xc0\x00\x70\x00\x1c\x00'\
    b'\x07\x00\x01\xc0\x00\x70\x00\x1c\x00\x07\x00\x01\xc0\x00\x70\x00'\
    b'\x1c\x00\x03\x80\x00\xfe\x00\x1f\xc0\x01\xe0\x00\x00\x00\x00\x00'\
    b'\x00\x00\x00\x00\x00\x00\x00\x00\x00\x00\x00\x00\x00\x00\x00\x00'\
    b'\x00\x00\x00\x00\x00\x00\x00\x00\x00\x00\x18\x00\x03\x80\x00\x70'\
    b'\x00\x0e\x00\x01\xc0\x00\x38\x00\x07\x00\x00\xe0\x00\x1c\x00\x03'\
    b'\x80\x00\x70\x00\x0e\x00\x01\xc0\x00\x38\x00\x07\x00\x00\xe0\x00'\
    b'\x1c\x00\x03\x80\x00\x70\x00\x0e\x00\x01\xc0\x00\x38\x00\x07\x00'\
    b'\x00\xe0\x00\x1c\x00\x03\x80\x00\x70\x00\x0e\x00\x01\xc0\x00\x38'\
    b'\x00\x07\x00\x00\xe0\x00\x1c\x00\x03\x80\x00\x70\x00\x0e\x00\x01'\
    b'\xc0\x00\x38\x00\x07\x00\x00\xe0\x00\x1c\x00\x03\x80\x00\x70\x00'\
    b'\x0e\x00\x01\xc0\x00\x38\x00\x07\x00\x00\xe0\x00\x18\x00\x00\x00'\
    b'\x00\x00\x00\x00\x00\x00\x00\x00\x00\x00\x00\x00\x00\x00\x00\x00'\
    b'\x00\x00\x00\x00\x00\x00\x00\x00\x00\x00\x00\xf8\x00\x3f\x80\x07'\
    b'\xe0\x00\x3c\x00\x07\x00\x00\xe0\x00\x38\x00\x0e\x00\x03\x80\x00'\
    b'\xe0\x00\x38\x00\x0e\x00\x03\x80\x00\xe0\x00\x38\x00\x0e\x00\x03'\
    b'\x80\x00\xe0\x00\x38\x00\x0e\x00\x03\x80\x00\xe0\x00\x1e\x00\x07'\
    b'\xf0\x00\xfe\x00\x7f\x00\x1c\x00\x0e\x00\x03\x80\x00\xe0\x00\x38'\
    b'\x00\x0e\x00\x03\x80\x00\xe0\x00\x38\x00\x0e\x00\x03\x80\x00\xe0'\
    b'\x00\x38\x00\x0e\x00\x03\x80\x00\xe0\x00\x38\x00\x0e\x00\x07\x00'\
    b'\x03\xc0\x07\xe0\x03\xf8\x00\xf8\x00\x00\x00\x00\x00\x00\x00\x00'\
    b'\x00\x00\x00\x00\x00\x00\x00\x00\x00\x00\x00\x00\x00\x00\x00\x00'\
    b'\x00\x00\x00\x00\x00\x00\x00\x00\x00\x00\x00\x00\x00\x00\x00\x00'\
    b'\x00\x00\x00\x00\x00\x00\x00\x00\x00\x00\x00\x00\x00\x00\x00\x00'\
    b'\x00\x00\x00\x00\x00\x00\x00\x00\x00\x00\x00\x00\x00\x00\x00\x00'\
    b'\x00\x00\x00\x00\x00\x00\x00\x00\x00\x00\x00\x00\x00\x00\x00\x00'\
    b'\x1c\x00\x00\xfe\x02\x07\xfe\x0e\x1f\x1f\xfc\x38\x0f\xf0\x20\x0f'\
    b'\x80\x00\x00\x00\x00\x00\x00\x00\x00\x00\x00\x00\x00\x00\x00\x00'\
    b'\x00\x00\x00\x00\x00\x00\x00\x00\x00\x00\x00\x00\x00\x00\x00\x00'\
    b'\x00\x00\x00\x00\x00\x00\x00\x00\x00\x00\x00\x00\x00\x00\x00\x00'\
    b'\x00\x00\x00\x00\x00\x00\x00\x00\x00\x00\x00\x00\x00\x00\x00\x00'\
    b'\x00\x00\x00\x00\x00\x00\x00\x00\x00\x00\x00\x00\x00\x00\x00\x00'\
    b'\x00\x00\x00\x00\x00\x00\x00\x00\x00\x00\x00\x00\x00\x00\x00\x00'\
    b'\x00\x00\x00\x00\x00\x00\x00\x00\x00\x00\x00\x00\x00\x00\x00\x00'\
    b'\x00\x00\x00\x00\x00\x00\x00\x00\x00\x00\x00\x00\x0f\xff\xff\xfc'\
    b'\x3f\xff\xff\xf0\xc0\x00\x00\xc3\x00\x00\x03\x0c\x00\x00\x0c\x30'\
    b'\x00\x00\x30\xc0\x3f\x00\xc3\x03\xff\x03\x0c\x1f\x3e\x0c\x30\xf0'\
    b'\x38\x30\xc3\x80\x70\xc3\x0c\x00\xc3\x0c\x30\x03\x0c\x30\xc0\x0c'\
    b'\x30\xc2\x00\x30\xc3\x00\x01\xc3\x0c\x00\x06\x0c\x30\x00\x38\x30'\
    b'\xc0\x01\xc0\xc3\x00\x0e\x03\x0c\x00\x70\x0c\x30\x03\x80\x30\xc0'\
    b'\x0c\x00\xc3\x00\x30\x03\x0c\x00\xc0\x0c\x30\x03\x00\x30\xc0\x00'\
    b'\x00\xc3\x00\x00\x03\x0c\x00\xc0\x0c\x30\x07\x80\x30\xc0\x1e\x00'\
    b'\xc3\x00\x30\x03\x0c\x00\x00\x0c\x30\x00\x00\x30\xc0\x00\x00\xc3'\
    b'\x00\x00\x03\x0f\xff\xff\xfc\x3f\xff\xff\xf0\x00\x00\x00\x00\x00'\
    b'\x00\x00\x00\x00\x00\x00\x00\x00\x00\x00\x00\x00\x00\x00\x00\x00'\
    b'\x00\x00\x00\x00\x00\x00\x00\x00\x00\x00\x00\x00\x00\x00\x00\x00'\
    b'\x00\x00\x00\x00\x00\x00\x00\x00\x00\x00\x00\x00\x00\x00\x00\x00'\
    b'\x00\x00\x00\x00\x00\x00\x00\x00\x00\x00\x00\x00\x00\x00\x00\x00'\
    b'\x00\x00\x00\x00\x00\x00\x00\x00\x00\x00\x00\x00\x00\x00\x00\x00'\
    b'\x00\x00\x00\x00\x00\xff\xff\xff\xc3\xff\xff\xff\x0c\x00\x00\x0c'\
    b'\x30\x00\x00\x30\xc0\x00\x00\xc3\x00\x00\x03\x0c\x03\xf0\x0c\x30'\
    b'\x3f\xf0\x30\xc1\xf3\xe0\xc3\x0f\x03\x83\x0c\x38\x07\x0c\x30\xc0'\
    b'\x0c\x30\xc3\x00\x30\xc3\x0c\x00\xc3\x0c\x20\x03\x0c\x30\x00\x1c'\
    b'\x30\xc0\x00\x60\xc3\x00\x03\x83\x0c\x00\x1c\x0c\x30\x00\xe0\x30'\
    b'\xc0\x07\x00\xc3\x00\x38\x03\x0c\x00\xc0\x0c\x30\x03\x00\x30\xc0'\
    b'\x0c\x00\xc3\x00\x30\x03\x0c\x00\x00\x0c\x30\x00\x00\x30\xc0\x0c'\
    b'\x00\xc3\x00\x78\x03\x0c\x01\xe0\x0c\x30\x03\x00\x30\xc0\x00\x00'\
    b'\xc3\x00\x00\x03\x0c\x00\x00\x0c\x30\x00\x00\x30\xff\xff\xff\xc3'\
    b'\xff\xff\xff\x00\x00\x00\x00\x00\x00\x00\x00\x00\x00\x00\x00\x00'\
    b'\x00\x00\x00\x00\x00\x00\x00\x00\x00\x00\x00\x00\x00\x00\x00\x00'\
    b'\x00\x00\x00\x00\x00\x00\x00\x00\x00\x00\x00\x00\x00\x00\x00\x00'\
    b'\x00\x00\x00\x00\x00\x00\x00\x00\x00\x00\x00\x00\x00\x00\x00\x00'\
    b'\x00\x00\x00\x00\x00\x00\x00\x00\x00\x00\x00\x00\x00\x00\x00\x00'\
    b'\x00\x00\x00\x00\x00\x00\x00\x00\x00\x00\x00\x00\x00\x0f\xff\xff'\
    b'\xfc\x3f\xff\xff\xf0\xc0\x00\x00\xc3\x00\x00\x03\x0c\x00\x00\x0c'\
    b'\x30\x00\x00\x30\xc0\x3f\x00\xc3\x03\xff\x03\x0c\x1f\x3e\x0c\x30'\
    b'\xf0\x38\x30\xc3\x80\x70\xc3\x0c\x00\xc3\x0c\x30\x03\x0c\x30\xc0'\
    b'\x0c\x30\xc2\x00\x30\xc3\x00\x01\xc3\x0c\x00\x06\x0c\x30\x00\x38'\
    b'\x30\xc0\x01\xc0\xc3\x00\x0e\x03\x0c\x00\x70\x0c\x30\x03\x80\x30'\
    b'\xc0\x0c\x00\xc3\x00\x30\x03\x0c\x00\xc0\x0c\x30\x03\x00\x30\xc0'\
    b'\x00\x00\xc3\x00\x00\x03\x0c\x00\xc0\x0c\x30\x07\x80\x30\xc0\x1e'\
    b'\x00\xc3\x00\x30\x03\x0c\x00\x00\x0c\x30\x00\x00\x30\xc0\x00\x00'\
    b'\xc3\x00\x00\x03\x0f\xff\xff\xfc\x3f\xff\xff\xf0\x00\x00\x00\x00'\
    b'\x00\x00\x00\x00\x00\x00\x00\x00\x00\x00\x00\x00\x00\x00\x00\x00'\
    b'\x00\x00\x00\x00\x00\x00\x00\x00\x00\x00\x00\x00\x00\x00\x00\x00'\
    b'\x00\x00\x00\x00\x00\x00\x00\x00\x00\x00\x00\x00\x00\x00\x00\x00'\
    b'\x00\x00\x00\x00\x00\x00\x00\x00\x00\x00\x00\x00\x00\x00\x00\x00'\
    b'\x00\x00\x00\x00\x00\x00\x00\x00\x00\x00\x00\x00\x00\x00\x00\x00'\
    b'\x00\x00\x00\x00\x00\x00\xff\xff\xff\xc3\xff\xff\xff\x0c\x00\x00'\
    b'\x0c\x30\x00\x00\x30\xc0\x00\x00\xc3\x00\x00\x03\x0c\x03\xf0\x0c'\
    b'\x30\x3f\xf0\x30\xc1\xf3\xe0\xc3\x0f\x03\x83\x0c\x38\x07\x0c\x30'\
    b'\xc0\x0c\x30\xc3\x00\x30\xc3\x0c\x00\xc3\x0c\x20\x03\x0c\x30\x00'\
    b'\x1c\x30\xc0\x00\x60\xc3\x00\x03\x83\x0c\x00\x1c\x0c\x30\x00\xe0'\
    b'\x30\xc0\x07\x00\xc3\x00\x38\x03\x0c\x00\xc0\x0c\x30\x03\x00\x30'\
    b'\xc0\x0c\x00\xc3\x00\x30\x03\x0c\x00\x00\x0c\x30\x00\x00\x30\xc0'\
    b'\x0c\x00\xc3\x00\x78\x03\x0c\x01\xe0\x0c\x30\x03\x00\x30\xc0\x00'\
    b'\x00\xc3\x00\x00\x03\x0c\x00\x00\x0c\x30\x00\x00\x30\xff\xff\xff'\
    b'\xc3\xff\xff\xff\x00\x00\x00\x00\x00\x00\x00\x00\x00\x00\x00\x00'\
    b'\x00\x00\x00\x00\x00\x00\x00\x00\x00\x00\x00\x00\x00\x00\x00\x00'\
    b'\x00\x00\x00\x00\x00\x00\x00\x00\x00\x00\x00\x00\x00\x00\x00\x00'\
    b'\x00\x00\x00\x00\x00\x00\x00\x00\x00\x00\x00\x00\x00\x00\x00\x00'\
    b'\x00\x00\x00\x00\x00\x00\x00\x00\x00\x00\x00\x00\x00\x00\x00\x00'\
    b'\x00\x00\x00\x00\x00\x00\x00\x00\x00\x00\x00\x00\x00\x00\x0f\xff'\
    b'\xff\xfc\x3f\xff\xff\xf0\xc0\x00\x00\xc3\x00\x00\x03\x0c\x00\x00'\
    b'\x0c\x30\x00\x00\x30\xc0\x3f\x00\xc3\x03\xff\x03\x0c\x1f\x3e\x0c'\
    b'\x30\xf0\x38\x30\xc3\x80\x70\xc3\x0c\x00\xc3\x0c\x30\x03\x0c\x30'\
    b'\xc0\x0c\x30\xc2\x00\x30\xc3\x00\x01\xc3\x0c\x00\x06\x0c\x30\x00'\
    b'\x38\x30\xc0\x01\xc0\xc3\x00\x0e\x03\x0c\x00\x70\x0c\x30\x03\x80'\
    b'\x30\xc0\x0c\x00\xc3\x00\x30\x03\x0c\x00\xc0\x0c\x30\x03\x00\x30'\
    b'\xc0\x00\x00\xc3\x00\x00\x03\x0c\x00\xc0\x0c\x30\x07\x80\x30\xc0'\
    b'\x1e\x00\xc3\x00\x30\x03\x0c\x00\x00\x0c\x30\x00\x00\x30\xc0\x00'\
    b'\x00\xc3\x00\x00\x03\x0f\xff\xff\xfc\x3f\xff\xff\xf0\x00\x00\x00'\
    b'\x00\x00\x00\x00\x00\x00\x00\x00\x00\x00\x00\x00\x00\x00\x00\x00'\
    b'\x00\x00\x00\x00\x00\x00\x00\x00\x00\x00\x00\x00\x00\x00\x00\x00'\
    b'\x00\x00\x00\x00\x00\x00\x00\x00\x00\x00\x00\x00\x00\x00\x00\x00'\
    b'\x00\x00\x00\x00\x00\x00\x00\x00\x00\x00\x00\x00\x00\x00\x00\x00'\
    b'\x00\x00\x00\x00\x00\x00\x00\x00\x00\x00\x00\x00\x00\x00\x00\x00'\
    b'\x00\x00\x00\x00\x00\x00\x00\xff\xff\xff\xc3\xff\xff\xff\x0c\x00'\
    b'\x00\x0c\x30\x00\x00\x30\xc0\x00\x00\xc3\x00\x00\x03\x0c\x03\xf0'\
    b'\x0c\x30\x3f\xf0\x30\xc1\xf3\xe0\xc3\x0f\x03\x83\x0c\x38\x07\x0c'\
    b'\x30\xc0\x0c\x30\xc3\x00\x30\xc3\x0c\x00\xc3\x0c\x20\x03\x0c\x30'\
    b'\x00\x1c\x30\xc0\x00\x60\xc3\x00\x03\x83\x0c\x00\x1c\x0c\x30\x00'\
    b'\xe0\x30\xc0\x07\x00\xc3\x00\x38\x03\x0c\x00\xc0\x0c\x30\x03\x00'\
    b'\x30\xc0\x0c\x00\xc3\x00\x30\x03\x0c\x00\x00\x0c\x30\x00\x00\x30'\
    b'\xc0\x0c\x00\xc3\x00\x78\x03\x0c\x01\xe0\x0c\x30\x03\x00\x30\xc0'\
    b'\x00\x00\xc3\x00\x00\x03\x0c\x00\x00\x0c\x30\x00\x00\x30\xff\xff'\
    b'\xff\xc3\xff\xff\xff\x00\x00\x00\x00\x00\x00\x00\x00\x00\x00\x00'\
    b'\x00\x00\x00\x00\x00\x00\x00\x00\x00\x00\x00\x00\x00\x00\x00\x00'\
    b'\x00\x00\x00\x00\x00\x00\x00\x00\x00\x00\x00\x00\x00\x00\x00\x00'\
    b'\x00\x00\x00\x00\x00\x00\x00\x00\x00\x00\x00\x00\x00\x00\x00\x00'\
    b'\x00\x00\x00\x00\x00\x00\x00\x00\x00\x00\x00\x00\x00\x00\x00\x00'\
    b'\x00\x00\x00\x00\x00\x00\x00\x00\x00\x00\x00\x00\x00\x00\x00\x0f'\
    b'\xff\xff\xfc\x3f\xff\xff\xf0\xc0\x00\x00\xc3\x00\x00\x03\x0c\x00'\
    b'\x00\x0c\x30\x00\x00\x30\xc0\x3f\x00\xc3\x03\xff\x03\x0c\x1f\x3e'\
    b'\x0c\x30\xf0\x38\x30\xc3\x80\x70\xc3\x0c\x00\xc3\x0c\x30\x03\x0c'\
    b'\x30\xc0\x0c\x30\xc2\x00\x30\xc3\x00\x01\xc3\x0c\x00\x06\x0c\x30'\
    b'\x00\x38\x30\xc0\x01\xc0\xc3\x00\x0e\x03\x0c\x00\x70\x0c\x30\x03'\
    b'\x80\x30\xc0\x0c\x00\xc3\x00\x30\x03\x0c\x00\xc0\x0c\x30\x03\x00'\
    b'\x30\xc0\x00\x00\xc3\x00\x00\x03\x0c\x00\xc0\x0c\x30\x07\x80\x30'\
    b'\xc0\x1e\x00\xc3\x00\x30\x03\x0c\x00\x00\x0c\x30\x00\x00\x30\xc0'\
    b'\x00\x00\xc3\x00\x00\x03\x0f\xff\xff\xfc\x3f\xff\xff\xf0\x00\x00'\
    b'\x00\x00\x00\x00\x00\x00\x00\x00\x00\x00\x00\x00\x00\x00\x00\x00'\
    b'\x00\x00\x00\x00\x00\x00\x00\x00\x00\x00\x00\x00\x00\x00\x00\x00'\
    b'\x00\x00\x00\x00\x00\x00\x00\x00\x00\x00\x00\x00\x00\x00\x00\x00'\
    b'\x00\x00\x00\x00\x00\x00\x00\x00\x00\x00\x00\x00\x00\x00\x00\x00'\
    b'\x00\x00\x00\x00\x00\x00\x00\x00\x00\x00\x00\x00\x00\x00\x00\x00'\
    b'\x00\x00\x00\x00\x00\x00\x00\x00\xff\xff\xff\xc3\xff\xff\xff\x0c'\
    b'\x00\x00\x0c\x30\x00\x00\x30\xc0\x00\x00\xc3\x00\x00\x03\x0c\x03'\
    b'\xf0\x0c\x30\x3f\xf0\x30\xc1\xf3\xe0\xc3\x0f\x03\x83\x0c\x38\x07'\
    b'\x0c\x30\xc0\x0c\x30\xc3\x00\x30\xc3\x0c\x00\xc3\x0c\x20\x03\x0c'\
    b'\x30\x00\x1c\x30\xc0\x00\x60\xc3\x00\x03\x83\x0c\x00\x1c\x0c\x30'\
    b'\x00\xe0\x30\xc0\x07\x00\xc3\x00\x38\x03\x0c\x00\xc0\x0c\x30\x03'\
    b'\x00\x30\xc0\x0c\x00\xc3\x00\x30\x03\x0c\x00\x00\x0c\x30\x00\x00'\
    b'\x30\xc0\x0c\x00\xc3\x00\x78\x03\x0c\x01\xe0\x0c\x30\x03\x00\x30'\
    b'\xc0\x00\x00\xc3\x00\x00\x03\x0c\x00\x00\x0c\x30\x00\x00\x30\xff'\
    b'\xff\xff\xc3\xff\xff\xff\x00\x00\x00\x00\x00\x00\x00\x00\x00\x00'\
    b'\x00\x00\x00\x00\x00\x00\x00\x00\x00\x00\x00\x00\x00\x00\x00\x00'\
    b'\x00\x00\x00\x00\x00\x00\x00\x00\x00\x00\x00\x00\x00\x00\x00\x00'\
    b'\x00\x00\x00\x00\x00\x00\x00\x00\x00\x00\x00\x00\x00\x00\x00\x00'\
    b'\x00\x00\x00\x00\x00\x00\x00\x00\x00\x00\x00\x00\x00\x00\x00\x00'\
    b'\x00\x00\x00\x00\x00\x00\x00\x00\x00\x00\x00\x00\x00\x00\x00\x00'\
    b'\x0f\xff\xff\xfc\x3f\xff\xff\xf0\xc0\x00\x00\xc3\x00\x00\x03\x0c'\
    b'\x00\x00\x0c\x30\x00\x00\x30\xc0\x3f\x00\xc3\x03\xff\x03\x0c\x1f'\
    b'\x3e\x0c\x30\xf0\x38\x30\xc3\x80\x70\xc3\x0c\x00\xc3\x0c\x30\x03'\
    b'\x0c\x30\xc0\x0c\x30\xc2\x00\x30\xc3\x00\x01\xc3\x0c\x00\x06\x0c'\
    b'\x30\x00\x38\x30\xc0\x01\xc0\xc3\x00\x0e\x03\x0c\x00\x70\x0c\x30'\
    b'\x03\x80\x30\xc0\x0c\x00\xc3\x00\x30\x03\x0c\x00\xc0\x0c\x30\x03'\
    b'\x00\x30\xc0\x00\x00\xc3\x00\x00\x03\x0c\x00\xc0\x0c\x30\x07\x80'\
    b'\x30\xc0\x1e\x00\xc3\x00\x30\x03\x0c\x00\x00\x0c\x30\x00\x00\x30'\
    b'\xc0\x00\x00\xc3\x00\x00\x03\x0f\xff\xff\xfc\x3f\xff\xff\xf0\x00'\
    b'\x00\x00\x00\x00\x00\x00\x00\x00\x00\x00\x00\x00\x00\x00\x00\x00'\
    b'\x00\x00\x00\x00\x00\x00\x00\x00\x00\x00\x00\x00\x00\x00\x00\x00'\
    b'\x00\x00\x00\x00\x00\x00\x00\x00\x00\x00\x00\x00\x00\x00\x00\x00'\
    b'\x00\x00\x00\x00\x00\x00\x00\x00\x00\x00\x00\x00\x00\x00\x00\x00'\
    b'\x00\x00\x00\x00\x00\x00\x00\x00\x00\x00\x00\x00\x00\x00\x00\x00'\
    b'\x00\x00\x00\x00\x00\x00\x00\x00\x00\xff\xff\xff\xc3\xff\xff\xff'\
    b'\x0c\x00\x00\x0c\x30\x00\x00\x30\xc0\x00\x00\xc3\x00\x00\x03\x0c'\
    b'\x03\xf0\x0c\x30\x3f\xf0\x30\xc1\xf3\xe0\xc3\x0f\x03\x83\x0c\x38'\
    b'\x07\x0c\x30\xc0\x0c\x30\xc3\x00\x30\xc3\x0c\x00\xc3\x0c\x20\x03'\
    b'\x0c\x30\x00\x1c\x30\xc0\x00\x60\xc3\x00\x03\x83\x0c\x00\x1c\x0c'\
    b'\x30\x00\xe0\x30\xc0\x07\x00\xc3\x00\x38\x03\x0c\x00\xc0\x0c\x30'\
    b'\x03\x00\x30\xc0\x0c\x00\xc3\x00\x30\x03\x0c\x00\x00\x0c\x30\x00'\
    b'\x00\x30\xc0\x0c\x00\xc3\x00\x78\x03\x0c\x01\xe0\x0c\x30\x03\x00'\
    b'\x30\xc0\x00\x00\xc3\x00\x00\x03\x0c\x00\x00\x0c\x30\x00\x00\x30'\
    b'\xff\xff\xff\xc3\xff\xff\xff\x00\x00\x00\x00\x00\x00\x00\x00\x00'\
    b'\x00\x00\x00\x00\x00\x00\x00\x00\x00\x00\x00\x00\x00\x00\x00\x00'\
    b'\x00\x00\x00\x00\x00\x00\x00\x00\x00\x00\x00\x00\x00\x00\x00\x00'\
    b'\x00\x00\x00\x00\x00\x00\x00\x00\x00\x00\x00\x00\x00\x00\x00\x00'\
    b'\x00\x00\x00\x00\x00\x00\x00\x00\x00\x00\x00\x00\x00\x00\x00\x00'\
    b'\x00\x00\x00\x00\x00\x00\x00\x00\x00\x00\x00\x00\x00\x00\x00\x00'\
    b'\x00\x0f\xff\xff\xfc\x3f\xff\xff\xf0\xc0\x00\x00\xc3\x00\x00\x03'\
    b'\x0c\x00\x00\x0c\x30\x00\x00\x30\xc0\x3f\x00\xc3\x03\xff\x03\x0c'\
    b'\x1f\x3e\x0c\x30\xf0\x38\x30\xc3\x80\x70\xc3\x0c\x00\xc3\x0c\x30'\
    b'\x03\x0c\x30\xc0\x0c\x30\xc2\x00\x30\xc3\x00\x01\xc3\x0c\x00\x06'\
    b'\x0c\x30\x00\x38\x30\xc0\x01\xc0\xc3\x00\x0e\x03\x0c\x00\x70\x0c'\
    b'\x30\x03\x80\x30\xc0\x0c\x00\xc3\x00\x30\x03\x0c\x00\xc0\x0c\x30'\
    b'\x03\x00\x30\xc0\x00\x00\xc3\x00\x00\x03\x0c\x00\xc0\x0c\x30\x07'\
    b'\x80\x30\xc0\x1e\x00\xc3\x00\x30\x03\x0c\x00\x00\x0c\x30\x00\x00'\
    b'\x30\xc0\x00\x00\xc3\x00\x00\x03\x0f\xff\xff\xfc\x3f\xff\xff\xf0'\
    b'\x00\x00\x00\x00\x00\x00\x00\x00\x00\x00\x00\x00\x00\x00\x00\x00'\
    b'\x00\x00\x00\x00\x00\x00\x00\x00\x00\x00\x00\x00\x00\x00\x00\x00'\
    b'\x00\x00\x00\x00\x00\x00\x00\x00\x00\x00\x00\x00\x00\x00\x00\x00'\
    b'\x00\x00\x00\x00\x00\x00\x00\x00\x00\x00\x00\x00\x00\x00\x00\x00'\
    b'\x00\x00\x00\x00\x00\x00\x00\x00\x00\x00\x00\x00\x00\x00\x00\x00'\
    b'\x00\x00\x00\x00\x00\x00\x00\x00\x00\x00\xff\xff\xff\xc3\xff\xff'\
    b'\xff\x0c\x00\x00\x0c\x30\x00\x00\x30\xc0\x00\x00\xc3\x00\x00\x03'\
    b'\x0c\x03\xf0\x0c\x30\x3f\xf0\x30\xc1\xf3\xe0\xc3\x0f\x03\x83\x0c'\
    b'\x38\x07\x0c\x30\xc0\x0c\x30\xc3\x00\x30\xc3\x0c\x00\xc3\x0c\x20'\
    b'\x03\x0c\x30\x00\x1c\x30\xc0\x00\x60\xc3\x00\x03\x83\x0c\x00\x1c'\
    b'\x0c\x30\x00\xe0\x30\xc0\x07\x00\xc3\x00\x38\x03\x0c\x00\xc0\x0c'\
    b'\x30\x03\x00\x30\xc0\x0c\x00\xc3\x00\x30\x03\x0c\x00\x00\x0c\x30'\
    b'\x00\x00\x30\xc0\x0c\x00\xc3\x00\x78\x03\x0c\x01\xe0\x0c\x30\x03'\
    b'\x00\x30\xc0\x00\x00\xc3\x00\x00\x03\x0c\x00\x00\x0c\x30\x00\x00'\
    b'\x30\xff\xff\xff\xc3\xff\xff\xff\x00\x00\x00\x00\x00\x00\x00\x00'\
    b'\x00\x00\x00\x00\x00\x00\x00\x00\x00\x00\x00\x00\x00\x00\x00\x00'\
    b'\x00\x00\x00\x00\x00\x00\x00\x00\x00\x00\x00\x00\x00\x00\x00\x00'\
    b'\x00\x00\x00\x00\x00\x00\x00\x00\x00\x00\x00\x00\x00\x00\x00\x00'\
    b'\x00\x00\x00\x00\x00\x00\x00\x00\x00\x00\x00\x00\x00\x00\x00\x00'\
    b'\x00\x00\x00\x00\x00\x00\x00\x00\x00\x00\x00\x00\x00\x00\x00\x00'\
    b'\x00\x00\x0f\xff\xff\xfc\x3f\xff\xff\xf0\xc0\x00\x00\xc3\x00\x00'\
    b'\x03\x0c\x00\x00\x0c\x30\x00\x00\x30\xc0\x3f\x00\xc3\x03\xff\x03'\
    b'\x0c\x1f\x3e\x0c\x30\xf0\x38\x30\xc3\x80\x70\xc3\x0c\x00\xc3\x0c'\
    b'\x30\x03\x0c\x30\xc0\x0c\x30\xc2\x00\x30\xc3\x00\x01\xc3\x0c\x00'\
    b'\x06\x0c\x30\x00\x38\x30\xc0\x01\xc0\xc3\x00\x0e\x03\x0c\x00\x70'\
    b'\x0c\x30\x03\x80\x30\xc0\x0c\x00\xc3\x00\x30\x03\x0c\x00\xc0\x0c'\
    b'\x30\x03\x00\x30\xc0\x00\x00\xc3\x00\x00\x03\x0c\x00\xc0\x0c\x30'\
    b'\x07\x80\x30\xc0\x1e\x00\xc3\x00\x30\x03\x0c\x00\x00\x0c\x30\x00'\
    b'\x00\x30\xc0\x00\x00\xc3\x00\x00\x03\x0f\xff\xff\xfc\x3f\xff\xff'\
    b'\xf0\x00\x00\x00\x00\x00\x00\x00\x00\x00\x00\x00\x00\x00\x00\x00'\
    b'\x00\x00\x00\x00\x00\x00\x00\x00\x00\x00\x00\x00\x00\x00\x00\x00'\
    b'\x00\x00\x00\x00\x00\x00\x00\x00\x00\x00\x00\x00\x00\x00\x00\x00'\
    b'\x00\x00\x00\x00\x00\x00\x00\x00\x00\x00\x00\x00\x00\x00\x00\x00'\
    b'\x00\x00\x00\x00\x00\x00\x00\x00\x00\x00\x00\x00\x00\x00\x00\x00'\
    b'\x00\x00\x00\x00\x00\x00\x00\x00\x00\x00\x00\xff\xff\xff\xc3\xff'\
    b'\xff\xff\x0c\x00\x00\x0c\x30\x00\x00\x30\xc0\x00\x00\xc3\x00\x00'\
    b'\x03\x0c\x03\xf0\x0c\x30\x3f\xf0\x30\xc1\xf3\xe0\xc3\x0f\x03\x83'\
    b'\x0c\x38\x07\x0c\x30\xc0\x0c\x30\xc3\x00\x30\xc3\x0c\x00\xc3\x0c'\
    b'\x20\x03\x0c\x30\x00\x1c\x30\xc0\x00\x60\xc3\x00\x03\x83\x0c\x00'\
    b'\x1c\x0c\x30\x00\xe0\x30\xc0\x07\x00\xc3\x00\x38\x03\x0c\x00\xc0'\
    b'\x0c\x30\x03\x00\x30\xc0\x0c\x00\xc3\x00\x30\x03\x0c\x00\x00\x0c'\
    b'\x30\x00\x00\x30\xc0\x0c\x00\xc3\x00\x78\x03\x0c\x01\xe0\x0c\x30'\
    b'\x03\x00\x30\xc0\x00\x00\xc3\x00\x00\x03\x0c\x00\x00\x0c\x30\x00'\
    b'\x00\x30\xff\xff\xff\xc3\xff\xff\xff\x00\x00\x00\x00\x00\x00\x00'\
    b'\x00\x00\x00\x00\x00\x00\x00\x00\x00\x00\x00\x00\x00\x00\x00\x00'\
    b'\x00\x00\x00\x00\x00\x00\x00\x00\x00\x00\x00\x00\x00\x00\x00\x00'\
    b'\x00\x00\x00\x00\x00\x00\x00\x00\x00\x00\x00\x00\x00\x00\x00\x00'\
    b'\x00\x00\x00\x00\x00\x00\x00\x00\x00\x00\x00\x00\x00\x00\x00\x00'\
    b'\x00\x00\x00\x00\x00\x00\x00\x00\x00\x00\x00\x00\x00\x00\x00\x00'\
    b'\x00\x00\x00\x0f\xff\xff\xfc\x3f\xff\xff\xf0\xc0\x00\x00\xc3\x00'\
    b'\x00\x03\x0c\x00\x00\x0c\x30\x00\x00\x30\xc0\x3f\x00\xc3\x03\xff'\
    b'\x03\x0c\x1f\x3e\x0c\x30\xf0\x38\x30\xc3\x80\x70\xc3\x0c\x00\xc3'\
    b'\x0c\x30\x03\x0c\x30\xc0\x0c\x30\xc2\x00\x30\xc3\x00\x01\xc3\x0c'\
    b'\x00\x06\x0c\x30\x00\x38\x30\xc0\x01\xc0\xc3\x00\x0e\x03\x0c\x00'\
    b'\x70\x0c\x30\x03\x80\x30\xc0\x0c\x00\xc3\x00\x30\x03\x0c\x00\xc0'\
    b'\x0c\x30\x03\x00\x30\xc0\x00\x00\xc3\x00\x00\x03\x0c\x00\xc0\x0c'\
    b'\x30\x07\x80\x30\xc0\x1e\x00\xc3\x00\x30\x03\x0c\x00\x00\x0c\x30'\
    b'\x00\x00\x30\xc0\x00\x00\xc3\x00\x00\x03\x0f\xff\xff\xfc\x3f\xff'\
    b'\xff\xf0\x00\x00\x00\x00\x00\x00\x00\x00\x00\x00\x00\x00\x00\x00'\
    b'\x00\x00\x00\x00\x00\x00\x00\x00\x00\x00\x00\x00\x00\x00\x00\x00'\
    b'\x00\x00\x00\x00\x00\x00\x00\x00\x00\x00\x00\x00\x00\x00\x00\x00'\
    b'\x00\x00\x00\x00\x00\x00\x00\x00\x00\x00\x00\x00\x00\x00\x00\x00'\
    b'\x00\x00\x00\x00\x00\x00\x00\x00\x00\x00\x00\x00\x00\x00\x00\x00'\
    b'\x00\x00\x00\x00\x00\x00\x00\x00\x00\x00\x00\x00\xff\xff\xff\xc3'\
    b'\xff\xff\xff\x0c\x00\x00\x0c\x30\x00\x00\x30\xc0\x00\x00\xc3\x00'\
    b'\x00\x03\x0c\x03\xf0\x0c\x30\x3f\xf0\x30\xc1\xf3\xe0\xc3\x0f\x03'\
    b'\x83\x0c\x38\x07\x0c\x30\xc0\x0c\x30\xc3\x00\x30\xc3\x0c\x00\xc3'\
    b'\x0c\x20\x03\x0c\x30\x00\x1c\x30\xc0\x00\x60\xc3\x00\x03\x83\x0c'\
    b'\x00\x1c\x0c\x30\x00\xe0\x30\xc0\x07\x00\xc3\x00\x38\x03\x0c\x00'\
    b'\xc0\x0c\x30\x03\x00\x30\xc0\x0c\x00\xc3\x00\x30\x03\x0c\x00\x00'\
    b'\x0c\x30\x00\x00\x30\xc0\x0c\x00\xc3\x00\x78\x03\x0c\x01\xe0\x0c'\
    b'\x30\x03\x00\x30\xc0\x00\x00\xc3\x00\x00\x03\x0c\x00\x00\x0c\x30'\
    b'\x00\x00\x30\xff\xff\xff\xc3\xff\xff\xff\x00\x00\x00\x00\x00\x00'\
    b'\x00\x00\x00\x00\x00\x00\x00\x00\x00\x00\x00\x00\x00\x00\x00\x00'\
    b'\x00\x00\x00\x00\x00\x00\x00\x00\x00\x00\x00\x00\x00\x00\x00\x00'\
    b'\x00\x00\x00\x00\x00\x00\x00\x00\x00\x00\x00\x00\x00\x00\x00\x00'\
    b'\x00\x00\x00\x00\x00\x00\x00\x00\x00\x00\x00\x00\x00\x00\x00\x00'\
    b'\x00\x00\x00\x00\x00\x00\x00\x00\x00\x00\x00\x00\x00\x00\x00\x00'\
    b'\x00\x00\x00\x00\x0f\xff\xff\xfc\x3f\xff\xff\xf0\xc0\x00\x00\xc3'\
    b'\x00\x00\x03\x0c\x00\x00\x0c\x30\x00\x00\x30\xc0\x3f\x00\xc3\x03'\
    b'\xff\x03\x0c\x1f\x3e\x0c\x30\xf0\x38\x30\xc3\x80\x70\xc3\x0c\x00'\
    b'\xc3\x0c\x30\x03\x0c\x30\xc0\x0c\x30\xc2\x00\x30\xc3\x00\x01\xc3'\
    b'\x0c\x00\x06\x0c\x30\x00\x38\x30\xc0\x01\xc0\xc3\x00\x0e\x03\x0c'\
    b'\x00\x70\x0c\x30\x03\x80\x30\xc0\x0c\x00\xc3\x00\x30\x03\x0c\x00'\
    b'\xc0\x0c\x30\x03\x00\x30\xc0\x00\x00\xc3\x00\x00\x03\x0c\x00\xc0'\
    b'\x0c\x30\x07\x80\x30\xc0\x1e\x00\xc3\x00\x30\x03\x0c\x00\x00\x0c'\
    b'\x30\x00\x00\x30\xc0\x00\x00\xc3\x00\x00\x03\x0f\xff\xff\xfc\x3f'\
    b'\xff\xff\xf0\x00\x00\x00\x00\x00\x00\x00\x00\x00\x00\x00\x00\x00'\
    b'\x00\x00\x00\x00\x00\x00\x00\x00\x00\x00\x00\x00\x00\x00\x00\x00'\
    b'\x00\x00\x00\x00\x00\x00\x00\x00\x00\x00\x00\x00\x00\x00\x00\x00'\
    b'\x00\x00\x00\x00\x00\x00\x00\x00\x00\x00\x00\x00\x00\x00\x00\x00'\
    b'\x00\x00\x00\x00\x00\x00\x00\x00\x00\x00\x00\x00\x00\x00\x00\x00'\
    b'\x00\x00\x00\x00\x00\x00\x00\x00\x00\x00\x00\x00\x00\xff\xff\xff'\
    b'\xc3\xff\xff\xff\x0c\x00\x00\x0c\x30\x00\x00\x30\xc0\x00\x00\xc3'\
    b'\x00\x00\x03\x0c\x03\xf0\x0c\x30\x3f\xf0\x30\xc1\xf3\xe0\xc3\x0f'\
    b'\x03\x83\x0c\x38\x07\x0c\x30\xc0\x0c\x30\xc3\x00\x30\xc3\x0c\x00'\
    b'\xc3\x0c\x20\x03\x0c\x30\x00\x1c\x30\xc0\x00\x60\xc3\x00\x03\x83'\
    b'\x0c\x00\x1c\x0c\x30\x00\xe0\x30\xc0\x07\x00\xc3\x00\x38\x03\x0c'\
    b'\x00\xc0\x0c\x30\x03\x00\x30\xc0\x0c\x00\xc3\x00\x30\x03\x0c\x00'\
    b'\x00\x0c\x30\x00\x00\x30\xc0\x0c\x00\xc3\x00\x78\x03\x0c\x01\xe0'\
    b'\x0c\x30\x03\x00\x30\xc0\x00\x00\xc3\x00\x00\x03\x0c\x00\x00\x0c'\
    b'\x30\x00\x00\x30\xff\xff\xff\xc3\xff\xff\xff\x00\x00\x00\x00\x00'\
    b'\x00\x00\x00\x00\x00\x00\x00\x00\x00\x00\x00\x00\x00\x00\x00\x00'\
    b'\x00\x00\x00\x00\x00\x00\x00\x00\x00\x00\x00\x00\x00\x00\x00\x00'\
    b'\x00\x00\x00\x00\x00\x00\x00\x00\x00\x00\x00\x00\x00\x00\x00\x00'\
    b'\x00\x00\x00\x00\x00\x00\x00\x00\x00\x00\x00\x00\x00\x00\x00\x00'\
    b'\x00\x00\x00\x00\x00\x00\x00\x00\x00\x00\x00\x00\x00\x00\x00\x00'\
    b'\x00\x00\x00\x00\x00\x0f\xff\xff\xfc\x3f\xff\xff\xf0\xc0\x00\x00'\
    b'\xc3\x00\x00\x03\x0c\x00\x00\x0c\x30\x00\x00\x30\xc0\x3f\x00\xc3'\
    b'\x03\xff\x03\x0c\x1f\x3e\x0c\x30\xf0\x38\x30\xc3\x80\x70\xc3\x0c'\
    b'\x00\xc3\x0c\x30\x03\x0c\x30\xc0\x0c\x30\xc2\x00\x30\xc3\x00\x01'\
    b'\xc3\x0c\x00\x06\x0c\x30\x00\x38\x30\xc0\x01\xc0\xc3\x00\x0e\x03'\
    b'\x0c\x00\x70\x0c\x30\x03\x80\x30\xc0\x0c\x00\xc3\x00\x30\x03\x0c'\
    b'\x00\xc0\x0c\x30\x03\x00\x30\xc0\x00\x00\xc3\x00\x00\x03\x0c\x00'\
    b'\xc0\x0c\x30\x07\x80\x30\xc0\x1e\x00\xc3\x00\x30\x03\x0c\x00\x00'\
    b'\x0c\x30\x00\x00\x30\xc0\x00\x00\xc3\x00\x00\x03\x0f\xff\xff\xfc'\
    b'\x3f\xff\xff\xf0\x00\x00\x00\x00\x00\x00\x00\x00\x00\x00\x00\x00'\
    b'\x00\x00\x00\x00\x00\x00\x00\x00\x00\x00\x00\x00\x00\x00\x00\x00'\
    b'\x00\x00\x00\x00\x00\x00\x00\x00\x00\x00\x00\x00\x00\x00\x00\x00'\
    b'\x00\x00\x00\x00\x00\x00\x00\x00\x00\x00\x00\x00\x00\x00\x00\x00'\
    b'\x00\x00\x00\x00\x00\x00\x00\x00\x00\x00\x00\x00\x00\x00\x00\x00'\
    b'\x00\x00\x00\x00\x00\x00\x00\x00\x00\x00\x00\x00\x00\x00\xff\xff'\
    b'\xff\xc3\xff\xff\xff\x0c\x00\x00\x0c\x30\x00\x00\x30\xc0\x00\x00'\
    b'\xc3\x00\x00\x03\x0c\x03\xf0\x0c\x30\x3f\xf0\x30\xc1\xf3\xe0\xc3'\
    b'\x0f\x03\x83\x0c\x38\x07\x0c\x30\xc0\x0c\x30\xc3\x00\x30\xc3\x0c'\
    b'\x00\xc3\x0c\x20\x03\x0c\x30\x00\x1c\x30\xc0\x00\x60\xc3\x00\x03'\
    b'\x83\x0c\x00\x1c\x0c\x30\x00\xe0\x30\xc0\x07\x00\xc3\x00\x38\x03'\
    b'\x0c\x00\xc0\x0c\x30\x03\x00\x30\xc0\x0c\x00\xc3\x00\x30\x03\x0c'\
    b'\x00\x00\x0c\x30\x00\x00\x30\xc0\x0c\x00\xc3\x00\x78\x03\x0c\x01'\
    b'\xe0\x0c\x30\x03\x00\x30\xc0\x00\x00\xc3\x00\x00\x03\x0c\x00\x00'\
    b'\x0c\x30\x00\x00\x30\xff\xff\xff\xc3\xff\xff\xff\x00\x00\x00\x00'\
    b'\x00\x00\x00\x00\x00\x00\x00\x00\x00\x00\x00\x00\x00\x00\x00\x00'\
    b'\x00\x00\x00\x00\x00\x00\x00\x00\x00\x00\x00\x00\x00\x00\x00\x00'\
    b'\x00\x00\x00\x00\x00\x00\x00\x00\x00\x00\x00\x00\x00\x00\x00\x00'\
    b'\x00\x00\x00\x00\x00\x00\x00\x00\x00\x00\x00\x00\x00\x00\x00\x00'\
    b'\x00\x00\x00\x00\x00\x00\x00\x00\x00\x00\x00\x00\x00\x00\x00\x00'\
    b'\x00\x00\x00\x00\x00\x00\x0f\xff\xff\xfc\x3f\xff\xff\xf0\xc0\x00'\
    b'\x00\xc3\x00\x00\x03\x0c\x00\x00\x0c\x30\x00\x00\x30\xc0\x3f\x00'\
    b'\xc3\x03\xff\x03\x0c\x1f\x3e\x0c\x30\xf0\x38\x30\xc3\x80\x70\xc3'\
    b'\x0c\x00\xc3\x0c\x30\x03\x0c\x30\xc0\x0c\x30\xc2\x00\x30\xc3\x00'\
    b'\x01\xc3\x0c\x00\x06\x0c\x30\x00\x38\x30\xc0\x01\xc0\xc3\x00\x0e'\
    b'\x03\x0c\x00\x70\x0c\x30\x03\x80\x30\xc0\x0c\x00\xc3\x00\x30\x03'\
    b'\x0c\x00\xc0\x0c\x30\x03\x00\x30\xc0\x00\x00\xc3\x00\x00\x03\x0c'\
    b'\x00\xc0\x0c\x30\x07\x80\x30\xc0\x1e\x00\xc3\x00\x30\x03\x0c\x00'\
    b'\x00\x0c\x30\x00\x00\x30\xc0\x00\x00\xc3\x00\x00\x03\x0f\xff\xff'\
    b'\xfc\x3f\xff\xff\xf0\x00\x00\x00\x00\x00\x00\x00\x00\x00\x00\x00'\
    b'\x00\x00\x00\x00\x00\x00\x00\x00\x00\x00\x00\x00\x00\x00\x00\x00'\
    b'\x00\x00\x00\x00\x00\x00\x00\x00\x00\x00\x00\x00\x00\x00\x00\x00'\
    b'\x00\x00\x00\x00\x00\x00\x00\x00\x00\x00\x00\x00\x00\x00\x00\x00'\
    b'\x00\x00\x00\x00\x00\x00\x00\x00\x00\x00\x00\x00\x00\x00\x00\x00'\
    b'\x00\x00\x00\x00\x00\x00\x00\x00\x00\x00\x00\x00\x00\x00\x00\xff'\
    b'\xff\xff\xc3\xff\xff\xff\x0c\x00\x00\x0c\x30\x00\x00\x30\xc0\x00'\
    b'\x00\xc3\x00\x00\x03\x0c\x03\xf0\x0c\x30\x3f\xf0\x30\xc1\xf3\xe0'\
    b'\xc3\x0f\x03\x83\x0c\x38\x07\x0c\x30\xc0\x0c\x30\xc3\x00\x30\xc3'\
    b'\x0c\x00\xc3\x0c\x20\x03\x0c\x30\x00\x1c\x30\xc0\x00\x60\xc3\x00'\
    b'\x03\x83\x0c\x00\x1c\x0c\x30\x00\xe0\x30\xc0\x07\x00\xc3\x00\x38'\
    b'\x03\x0c\x00\xc0\x0c\x30\x03\x00\x30\xc0\x0c\x00\xc3\x00\x30\x03'\
    b'\x0c\x00\x00\x0c\x30\x00\x00\x30\xc0\x0c\x00\xc3\x00\x78\x03\x0c'\
    b'\x01\xe0\x0c\x30\x03\x00\x30\xc0\x00\x00\xc3\x00\x00\x03\x0c\x00'\
    b'\x00\x0c\x30\x00\x00\x30\xff\xff\xff\xc3\xff\xff\xff\x00\x00\x00'\
    b'\x00\x00\x00\x00\x00\x00\x00\x00\x00\x00\x00\x00\x00\x00\x00\x00'\
    b'\x00\x00\x00\x00\x00\x00\x00\x00\x00\x00\x00\x00\x00\x00\x00\x00'\
    b'\x00\x00\x00\x00\x00\x00\x00\x00\x00\x00\x00\x00\x00\x00\x00\x00'\
    b'\x00\x00\x00\x00\x00\x00\x00\x00\x00\x00\x00\x00\x00\x00\x00\x00'\
    b'\x00\x00\x00\x00\x00\x00\x00\x00\x00\x00\x00\x00\x00\x00\x00\x00'\
    b'\x00\x00\x00\x00\x00\x00\x00\x0f\xff\xff\xfc\x3f\xff\xff\xf0\xc0'\
    b'\x00\x00\xc3\x00\x00\x03\x0c\x00\x00\x0c\x30\x00\x00\x30\xc0\x3f'\
    b'\x00\xc3\x03\xff\x03\x0c\x1f\x3e\x0c\x30\xf0\x38\x30\xc3\x80\x70'\
    b'\xc3\x0c\x00\xc3\x0c\x30\x03\x0c\x30\xc0\x0c\x30\xc2\x00\x30\xc3'\
    b'\x00\x01\xc3\x0c\x00\x06\x0c\x30\x00\x38\x30\xc0\x01\xc0\xc3\x00'\
    b'\x0e\x03\x0c\x00\x70\x0c\x30\x03\x80\x30\xc0\x0c\x00\xc3\x00\x30'\
    b'\x03\x0c\x00\xc0\x0c\x30\x03\x00\x30\xc0\x00\x00\xc3\x00\x00\x03'\
    b'\x0c\x00\xc0\x0c\x30\x07\x80\x30\xc0\x1e\x00\xc3\x00\x30\x03\x0c'\
    b'\x00\x00\x0c\x30\x00\x00\x30\xc0\x00\x00\xc3\x00\x00\x03\x0f\xff'\
    b'\xff\xfc\x3f\xff\xff\xf0\x00\x00\x00\x00\x00\x00\x00\x00\x00\x00'\
    b'\x00\x00\x00\x00\x00\x00\x00\x00\x00\x00\x00\x00\x00\x00\x00\x00'\
    b'\x00\x00\x00\x00\x00\x00\x00\x00\x00\x00\x00\x00\x00\x00\x00\x00'\
    b'\x00\x00\x00\x00\x00\x00\x00\x00\x00\x00\x00\x00\x00\x00\x00\x00'\
    b'\x00\x00\x00\x00\x00\x00\x00\x00\x00\x00\x00\x00\x00\x00\x00\x00'\
    b'\x00\x00\x00\x00\x00\x00\x00\x00\x00\x00\x00\x00\x00\x00\x00\x00'\
    b'\xff\xff\xff\xc3\xff\xff\xff\x0c\x00\x00\x0c\x30\x00\x00\x30\xc0'\
    b'\x00\x00\xc3\x00\x00\x03\x0c\x03\xf0\x0c\x30\x3f\xf0\x30\xc1\xf3'\
    b'\xe0\xc3\x0f\x03\x83\x0c\x38\x07\x0c\x30\xc0\x0c\x30\xc3\x00\x30'\
    b'\xc3\x0c\x00\xc3\x0c\x20\x03\x0c\x30\x00\x1c\x30\xc0\x00\x60\xc3'\
    b'\x00\x03\x83\x0c\x00\x1c\x0c\x30\x00\xe0\x30\xc0\x07\x00\xc3\x00'\
    b'\x38\x03\x0c\x00\xc0\x0c\x30\x03\x00\x30\xc0\x0c\x00\xc3\x00\x30'\
    b'\x03\x0c\x00\x00\x0c\x30\x00\x00\x30\xc0\x0c\x00\xc3\x00\x78\x03'\
    b'\x0c\x01\xe0\x0c\x30\x03\x00\x30\xc0\x00\x00\xc3\x00\x00\x03\x0c'\
    b'\x00\x00\x0c\x30\x00\x00\x30\xff\xff\xff\xc3\xff\xff\xff\x00\x00'\
    b'\x00\x00\x00\x00\x00\x00\x00\x00\x00\x00\x00\x00\x00\x00\x00\x00'\
    b'\x00\x00\x00\x00\x00\x00\x00\x00\x00\x00\x00\x00\x00\x00\x00\x00'\
    b'\x00\x00\x00\x00\x00\x00\x00\x00\x00\x00\x00\x00\x00\x00\x00\x00'\
    b'\x00\x00\x00\x00\x00\x00\x00\x00\x00\x00\x00\x00\x00\x00\x00\x00'\
    b'\x00\x00\x00\x00\x00\x00\x00\x00\x00\x00\x00\x00\x00\x00\x00\x00'\
    b'\x00\x00\x00\x00\x00\x00\x00\x00\x0f\xff\xff\xfc\x3f\xff\xff\xf0'\
    b'\xc0\x00\x00\xc3\x00\x00\x03\x0c\x00\x00\x0c\x30\x00\x00\x30\xc0'\
    b'\x3f\x00\xc3\x03\xff\x03\x0c\x1f\x3e\x0c\x30\xf0\x38\x30\xc3\x80'\
    b'\x70\xc3\x0c\x00\xc3\x0c\x30\x03\x0c\x30\xc0\x0c\x30\xc2\x00\x30'\
    b'\xc3\x00\x01\xc3\x0c\x00\x06\x0c\x30\x00\x38\x30\xc0\x01\xc0\xc3'\
    b'\x00\x0e\x03\x0c\x00\x70\x0c\x30\x03\x80\x30\xc0\x0c\x00\xc3\x00'\
    b'\x30\x03\x0c\x00\xc0\x0c\x30\x03\x00\x30\xc0\x00\x00\xc3\x00\x00'\
    b'\x03\x0c\x00\xc0\x0c\x30\x07\x80\x30\xc0\x1e\x00\xc3\x00\x30\x03'\
    b'\x0c\x00\x00\x0c\x30\x00\x00\x30\xc0\x00\x00\xc3\x00\x00\x03\x0f'\
    b'\xff\xff\xfc\x3f\xff\xff\xf0\x00\x00\x00\x00\x00\x00\x00\x00\x00'\
    b'\x00\x00\x00\x00\x00\x00\x00\x00\x00\x00\x00\x00\x00\x00\x00\x00'\
    b'\x00\x00\x00\x00\x00\x00\x00\x00\x00\x00\x00\x00\x00\x00\x00\x00'\
    b'\x00\x00\x00\x00\x00\x00\x00\x00\x00\x00\x00\x00\x00\x00\x00\x00'\
    b'\x00\x00\x00\x00\x00\x00\x00\x00\x00\x00\x00\x00\x00\x00\x00\x00'\
    b'\x00\x00\x00\x00\x00\x00\x00\x00\x00\x00\x00\x00\x00\x00\x00\x00'\
    b'\x00\xff\xff\xff\xc3\xff\xff\xff\x0c\x00\x00\x0c\x30\x00\x00\x30'\
    b'\xc0\x00\x00\xc3\x00\x00\x03\x0c\x03\xf0\x0c\x30\x3f\xf0\x30\xc1'\
    b'\xf3\xe0\xc3\x0f\x03\x83\x0c\x38\x07\x0c\x30\xc0\x0c\x30\xc3\x00'\
    b'\x30\xc3\x0c\x00\xc3\x0c\x20\x03\x0c\x30\x00\x1c\x30\xc0\x00\x60'\
    b'\xc3\x00\x03\x83\x0c\x00\x1c\x0c\x30\x00\xe0\x30\xc0\x07\x00\xc3'\
    b'\x00\x38\x03\x0c\x00\xc0\x0c\x30\x03\x00\x30\xc0\x0c\x00\xc3\x00'\
    b'\x30\x03\x0c\x00\x00\x0c\x30\x00\x00\x30\xc0\x0c\x00\xc3\x00\x78'\
    b'\x03\x0c\x01\xe0\x0c\x30\x03\x00\x30\xc0\x00\x00\xc3\x00\x00\x03'\
    b'\x0c\x00\x00\x0c\x30\x00\x00\x30\xff\xff\xff\xc3\xff\xff\xff\x00'\
    b'\x00\x00\x00\x00\x00\x00\x00\x00\x00\x00\x00\x00\x00\x00\x00\x00'\
    b'\x00\x00\x00\x00\x00\x00\x00\x00\x00\x00\x00\x00\x00\x00\x00\x00'\
    b'\x00\x00\x00\x00\x00\x00\x00\x00\x00\x00\x00\x00\x00\x00\x00\x00'\
    b'\x00\x00\x00\x00\x00\x00\x00\x00\x00\x00\x00\x00\x00\x00\x00\x00'\
    b'\x00\x00\x00\x00\x00\x00\x00\x00\x00\x00\x00\x00\x00\x00\x00\x00'\
    b'\x00\x00\x00\x00\x00\x00\x00\x00\x00\x0f\xff\xff\xfc\x3f\xff\xff'\
    b'\xf0\xc0\x00\x00\xc3\x00\x00\x03\x0c\x00\x00\x0c\x30\x00\x00\x30'\
    b'\xc0\x3f\x00\xc3\x03\xff\x03\x0c\x1f\x3e\x0c\x30\xf0\x38\x30\xc3'\
    b'\x80\x70\xc3\x0c\x00\xc3\x0c\x30\x03\x0c\x30\xc0\x0c\x30\xc2\x00'\
    b'\x30\xc3\x00\x01\xc3\x0c\x00\x06\x0c\x30\x00\x38\x30\xc0\x01\xc0'\
    b'\xc3\x00\x0e\x03\x0c\x00\x70\x0c\x30\x03\x80\x30\xc0\x0c\x00\xc3'\
    b'\x00\x30\x03\x0c\x00\xc0\x0c\x30\x03\x00\x30\xc0\x00\x00\xc3\x00'\
    b'\x00\x03\x0c\x00\xc0\x0c\x30\x07\x80\x30\xc0\x1e\x00\xc3\x00\x30'\
    b'\x03\x0c\x00\x00\x0c\x30\x00\x00\x30\xc0\x00\x00\xc3\x00\x00\x03'\
    b'\x0f\xff\xff\xfc\x3f\xff\xff\xf0\x00\x00\x00\x00\x00\x00\x00\x00'\
    b'\x00\x00\x00\x00\x00\x00\x00\x00\x00\x00\x00\x00\x00\x00\x00\x00'\
    b'\x00\x00\x00\x00\x00\x00\x00\x00\x00\x00\x00\x00\x00\x00\x00\x00'\
    b'\x00\x00\x00\x00\x00\x00\x00\x00\x00\x00\x00\x00\x00\x00\x00\x00'\
    b'\x00\x00\x00\x00\x00\x00\x00\x00\x00\x00\x00\x00\x00\x00\x00\x00'\
    b'\x00\x00\x00\x00\x00\x00\x00\x00\x00\x00\x00\x00\x00\x00\x00\x00'\
    b'\x00\x00\xff\xff\xff\xc3\xff\xff\xff\x0c\x00\x00\x0c\x30\x00\x00'\
    b'\x30\xc0\x00\x00\xc3\x00\x00\x03\x0c\x03\xf0\x0c\x30\x3f\xf0\x30'\
    b'\xc1\xf3\xe0\xc3\x0f\x03\x83\x0c\x38\x07\x0c\x30\xc0\x0c\x30\xc3'\
    b'\x00\x30\xc3\x0c\x00\xc3\x0c\x20\x03\x0c\x30\x00\x1c\x30\xc0\x00'\
    b'\x60\xc3\x00\x03\x83\x0c\x00\x1c\x0c\x30\x00\xe0\x30\xc0\x07\x00'\
    b'\xc3\x00\x38\x03\x0c\x00\xc0\x0c\x30\x03\x00\x30\xc0\x0c\x00\xc3'\
    b'\x00\x30\x03\x0c\x00\x00\x0c\x30\x00\x00\x30\xc0\x0c\x00\xc3\x00'\
    b'\x78\x03\x0c\x01\xe0\x0c\x30\x03\x00\x30\xc0\x00\x00\xc3\x00\x00'\
    b'\x03\x0c\x00\x00\x0c\x30\x00\x00\x30\xff\xff\xff\xc3\xff\xff\xff'\
    b'\x00\x00\x00\x00\x00\x00\x00\x00\x00\x00\x00\x00\x00\x00\x00\x00'\
    b'\x00\x00\x00\x00\x00\x00\x00\x00\x00\x00\x00\x00\x00\x00\x00\x00'\
    b'\x00\x00\x00\x00\x00\x00\x00\x00\x00\x00\x00\x00\x00\x00\x00\x00'\
    b'\x00\x00\x00\x00\x00\x00\x00\x00\x00\x00\x00\x00\x00\x00\x00\x00'\
    b'\x00\x00\x00\x00\x00\x00\x00\x00\x00\x00\x00\x00\x00\x00\x00\x00'\
    b'\x00\x00\x00\x00\x00\x00\x00\x00\x00\x00\x0f\xff\xff\xfc\x3f\xff'\
    b'\xff\xf0\xc0\x00\x00\xc3\x00\x00\x03\x0c\x00\x00\x0c\x30\x00\x00'\
    b'\x30\xc0\x3f\x00\xc3\x03\xff\x03\x0c\x1f\x3e\x0c\x30\xf0\x38\x30'\
    b'\xc3\x80\x70\xc3\x0c\x00\xc3\x0c\x30\x03\x0c\x30\xc0\x0c\x30\xc2'\
    b'\x00\x30\xc3\x00\x01\xc3\x0c\x00\x06\x0c\x30\x00\x38\x30\xc0\x01'\
    b'\xc0\xc3\x00\x0e\x03\x0c\x00\x70\x0c\x30\x03\x80\x30\xc0\x0c\x00'\
    b'\xc3\x00\x30\x03\x0c\x00\xc0\x0c\x30\x03\x00\x30\xc0\x00\x00\xc3'\
    b'\x00\x00\x03\x0c\x00\xc0\x0c\x30\x07\x80\x30\xc0\x1e\x00\xc3\x00'\
    b'\x30\x03\x0c\x00\x00\x0c\x30\x00\x00\x30\xc0\x00\x00\xc3\x00\x00'\
    b'\x03\x0f\xff\xff\xfc\x3f\xff\xff\xf0\x00\x00\x00\x00\x00\x00\x00'\
    b'\x00\x00\x00\x00\x00\x00\x00\x00\x00\x00\x00\x00\x00\x00\x00\x00'\
    b'\x00\x00\x00\x00\x00\x00\x00\x00\x00\x00\x00\x00\x00\x00\x00\x00'\
    b'\x00\x00\x00\x00\x00\x00\x00\x00\x00\x00\x00\x00\x00\x00\x00\x00'\
    b'\x00\x00\x00\x00\x00\x00\x00\x00\x00\x00\x00\x00\x00\x00\x00\x00'\
    b'\x00\x00\x00\x00\x00\x00\x00\x00\x00\x00\x00\x00\x00\x00\x00\x00'\
    b'\x00\x00\x00\xff\xff\xff\xc3\xff\xff\xff\x0c\x00\x00\x0c\x30\x00'\
    b'\x00\x30\xc0\x00\x00\xc3\x00\x00\x03\x0c\x03\xf0\x0c\x30\x3f\xf0'\
    b'\x30\xc1\xf3\xe0\xc3\x0f\x03\x83\x0c\x38\x07\x0c\x30\xc0\x0c\x30'\
    b'\xc3\x00\x30\xc3\x0c\x00\xc3\x0c\x20\x03\x0c\x30\x00\x1c\x30\xc0'\
    b'\x00\x60\xc3\x00\x03\x83\x0c\x00\x1c\x0c\x30\x00\xe0\x30\xc0\x07'\
    b'\x00\xc3\x00\x38\x03\x0c\x00\xc0\x0c\x30\x03\x00\x30\xc0\x0c\x00'\
    b'\xc3\x00\x30\x03\x0c\x00\x00\x0c\x30\x00\x00\x30\xc0\x0c\x00\xc3'\
    b'\x00\x78\x03\x0c\x01\xe0\x0c\x30\x03\x00\x30\xc0\x00\x00\xc3\x00'\
    b'\x00\x03\x0c\x00\x00\x0c\x30\x00\x00\x30\xff\xff\xff\xc3\xff\xff'\
    b'\xff\x00\x00\x00\x00\x00\x00\x00\x00\x00\x00\x00\x00\x00\x00\x00'\
    b'\x00\x00\x00\x00\x00\x00\x00\x00\x00\x00\x00\x00\x00\x00\x00\x00'\
    b'\x00\x00\x00\x00\x00\x00\x00\x00\x00\x00\x00\x00\x00\x00\x00\x00'\
    b'\x00\x00\x00\x00\x00\x00\x00\x00\x00\x00\x00\x00\x00\x00\x00\x00'\
    b'\x00\x00\x00\x00\x00\x00\x00\x00\x00\x00\x00\x00\x00\x00\x00\x00'\
    b'\x00\x00\x00\x00\x00\x00\x00\x00\x00\x00\x00\x0f\xff\xff\xfc\x3f'\
    b'\xff\xff\xf0\xc0\x00\x00\xc3\x00\x00\x03\x0c\x00\x00\x0c\x30\x00'\
    b'\x00\x30\xc0\x3f\x00\xc3\x03\xff\x03\x0c\x1f\x3e\x0c\x30\xf0\x38'\
    b'\x30\xc3\x80\x70\xc3\x0c\x00\xc3\x0c\x30\x03\x0c\x30\xc0\x0c\x30'\
    b'\xc2\x00\x30\xc3\x00\x01\xc3\x0c\x00\x06\x0c\x30\x00\x38\x30\xc0'\
    b'\x01\xc0\xc3\x00\x0e\x03\x0c\x00\x70\x0c\x30\x03\x80\x30\xc0\x0c'\
    b'\x00\xc3\x00\x30\x03\x0c\x00\xc0\x0c\x30\x03\x00\x30\xc0\x00\x00'\
    b'\xc3\x00\x00\x03\x0c\x00\xc0\x0c\x30\x07\x80\x30\xc0\x1e\x00\xc3'\
    b'\x00\x30\x03\x0c\x00\x00\x0c\x30\x00\x00\x30\xc0\x00\x00\xc3\x00'\
    b'\x00\x03\x0f\xff\xff\xfc\x3f\xff\xff\xf0\x00\x00\x00\x00\x00\x00'\
    b'\x00\x00\x00\x00\x00\x00\x00\x00\x00\x00\x00\x00\x00\x00\x00\x00'\
    b'\x00\x00\x00\x00\x00\x00\x00\x00\x00\x00\x00\x00\x00\x00\x00\x00'\
    b'\x00\x00\x00\x00\x00\x00\x00\x00\x00\x00\x00\x00\x00\x00\x00\x00'\
    b'\x00\x00\x00\x00\x00\x00\x00\x00\x00\x00\x00\x00\x00\x00\x00\x00'\
    b'\x00\x00\x00\x00\x00\x00\x00\x00\x00\x00\x00\x00\x00\x00\x00\x00'\
    b'\x00\x00\x00\x00\xff\xff\xff\xc3\xff\xff\xff\x0c\x00\x00\x0c\x30'\
    b'\x00\x00\x30\xc0\x00\x00\xc3\x00\x00\x03\x0c\x03\xf0\x0c\x30\x3f'\
    b'\xf0\x30\xc1\xf3\xe0\xc3\x0f\x03\x83\x0c\x38\x07\x0c\x30\xc0\x0c'\
    b'\x30\xc3\x00\x30\xc3\x0c\x00\xc3\x0c\x20\x03\x0c\x30\x00\x1c\x30'\
    b'\xc0\x00\x60\xc3\x00\x03\x83\x0c\x00\x1c\x0c\x30\x00\xe0\x30\xc0'\
    b'\x07\x00\xc3\x00\x38\x03\x0c\x00\xc0\x0c\x30\x03\x00\x30\xc0\x0c'\
    b'\x00\xc3\x00\x30\x03\x0c\x00\x00\x0c\x30\x00\x00\x30\xc0\x0c\x00'\
    b'\xc3\x00\x78\x03\x0c\x01\xe0\x0c\x30\x03\x00\x30\xc0\x00\x00\xc3'\
    b'\x00\x00\x03\x0c\x00\x00\x0c\x30\x00\x00\x30\xff\xff\xff\xc3\xff'\
    b'\xff\xff\x00\x00\x00\x00\x00\x00\x00\x00\x00\x00\x00\x00\x00\x00'\
    b'\x00\x00\x00\x00\x00\x00\x00\x00\x00\x00\x00\x00\x00\x00\x00\x00'\
    b'\x00\x00\x00\x00\x00\x00\x00\x00\x00\x00\x00\x00\x00\x00\x00\x00'\
    b'\x00\x00\x00\x00\x00\x00\x00\x00\x00\x00\x00\x00\x00\x00\x00\x00'\
    b'\x00\x00\x00\x00\x00\x00\x00\x00\x00\x00\x00\x00\x00\x00\x00\x00'\
    b'\x00\x00\x00\x00\x00\x00\x00\x00\x00\x00\x00\x00\x0f\xff\xff\xfc'\
    b'\x3f\xff\xff\xf0\xc0\x00\x00\xc3\x00\x00\x03\x0c\x00\x00\x0c\x30'\
    b'\x00\x00\x30\xc0\x3f\x00\xc3\x03\xff\x03\x0c\x1f\x3e\x0c\x30\xf0'\
    b'\x38\x30\xc3\x80\x70\xc3\x0c\x00\xc3\x0c\x30\x03\x0c\x30\xc0\x0c'\
    b'\x30\xc2\x00\x30\xc3\x00\x01\xc3\x0c\x00\x06\x0c\x30\x00\x38\x30'\
    b'\xc0\x01\xc0\xc3\x00\x0e\x03\x0c\x00\x70\x0c\x30\x03\x80\x30\xc0'\
    b'\x0c\x00\xc3\x00\x30\x03\x0c\x00\xc0\x0c\x30\x03\x00\x30\xc0\x00'\
    b'\x00\xc3\x00\x00\x03\x0c\x00\xc0\x0c\x30\x07\x80\x30\xc0\x1e\x00'\
    b'\xc3\x00\x30\x03\x0c\x00\x00\x0c\x30\x00\x00\x30\xc0\x00\x00\xc3'\
    b'\x00\x00\x03\x0f\xff\xff\xfc\x3f\xff\xff\xf0\x00\x00\x00\x00\x00'\
    b'\x00\x00\x00\x00\x00\x00\x00\x00\x00\x00\x00\x00\x00\x00\x00\x00'\
    b'\x00\x00\x00\x00\x00\x00\x00\x00\x00\x00\x00\x00\x00\x00\x00\x00'\
    b'\x00\x00\x00\x00\x00\x00\x00\x00\x00\x00\x00\x00\x00\x00\x00\x00'\
    b'\x00\x00\x00\x00\x00\x00\x00\x00\x00\x00\x00\x00\x00\x00\x00\x00'\
    b'\x00\x00\x00\x00\x00\x00\x00\x00\x00\x00\x00\x00\x00\x00\x00\x00'\
    b'\x00\x00\x00\x00\x00\x00\x00\x00\x00\x00\x00\x00\x00\x00\x00\x00'\
    b'\x00\x00\x00\x00\x00\x00\x00\x00\x00\x00\x00\x00\x00\x00\x00\x00'\
    b'\x00\x00\x00\x00\x00\x00\x00\x00\x00\x00\x00\x00\x00\x00\x00\x00'\
    b'\x00\x00\x00\x00\x00\x00\x00\x00\x00\x00\x00\x00\x00\x00\x00\x00'\
    b'\x00\x00\x00\x00\x00\x00\x00\x00\x00\x00\x00\x00\x00\x00\x00\x00'\
    b'\x00\x00\x00\x00\x00\x00\x00\x00\x00\x00\x00\x00\x00\x00\x00\x00'\
    b'\x00\x00\x00\x00\x00\x38\x07\x80\x7c\x07\x80\x38\x00\x00\x00\x00'\
    b'\x00\x10\x03\x80\x38\x03\x80\x38\x03\x80\x38\x03\x80\x38\x03\x80'\
    b'\x38\x03\x80\x38\x03\x80\x38\x03\x80\x38\x03\x80\x38\x03\x80\x38'\
    b'\x03\x80\x38\x03\x80\x38\x03\x80\x38\x03\x80\x38\x03\x00\x00\x00'\
    b'\x00\x00\x00\x00\x00\x00\x00\x00\x00\x00\x00\x00\x00\x00\x00\x00'\
    b'\x00\x00\x00\x00\x00\x00\x00\x00\x00\x00\x00\x00\x00\x00\x00\x00'\
    b'\x00\x00\x00\x00\x00\x00\x00\x00\x00\x00\x00\x00\x00\x00\x00\x00'\
    b'\x00\x00\x00\x00\x00\x00\x00\x00\x00\x00\x00\x00\x00\x00\x00\x00'\
    b'\x00\x00\x0c\x00\x00\x00\xc0\x00\x00\x1c\x00\x00\x01\xc0\x00\x00'\
    b'\x18\x00\x00\xff\x80\x00\x7f\xf8\x00\x0f\xff\xe0\x01\xe0\x7f\x00'\
    b'\x3c\x07\x78\x07\x80\xe3\xc0\xf0\x0e\x18\x0e\x00\xc0\x00\xe0\x1c'\
    b'\x00\x1c\x01\xc0\x01\xc0\x18\x00\x1c\x03\x80\x01\xc0\x38\x00\x1c'\
    b'\x07\x00\x01\xc0\x70\x00\x1c\x06\x00\x01\xc0\xe0\x00\x1c\x0e\x00'\
    b'\x00\xe0\xc0\x00\x0e\x1c\x00\x00\x71\xc0\x00\x07\xb8\x01\x00\x3f'\
    b'\x80\x38\x01\xf0\x0f\x80\x0f\xff\xf0\x00\x7f\xfc\x00\x06\xff\x00'\
    b'\x00\xe0\x00\x00\x0e\x00\x00\x01\xc0\x00\x00\x1c\x00\x00\x00\x00'\
    b'\x00\x00\x00\x00\x00\x00\x00\x00\x00\x00\x00\x00\x00\x00\x00\x00'\
    b'\x00\x00\x00\x00\x00\x00\x00\x00\x00\x00\x00\x00\x00\x00\x00\x00'\
    b'\x00\x00\x00\x00\x00\x00\x00\x00\x00\x00\x00\x00\x00\x00\x00\x00'\
    b'\x00\x00\x00\x00\x00\x00\x00\x00\x00\x00\x00\x00\x00\x00\x03\xf0'\
    b'\x00\x0f\xfc\x00\x1f\xfe\x00\x3c\x0f\x00\x78\x07\x80\x70\x03\x80'\
    b'\xe0\x00\x00\xe0\x00\x00\xe0\x00\x00\xe0\x00\x00\xe0\x00\x00\xe0'\
    b'\x00\x00\xe0\x00\x00\x70\x00\x00\x70\x00\x00\x70\x00\x00\x38\x00'\
    b'\x00\x38\x00\x00\x38\x00\x01\xff\xfc\x03\xff\xfc\x03\xff\xfc\x00'\
    b'\x1c\x00\x00\x1c\x00\x00\x1c\x00\x00\x1c\x00\x00\x38\x00\x00\x38'\
    b'\x00\x00\x38\x00\x00\x38\x00\x00\x38\x00\x00\x78\x00\x20\x70\x00'\
    b'\x70\x70\x00\x70\x70\x00\xf0\xff\xff\xe0\xff\xff\xe0\xff\xff\xc0'\
    b'\x00\x00\x00\x00\x00\x00\x00\x00\x00\x00\x00\x00\x00\x00\x00\x00'\
    b'\x00\x00\x00\x00\x00\x00\x00\x00\x00\x00\x00\x00\x00\x00\x00\x00'\
    b'\x00\x00\x00\x00\x00\x00\x00\x00\x00\x00\x00\x00\x00\x00\x00\x00'\
    b'\x00\x00\x00\x00\x00\x00\x00\x00\x00\x00\x00\x00\x00\x00\x00\x00'\
    b'\x00\x00\x00\x00\x00\x00\x00\x00\x00\x00\x00\x00\x00\x00\x00\x00'\
    b'\x00\x00\x00\x00\x00\x00\x00\x00\x00\x00\x00\x00\x00\x00\x00\x00'\
    b'\x60\x00\xc1\xe0\x03\xc3\xcf\xef\x83\xff\xfe\x03\xff\xf8\x03\xc1'\
    b'\xe0\x0f\x01\xe0\x1c\x01\xc0\x38\x03\x80\xf0\x07\x81\xe0\x0f\x01'\
    b'\xc0\x1c\x03\x80\x38\x07\x80\xf0\x07\x83\xc0\x1f\xff\xc0\x7f\xff'\
    b'\xc1\xe1\xc3\xc1\x80\x03\x00\x00\x00\x00\x00\x00\x00\x00\x00\x00'\
    b'\x00\x00\x00\x00\x00\x00\x00\x00\x00\x00\x00\x00\x00\x00\x00\x00'\
    b'\x00\x00\x00\x00\x00\x00\x00\x00\x00\x00\x00\x00\x00\x00\x00\x00'\
    b'\x00\x00\x00\x00\x00\x00\x00\x00\x00\x00\x00\x00\x00\x00\x00\x00'\
    b'\x00\x00\x00\x00\x00\x00\x00\x00\x00\x00\x00\x00\x00\x00\x00\x00'\
    b'\x00\x00\x00\x00\x00\x00\x00\x00\x00\x00\x00\x00\x00\x00\x00\x00'\
    b'\x00\x00\x00\x00\x00\x00\x00\x00\x00\x00\x00\x00\x00\x00\x00\x00'\
    b'\x00\x00\x00\x06\x00\x00\x00\xf8\x00\x00\x07\x70\x00\x00\x3d\xe0'\
    b'\x00\x00\xe3\x80\x00\x07\x87\x00\x00\x1c\x1c\x00\x00\xe0\x38\x00'\
    b'\x07\x80\xf0\x00\x1c\x01\xc0\x00\xe0\x03\x80\x03\x80\x0e\x00\x1c'\
    b'\x00\x1c\x00\xf0\x00\x78\x03\x80\x00\xe0\x1c\x00\x01\xc0\x70\x00'\
    b'\x07\x03\x80\x00\x0e\x1c\x00\x00\x1c\x70\x00\x00\x73\x80\x00\x00'\
    b'\xee\x00\x00\x7f\xff\xc0\x03\xff\xff\x00\x07\xff\xf8\x00\x00\x38'\
    b'\x00\x00\x00\xe0\x00\x00\x03\x80\x00\x07\xff\xfc\x00\x3f\xff\xf0'\
    b'\x00\x7f\xff\x80\x00\x03\x80\x00\x00\x0e\x00\x00\x00\x38\x00\x00'\
    b'\x00\xe0\x00\x00\x03\x80\x00\x00\x0e\x00\x00\x00\x38\x00\x00\x00'\
    b'\xc0\x00\x00\x00\x00\x00\x00\x00\x00\x00\x00\x00\x00\x00\x00\x00'\
    b'\x00\x00\x00\x00\x00\x00\x00\x00\x00\x00\x00\x00\x00\x00\x00\x00'\
    b'\x00\x00\x00\x00\x00\x00\x00\x00\x00\x00\x00\x00\x00\x00\x00\x00'\
    b'\x00\x00\x00\x00\x00\x00\x03\x80\x70\x0e\x01\xc0\x38\x07\x00\xe0'\
    b'\x1c\x03\x80\x70\x0e\x01\xc0\x38\x07\x00\xe0\x1c\x03\x80\x70\x0e'\
    b'\x01\xc0\x38\x00\x00\x00\x00\x00\x00\x00\x00\x00\x00\x00\x00\x00'\
    b'\x00\x00\x00\x00\x00\x0e\x01\xc0\x38\x07\x00\xe0\x1c\x03\x80\x70'\
    b'\x0e\x01\xc0\x38\x07\x00\xe0\x1c\x03\x80\x70\x0e\x01\xc0\x38\x07'\
    b'\x00\x00\x00\x00\x00\x00\x00\x00\x00\x00\x00\x00\x00\x00\x00\x00'\
    b'\x00\x00\x00\x00\x00\x00\x00\x00\x00\x00\x00\x00\x00\x00\x00\x00'\
    b'\x00\x00\x00\x00\x00\x00\x01\xf8\x00\x0f\xfc\x00\x3f\xfe\x00\xf0'\
    b'\x3e\x03\xc0\x1c\x07\x00\x3c\x1c\x00\x38\x38\x00\x70\x70\x00\x60'\
    b'\xe0\x00\xc1\xc0\x00\x03\x80\x00\x03\x80\x00\x07\x80\x00\x07\xc0'\
    b'\x00\x07\xfc\x00\x07\xfe\x00\x1f\xfe\x00\x78\x1e\x01\xe0\x1e\x03'\
    b'\x80\x1e\x0f\x00\x1c\x1c\x00\x38\x38\x00\x70\x70\x00\xe0\xe0\x01'\
    b'\xc1\xc0\x03\x83\xc0\x07\x03\x80\x1e\x07\x80\x78\x07\xc1\xe0\x07'\
    b'\xff\x80\x03\xfe\x00\x01\xff\x00\x00\x1f\x00\x00\x1e\x00\x00\x1e'\
    b'\x00\x00\x1c\x08\x00\x38\x38\x00\x70\x70\x00\xe0\xe0\x01\xc1\xc0'\
    b'\x03\x81\xc0\x0f\x03\xc0\x3c\x03\xc0\xf0\x03\xff\xe0\x03\xff\x00'\
    b'\x01\xf8\x00\x00\x00\x00\x00\x00\x00\x00\x00\x00\x00\x00\x00\x00'\
    b'\x00\x00\x00\x00\x00\x00\x00\x00\x00\x00\x00\x00\x00\x00\x00\x00'\
    b'\x00\x00\x00\x00\x00\x00\x00\x00\x00\x00\x00\x00\x00\x00\x07\x03'\
    b'\x80\x1f\x07\x80\x3e\x1f\x00\x7c\x1e\x00\x70\x38\x00\x00\x00\x00'\
    b'\x00\x00\x00\x00\x00\x00\x00\x00\x00\x00\x00\x00\x00\x00\x00\x00'\
    b'\x00\x00\x00\x00\x00\x00\x00\x00\x00\x00\x00\x00\x00\x00\x00\x00'\
    b'\x00\x00\x00\x00\x00\x00\x00\x00\x00\x00\x00\x00\x00\x00\x00\x00'\
    b'\x00\x00\x00\x00\x00\x00\x00\x00\x00\x00\x00\x00\x00\x00\x00\x00'\
    b'\x00\x00\x00\x00\x00\x00\x00\x00\x00\x00\x00\x00\x00\x00\x00\x00'\
    b'\x00\x00\x00\x00\x00\x00\x00\x00\x00\x00\x00\x00\x00\x00\x00\x00'\
    b'\x00\x00\x00\x00\x00\x00\x00\x00\x00\x00\x00\x00\x00\x00\x00\x00'\
    b'\x00\x00\x00\x00\x00\x00\x00\x00\x00\x00\x00\x00\x00\x00\x00\x00'\
    b'\x00\x00\x00\x00\x00\x00\x00\x00\x00\x00\x00\x00\x00\x00\x00\x00'\
    b'\x00\x00\x00\x00\x00\x00\x00\x00\x00\x00\x00\x00\x00\x00\x00\x00'\
    b'\x00\x00\x00\x00\x00\x00\x00\x00\x00\x00\x00\x00\x00\x00\x00\x00'\
    b'\x00\x00\x00\x00\x00\x00\x00\x00\x00\x03\xfc\x00\x00\x00\x0f\xff'\
    b'\xc0\x00\x00\x1f\xff\xf8\x00\x00\x3f\x00\x3f\x00\x00\x3e\x00\x07'\
    b'\xc0\x00\x3c\x00\x00\xf0\x00\x3c\x03\xc0\x3c\x00\x3c\x1f\xfc\x0f'\
    b'\x00\x3c\x1f\xff\x83\xc0\x1c\x1f\x03\xe0\xe0\x1c\x1e\x00\xf8\x38'\
    b'\x0e\x1e\x00\x1c\x1c\x0e\x0e\x00\x0c\x07\x07\x0f\x00\x00\x03\x83'\
    b'\x07\x00\x00\x01\xc3\x83\x80\x00\x00\x61\xc3\xc0\x00\x00\x38\xe1'\
    b'\xc0\x00\x00\x1c\x70\xe0\x00\x00\x0e\x38\x70\x00\x00\x07\x1c\x3c'\
    b'\x00\x00\x03\x8e\x0e\x00\x00\x01\xc7\x07\x00\x00\x00\xc1\x83\xc0'\
    b'\x00\x00\xe0\xe0\xe0\x00\x00\x70\x70\x78\x00\x00\x38\x1c\x1e\x00'\
    b'\x30\x38\x0e\x07\xc0\x7c\x1c\x03\x81\xff\xfc\x1c\x01\xe0\x7f\xf8'\
    b'\x1e\x00\x78\x07\xf0\x1e\x00\x1e\x00\x00\x1e\x00\x07\x80\x00\x1e'\
    b'\x00\x01\xf0\x00\x3e\x00\x00\x7e\x00\x7e\x00\x00\x1f\xff\xfc\x00'\
    b'\x00\x03\xff\xf8\x00\x00\x00\x1f\xe0\x00\x00\x00\x00\x00\x00\x00'\
    b'\x00\x00\x00\x00\x00\x00\x00\x00\x00\x00\x00\x00\x00\x00\x00\x00'\
    b'\x00\x00\x00\x00\x00\x00\x00\x00\x00\x00\x00\x00\x00\x00\x00\x00'\
    b'\x00\x00\x00\x00\x00\x00\x00\x00\x00\x00\x00\x00\x00\x00\x00\x00'\
    b'\x00\x00\x00\x00\x00\x00\x00\x00\x00\x00\x00\x00\x00\x00\x00\x00'\
    b'\x00\x00\x00\x00\x00\x00\x00\x00\x00\x00\x00\x00\x00\x00\x00\x00'\
    b'\x00\x00\x00\x00\x00\x00\x00\x00\x00\x7e\x00\x03\xff\x00\x0f\xff'\
    b'\x80\x3c\x0f\x80\xf0\x07\x01\xc0\x07\x07\x00\x0e\x0e\x00\x0c\x1c'\
    b'\x00\x18\x38\x00\x38\x70\x00\x70\xe0\x01\xe1\xc0\x03\xc1\xc0\x0f'\
    b'\x83\xc0\x3f\x03\xe0\xfe\x03\xff\xdc\x03\xff\x38\x00\xf0\x20\x00'\
    b'\x00\x00\x00\x00\x00\x00\x00\x00\x00\x00\x00\x00\x00\x00\x00\x00'\
    b'\x00\x00\x00\x00\x00\x00\x00\x00\x00\x00\x00\x00\x00\x00\x00\x00'\
    b'\x00\x00\x00\x00\x00\x00\x00\x00\x00\x00\x00\x00\x00\x00\x00\x00'\
    b'\x00\x00\x00\x00\x00\x00\x00\x00\x00\x00\x00\x00\x00\x00\x00\x00'\
    b'\x00\x00\x00\x00\x00\x00\x00\x00\x00\x00\x00\x00\x00\x00\x00\x00'\
    b'\x00\x00\x00\x00\x00\x00\x00\x00\x00\x00\x00\x00\x00\x00\x00\x00'\
    b'\x00\x00\x00\x00\x00\x00\x00\x00\x00\x00\x00\x00\x00\x00\x00\x00'\
    b'\x00\x00\x00\x00\x00\x00\x00\x00\x00\x00\x00\x00\x00\x00\x00\x00'\
    b'\x00\x00\x00\x00\x00\x00\x00\x00\x00\x00\x00\x00\x00\x00\x00\x00'\
    b'\x00\x00\x00\x00\x00\x00\x00\x00\x00\x00\x00\xc0\x30\x01\xc0\x70'\
    b'\x07\x81\xc0\x0e\x03\x80\x3c\x0f\x00\x70\x1c\x01\xe0\x78\x03\x80'\
    b'\xe0\x0f\x03\xc0\x1c\x07\x00\x78\x1e\x00\xe0\x38\x03\xc0\xf0\x07'\
    b'\x01\xc0\x0e\x03\x80\x0e\x03\x80\x1c\x07\x00\x1c\x07\x00\x38\x0e'\
    b'\x00\x38\x0e\x00\x70\x1c\x00\x70\x1c\x00\xe0\x38\x00\xe0\x38\x01'\
    b'\xc0\x70\x01\xc0\x70\x03\x00\xc0\x00\x00\x00\x00\x00\x00\x00\x00'\
    b'\x00\x00\x00\x00\x00\x00\x00\x00\x00\x00\x00\x00\x00\x00\x00\x00'\
    b'\x00\x00\x00\x00\x00\x00\x00\x00\x00\x00\x00\x00\x00\x00\x00\x00'\
    b'\x00\x00\x00\x00\x00\x00\x00\x00\x00\x00\x00\x00\x00\x00\x00\x00'\
    b'\x00\x00\x00\x00\x00\x00\x00\x00\x00\x00\x00\x00\x00\x00\x00\x00'\
    b'\x00\x00\x00\x00\x00\x00\x00\x00\x00\x00\x00\x00\x00\x00\x00\x00'\
    b'\x00\x00\x00\x00\x00\x00\x00\x00\x00\x00\x00\x00\x00\x00\x00\x00'\
    b'\x00\x00\x00\x00\x00\x0f\xff\xff\xc3\xff\xff\xf0\x7f\xff\xfc\x00'\
    b'\x00\x07\x00\x00\x01\xc0\x00\x00\x70\x00\x00\x1c\x00\x00\x07\x00'\
    b'\x00\x01\xc0\x00\x00\x70\x00\x00\x08\x00\x00\x00\x00\x00\x00\x00'\
    b'\x00\x00\x00\x00\x00\x00\x00\x00\x00\x00\x00\x00\x00\x00\x00\x00'\
    b'\x00\x00\x00\x00\x00\x00\x00\x00\x00\x00\x00\x00\x00\x00\x00\x00'\
    b'\x00\x00\x00\x00\x00\x00\x00\x00\x00\x00\x00\x00\x00\x00\x00\x00'\
    b'\x00\x00\x00\x00\x00\x00\x00\x00\x00\x00\x00\x00\x00\x00\x00\x00'\
    b'\x00\x00\x00\x00\x00\x00\x00\x00\x00\x00\x00\x00\x00\x00\x00\x00'\
    b'\x00\x00\x00\x00\x00\x00\x00\x00\x00\x00\x00\x00\x00\x00\x00\x00'\
    b'\x00\x00\x00\x00\x00\x00\x00\x00\x00\x00\x00\x00\x00\x00\x00\x00'\
    b'\x00\x00\x00\x00\x00\x00\x00\x00\x00\x00\x00\x00\x00\x00\x00\x00'\
    b'\x00\x00\x00\x00\x00\x00\x00\x00\x00\x00\x00\x00\x00\x00\x00\x00'\
    b'\x00\x00\x00\x00\x00\x00\x00\x00\x00\x00\x00\x00\x00\x00\x00\x00'\
    b'\x00\x00\x00\x00\x00\x00\x07\xff\xc1\xff\xf8\x3f\xff\x00\x00\x00'\
    b'\x00\x00\x00\x00\x00\x00\x00\x00\x00\x00\x00\x00\x00\x00\x00\x00'\
    b'\x00\x00\x00\x00\x00\x00\x00\x00\x00\x00\x00\x00\x00\x00\x00\x00'\
    b'\x00\x00\x00\x00\x00\x00\x00\x00\x00\x00\x00\x00\x00\x00\x00\x00'\
    b'\x00\x00\x00\x00\x00\x00\x00\x00\x00\x00\x00\x00\x00\x00\x00\x00'\
    b'\x00\x00\x00\x00\x00\x00\x00\x00\x00\x00\x00\x00\x00\x00\x00\x00'\
    b'\x00\x00\x00\x00\x00\x00\x00\x00\x00\x00\x00\x00\x00\x00\x00\x00'\
    b'\x00\x00\x00\x00\x00\x00\x00\x00\x00\x00\x00\x00\x00\x00\x00\x00'\
    b'\x00\x00\x00\x00\x00\x00\x00\x00\x03\xfc\x00\x00\x00\x0f\xff\xc0'\
    b'\x00\x00\x1f\xff\xf8\x00\x00\x3f\x00\x3f\x00\x00\x3e\x00\x07\xc0'\
    b'\x00\x3c\x00\x00\xf0\x00\x3c\x7f\xe0\x3c\x00\x3c\x3f\xfc\x0f\x00'\
    b'\x3c\x1f\xff\x03\xc0\x1c\x0e\x03\xc0\xe0\x1c\x07\x00\xf0\x38\x0e'\
    b'\x03\x80\x38\x1c\x0e\x01\xc0\x1c\x07\x07\x00\xe0\x0e\x03\x83\x00'\
    b'\x70\x07\x01\xc3\x80\x38\x03\x80\x61\xc0\x1c\x03\x80\x38\xe0\x0e'\
    b'\x03\xc0\x1c\x70\x07\xff\xc0\x0e\x38\x03\xff\xc0\x07\x1c\x01\xff'\
    b'\x80\x03\x8e\x00\xe0\xe0\x01\xc7\x00\x70\x70\x00\xc1\x80\x38\x1c'\
    b'\x00\xe0\xe0\x1c\x07\x00\x70\x70\x0e\x03\x80\x38\x1c\x07\x00\xe0'\
    b'\x38\x0e\x03\x80\x78\x1c\x03\x81\xc0\x1c\x1c\x01\xe0\xe0\x06\x1e'\
    b'\x00\x78\x20\x03\x1e\x00\x1e\x00\x00\x1e\x00\x07\x80\x00\x1e\x00'\
    b'\x01\xf0\x00\x3e\x00\x00\x7e\x00\x7e\x00\x00\x1f\xff\xfc\x00\x00'\
    b'\x03\xff\xf8\x00\x00\x00\x1f\xe0\x00\x00\x00\x00\x00\x00\x00\x00'\
    b'\x00\x00\x00\x00\x00\x00\x00\x00\x00\x00\x00\x00\x00\x00\x00\x00'\
    b'\x00\x00\x00\x00\x00\x00\x00\x00\x00\x00\x00\x00\x00\x00\x00\x00'\
    b'\x00\x00\x00\x00\x00\x00\x00\x00\x00\x00\x00\x00\x00\x00\x00\x00'\
    b'\x00\x00\x00\x00\x00\x00\x00\x00\x00\x00\x00\x00\x00\x00\x00\x00'\
    b'\x00\x00\x00\x00\x00\x00\x00\x00\x00\x00\x00\x00\x00\x00\x00\x00'\
    b'\x00\x00\x00\x00\x00\x00\x00\x00\x00\x00\x00\x00\x00\x00\x00\x00'\
    b'\x00\x00\x00\x00\x00\x00\x00\x00\x00\x03\xff\xf0\x01\xff\xfe\x00'\
    b'\x3f\xff\x80\x00\x00\x00\x00\x00\x00\x00\x00\x00\x00\x00\x00\x00'\
    b'\x00\x00\x00\x00\x00\x00\x00\x00\x00\x00\x00\x00\x00\x00\x00\x00'\
    b'\x00\x00\x00\x00\x00\x00\x00\x00\x00\x00\x00\x00\x00\x00\x00\x00'\
    b'\x00\x00\x00\x00\x00\x00\x00\x00\x00\x00\x00\x00\x00\x00\x00\x00'\
    b'\x00\x00\x00\x00\x00\x00\x00\x00\x00\x00\x00\x00\x00\x00\x00\x00'\
    b'\x00\x00\x00\x00\x00\x00\x00\x00\x00\x00\x00\x00\x00\x00\x00\x00'\
    b'\x00\x00\x00\x00\x00\x00\x00\x00\x00\x00\x00\x00\x00\x00\x00\x00'\
    b'\x00\x00\x00\x00\x00\x00\x00\x00\x00\x00\x00\x00\x00\x00\x00\x00'\
    b'\x00\x00\x00\x00\x00\x00\x00\x00\x00\x00\x00\x00\x00\x00\x00\x00'\
    b'\x00\x00\x00\x00\x00\x00\x00\x00\x00\x00\x00\x00\x00\x00\x00\x00'\
    b'\x00\x00\x00\x00\x00\x00\x00\x00\x00\x00\x00\x00\x00\x00\x01\xe0'\
    b'\x00\x0f\xf8\x00\x7f\xf8\x01\xf0\xf8\x07\x80\x78\x0e\x00\x70\x3c'\
    b'\x00\x70\x70\x00\xe0\xe0\x01\xc1\xc0\x03\x83\x80\x07\x07\x00\x0e'\
    b'\x0e\x00\x1c\x0e\x00\x78\x1e\x01\xe0\x1e\x07\x80\x1f\xfe\x00\x1f'\
    b'\xf8\x00\x0f\xc0\x00\x00\x00\x00\x00\x00\x00\x00\x00\x00\x00\x00'\
    b'\x00\x00\x00\x00\x00\x00\x00\x00\x00\x00\x00\x00\x00\x00\x00\x00'\
    b'\x00\x00\x00\x00\x00\x00\x00\x00\x00\x00\x00\x00\x00\x00\x00\x00'\
    b'\x00\x00\x00\x00\x00\x00\x00\x00\x00\x00\x00\x00\x00\x00\x00\x00'\
    b'\x00\x00\x00\x00\x00\x00\x00\x00\x00\x00\x00\x00\x00\x00\x00\x00'\
    b'\x00\x00\x00\x00\x00\x00\x00\x00\x00\x00\x00\x00\x00\x00\x00\x00'\
    b'\x00\x00\x00\x00\x00\x00\x00\x00\x00\x00\x00\x00\x00\x00\x00\x00'\
    b'\x00\x00\x00\x00\x00\x00\x00\x00\x00\x00\x00\x00\x00\x00\x00\x00'\
    b'\x00\x00\x00\x00\x00\x00\x00\x00\x00\x00\x00\x00\x00\x00\x00\x00'\
    b'\x00\x00\x00\x00\x00\x00\x00\x00\x00\x00\x00\x00\x00\x00\x00\x00'\
    b'\xc0\x00\x00\x38\x00\x00\x0e\x00\x00\x03\x80\x00\x00\xe0\x00\x00'\
    b'\x38\x00\x00\x0e\x00\x00\x03\x80\x00\x00\xe0\x00\x00\x38\x00\x1f'\
    b'\xff\xfe\x0f\xff\xff\xc3\xff\xff\xf0\x00\x38\x00\x00\x0e\x00\x00'\
    b'\x03\x80\x00\x00\xe0\x00\x00\x38\x00\x00\x0e\x00\x00\x03\x80\x00'\
    b'\x00\xe0\x00\x00\x38\x00\x00\x0c\x00\x00\x00\x00\x00\x00\x00\x00'\
    b'\x00\x00\x00\x00\x00\x00\x00\x00\x00\x01\xff\xff\xe0\xff\xff\xfc'\
    b'\x3f\xff\xff\x00\x00\x00\x00\x00\x00\x00\x00\x00\x00\x00\x00\x00'\
    b'\x00\x00\x00\x00\x00\x00\x00\x00\x00\x00\x00\x00\x00\x00\x00\x00'\
    b'\x00\x00\x00\x00\x00\x00\x00\x00\x00\x00\x00\x00\x00\x00\x00\x00'\
    b'\x00\x00\x00\x00\x00\x00\x00\x00\x00\x00\x00\x00\x00\x00\x00\x00'\
    b'\x00\x00\x00\x1f\x00\x3f\xe0\x3f\xf0\x1c\x1c\x1c\x0e\x0e\x03\x07'\
    b'\x01\x81\x01\xc0\x00\xe0\x00\xe0\x00\xe0\x00\xe0\x00\xe0\x00\xe0'\
    b'\x00\xe0\x00\x70\x00\x70\x00\x7f\xf0\x3f\xfc\x1f\xfe\x00\x00\x00'\
    b'\x00\x00\x00\x00\x00\x00\x00\x00\x00\x00\x00\x00\x00\x00\x00\x00'\
    b'\x00\x00\x00\x00\x00\x00\x00\x00\x00\x00\x00\x00\x00\x00\x00\x00'\
    b'\x00\x00\x00\x00\x00\x00\x00\x00\x00\x00\x00\x00\x00\x00\x00\x00'\
    b'\x00\x00\x00\x00\x00\x00\x00\x00\x00\x00\x00\x00\x00\x00\x00\x00'\
    b'\x00\x00\x00\x00\x00\x00\x00\x00\x00\x00\x00\x00\x00\x00\x00\x00'\
    b'\x00\x00\x00\x00\x00\x00\x00\xfc\x00\xff\x00\xff\xc0\xf0\xf0\x70'\
    b'\x38\x38\x1c\x08\x0e\x00\x06\x00\x1f\x00\x1e\x00\x0f\xc0\x00\xf0'\
    b'\x00\x38\x38\x0c\x1c\x06\x0e\x07\x03\x83\x81\xff\x80\x7f\xc0\x0f'\
    b'\x80\x00\x00\x00\x00\x00\x00\x00\x00\x00\x00\x00\x00\x00\x00\x00'\
    b'\x00\x00\x00\x00\x00\x00\x00\x00\x00\x00\x00\x00\x00\x00\x00\x00'\
    b'\x00\x00\x00\x00\x00\x00\x00\x00\x00\x00\x00\x00\x00\x00\x00\x00'\
    b'\x00\x00\x00\x00\x00\x00\x00\x00\x00\x00\x00\x00\x00\x00\x00\x00'\
    b'\x00\x00\x00\x00\x00\x00\x00\x00\x00\x00\x00\x00\x00\x00\x00\x00'\
    b'\x00\x00\x00\x00\x06\x00\x78\x07\x80\x78\x07\x80\x7c\x07\xc0\x3c'\
    b'\x01\xc0\x00\x00\x00\x00\x00\x00\x00\x00\x00\x00\x00\x00\x00\x00'\
    b'\x00\x00\x00\x00\x00\x00\x00\x00\x00\x00\x00\x00\x00\x00\x00\x00'\
    b'\x00\x00\x00\x00\x00\x00\x00\x00\x00\x00\x00\x00\x00\x00\x00\x00'\
    b'\x00\x00\x00\x00\x00\x00\x00\x00\x00\x00\x00\x00\x00\x00\x00\x00'\
    b'\x00\x00\x00\x00\x00\x00\x00\x00\x00\x00\x00\x00\x00\x00\x00\x00'\
    b'\x00\x00\x00\x00\x00\x00\x00\x00\x00\x00\x00\x00\x00\x00\x00\x00'\
    b'\x00\x00\x00\x00\x00\x00\x00\x00\x00\x00\x00\x00\x00\x00\x00\x00'\
    b'\x00\x00\x00\x00\x00\x00\x00\x00\x00\x00\x00\x00\x00\x00\x00\x00'\
    b'\x00\x00\x00\x00\x00\x00\x00\x00\x00\x00\x00\x00\x00\x00\x00\x00'\
    b'\x00\x00\x00\x00\x00\x00\x00\x00\x00\x00\x00\x00\x00\x00\x00\x00'\
    b'\x00\x00\x00\x03\x00\x00\x1c\x03\x80\x00\x1c\x03\x80\x00\x1c\x03'\
    b'\x80\x00\x1c\x03\x80\x00\x1c\x03\x80\x00\x1c\x03\x80\x00\x1c\x03'\
    b'\x80\x00\x1c\x03\x80\x00\x1c\x03\x80\x00\x1c\x03\x80\x00\x1c\x03'\
    b'\x80\x00\x1c\x03\x80\x00\x1c\x03\x80\x00\x1c\x03\x80\x00\x1c\x03'\
    b'\x80\x00\x1c\x03\x80\x00\x1c\x03\x80\x00\x1c\x03\x80\x00\x1c\x03'\
    b'\xc0\x00\x3c\x03\xc0\x00\x3c\x03\xe0\x00\x7c\x03\xf0\x00\xfc\x03'\
    b'\xbc\x03\xdc\x03\x9f\xff\x9c\x03\x8f\xff\x1c\x03\x83\xf8\x1c\x03'\
    b'\x80\x00\x00\x03\x80\x00\x00\x03\x80\x00\x00\x03\x80\x00\x00\x03'\
    b'\x80\x00\x00\x03\x80\x00\x00\x03\x80\x00\x00\x03\x80\x00\x00\x03'\
    b'\x80\x00\x00\x03\x80\x00\x00\x03\x00\x00\x00\x00\x00\x00\x00\x00'\
    b'\x00\x00\x00\x00\x00\x00\x00\x00\x00\x00\x00\x00\x00\x00\x00\x00'\
    b'\x00\x00\x00\x00\x00\x00\x00\x00\x00\x00\x00\x00\x00\x00\x00\x00'\
    b'\x00\x00\x00\x00\x00\x00\x00\x00\x7f\xff\x80\x3f\xff\xf0\x0f\xff'\
    b'\xfc\x03\xff\x83\x80\xff\xf0\x70\x1f\xfe\x0e\x03\xff\xc1\xc0\xff'\
    b'\xf8\x38\x1f\xff\x07\x03\xff\xe0\xe0\x7f\xfc\x1c\x0f\xff\x83\x80'\
    b'\xff\xf0\x70\x1f\xfe\x0e\x01\xff\xc1\xc0\x3f\xf8\x38\x01\xff\x07'\
    b'\x00\x1f\xe0\xe0\x00\x3c\x1c\x00\x03\x83\x80\x00\x70\x70\x00\x0e'\
    b'\x0e\x00\x01\xc1\xc0\x00\x38\x38\x00\x07\x07\x00\x00\xe0\xe0\x00'\
    b'\x1c\x1c\x00\x03\x83\x80\x00\x70\x70\x00\x0e\x0e\x00\x01\xc1\xc0'\
    b'\x00\x38\x38\x00\x07\x07\x00\x00\xe0\xe0\x00\x1c\x1c\x00\x03\x83'\
    b'\x80\x00\x70\x70\x00\x0c\x0c\x00\x00\x00\x00\x00\x00\x00\x00\x00'\
    b'\x00\x00\x00\x00\x00\x00\x00\x00\x00\x00\x00\x00\x00\x00\x00\x00'\
    b'\x00\x00\x00\x00\x00\x00\x00\x00\x00\x00\x00\x00\x00\x00\x00\x00'\
    b'\x00\x00\x00\x00\x00\x00\x00\x00\x00\x00\x00\x00\x00\x00\x00\x00'\
    b'\x00\x00\x00\x00\x00\x00\x00\x00\x00\x00\x00\x00\x00\x00\x07\x07'\
    b'\xc3\xe1\xf0\x70\x00\x00\x00\x00\x00\x00\x00\x00\x00\x00\x00\x00'\
    b'\x00\x00\x00\x00\x00\x00\x00\x00\x00\x00\x00\x00\x00\x00\x00\x00'\
    b'\x00\x00\x00\x00\x00\x00\x00\x00\x00\x00\x00\x00\x00\x00\x00\x00'\
    b'\x00\x00\x00\x00\x00\x00\x00\x00\x00\x00\x00\x00\x00\x00\x00\x00'\
    b'\x00\x00\x00\x00\x00\x00\x00\x00\x00\x00\x00\x00\x00\x00\x00\x00'\
    b'\x00\x00\x00\x00\x00\x00\x00\x00\x00\x00\x00\x00\x00\x00\x00\x00'\
    b'\x00\x00\x00\x00\x00\x00\x00\x00\x00\x00\x00\x00\x00\x00\x00\x00'\
    b'\x00\x00\x00\x00\x00\x00\x00\x00\x00\x00\x00\x00\x00\x00\x00\xe0'\
    b'\x01\xc0\x07\x80\x0e\x00\x1f\x00\x1f\x00\x0f\x00\x0e\x08\x1c\x38'\
    b'\x78\x7f\xe0\x7f\xc0\x7e\x00\x00\x00\x00\x00\x00\x00\x00\x00\x00'\
    b'\x00\x00\x00\x00\x00\x00\x00\x00\x00\x00\x03\x81\xf8\x7f\x8f\xd8'\
    b'\x41\x80\x18\x01\x80\x18\x01\x80\x18\x01\x80\x18\x01\x80\x18\x01'\
    b'\x80\x18\x01\x80\x18\x01\x80\x00\x00\x00\x00\x00\x00\x00\x00\x00'\
    b'\x00\x00\x00\x00\x00\x00\x00\x00\x00\x00\x00\x00\x00\x00\x00\x00'\
    b'\x00\x00\x00\x00\x00\x00\x00\x00\x00\x00\x00\x00\x00\x00\x00\x00'\
    b'\x00\x00\x00\x00\x00\x00\x00\x00\x00\x00\x00\x00\x00\x00\x00\x00'\
    b'\x00\x00\x00\x00\x00\x00\x00\x00\x00\x00\x00\x00\x00\x00\x00\x00'\
    b'\x00\x00\x00\x00\x00\x00\x00\x00\x3f\x00\x03\xff\x00\x1f\xff\x00'\
    b'\xf0\x3e\x07\x80\x38\x1c\x00\x70\xe0\x01\xc3\x80\x03\x0e\x00\x0c'\
    b'\x38\x00\x38\xe0\x00\xc3\x80\x07\x0e\x00\x1c\x1c\x00\xf0\x78\x07'\
    b'\x80\xf8\x3c\x01\xff\xe0\x03\xff\x00\x01\xf0\x00\x00\x00\x00\x00'\
    b'\x00\x00\x00\x00\x00\x00\x00\x00\x00\x00\x00\x00\x00\x00\x00\x00'\
    b'\x00\x00\x00\x00\x00\x00\x00\x00\x00\x00\x00\x00\x00\x00\x00\x00'\
    b'\x00\x00\x00\x00\x00\x00\x00\x00\x00\x00\x00\x00\x00\x00\x00\x00'\
    b'\x00\x00\x00\x00\x00\x00\x00\x00\x00\x00\x00\x00\x00\x00\x00\x00'\
    b'\x00\x00\x00\x00\x00\x00\x00\x00\x00\x00\x00\x00\x00\x00\x00\x00'\
    b'\x00\x00\x00\x00\x00\x00\x00\x00\x00\x00\x00\x00\x00\x00\x00\x00'\
    b'\x00\x00\x00\x00\x00\x00\x00\x00\x00\x00\x00\x00\x00\x00\x00\x00'\
    b'\x00\x00\x00\x00\x00\x00\x00\x00\x00\x00\x00\x00\x00\x00\x00\x00'\
    b'\x00\x00\x00\x00\x00\x00\x00\x00\x00\x00\x00\x00\x00\x00\x00\x00'\
    b'\x00\x00\x00\x30\x0c\x00\x70\x1c\x00\xf0\x38\x00\xe0\x38\x01\xc0'\
    b'\x70\x01\xc0\x70\x03\x80\xe0\x03\x80\xe0\x07\x01\xc0\x07\x01\xc0'\
    b'\x0e\x03\x80\x0e\x07\x80\x1c\x07\x00\x3c\x0f\x00\x70\x1c\x00\xe0'\
    b'\x38\x03\x80\xe0\x07\x01\xc0\x1c\x07\x00\x38\x0e\x00\xe0\x38\x01'\
    b'\xc0\x70\x07\x81\xc0\x0e\x03\x80\x3c\x0e\x00\x70\x1c\x00\xe0\x30'\
    b'\x00\x00\x00\x00\x00\x00\x00\x00\x00\x00\x00\x00\x00\x00\x00\x00'\
    b'\x00\x00\x00\x00\x00\x00\x00\x00\x00\x00\x00\x00\x00\x00\x00\x00'\
    b'\x00\x00\x00\x00\x00\x00\x00\x00\x00\x00\x00\x00\x00\x00\x00\x00'\
    b'\x00\x00\x00\x00\x00\x00\x00\x00\x00\x00\x00\x00\x00\x00\x00\x00'\
    b'\x00\x00\x00\x00\x00\x00\x00\x00\x00\x00\x00\x00\x00\x00\x00\x00'\
    b'\x00\x00\x00\x00\x00\x00\x00\x00\x00\x00\x00\x0e\x00\x00\x30\x07'\
    b'\xe0\x00\x03\x81\xfe\x00\x00\x70\x3f\x60\x00\x0f\x01\x06\x00\x00'\
    b'\xe0\x00\x60\x00\x1c\x00\x06\x00\x03\xc0\x00\x60\x00\x38\x00\x06'\
    b'\x00\x07\x00\x00\x60\x00\xf0\x00\x06\x00\x0e\x00\x00\x60\x01\xc0'\
    b'\x00\x06\x00\x3c\x00\x00\x60\x03\x80\x00\x06\x00\x70\x00\x00\x60'\
    b'\x0f\x00\x00\x06\x00\xe0\x00\x00\x60\x1c\x00\x00\x06\x03\xc0\x00'\
    b'\x00\x00\x38\x03\x00\x00\x07\x00\x78\x00\x00\xf0\x07\x80\x00\x0e'\
    b'\x00\xf8\x00\x01\xc0\x1f\x80\x00\x3c\x03\xb8\x00\x03\x80\x7b\x80'\
    b'\x00\x70\x07\x38\x00\x0f\x00\xe3\x80\x00\xe0\x1c\x38\x00\x1c\x03'\
    b'\x83\x80\x01\xc0\x38\x38\x00\x38\x07\xff\xe0\x07\x00\x7f\xff\x00'\
    b'\x70\x07\xff\xf0\x0e\x00\x00\x38\x01\xc0\x00\x03\x80\x1c\x00\x00'\
    b'\x38\x01\x80\x00\x03\x80\x00\x00\x00\x00\x00\x00\x00\x00\x00\x00'\
    b'\x00\x00\x00\x00\x00\x00\x00\x00\x00\x00\x00\x00\x00\x00\x00\x00'\
    b'\x00\x00\x00\x00\x00\x00\x00\x00\x00\x00\x00\x00\x00\x00\x00\x00'\
    b'\x00\x00\x00\x00\x00\x00\x00\x00\x00\x00\x00\x00\x00\x00\x00\x00'\
    b'\x00\x00\x00\x00\x00\x00\x00\x00\x00\x00\x00\x00\x00\x00\x00\x00'\
    b'\x00\x00\x00\x00\x00\x00\x00\x00\x00\x00\x00\x00\x00\x00\x00\x00'\
    b'\x00\x00\x00\x00\x00\x00\x00\x00\x00\x00\x00\x00\x00\x00\x00\x00'\
    b'\x00\x00\x00\x00\x70\x00\x00\xc0\x1f\x80\x00\x0e\x03\xfc\x00\x00'\
    b'\x70\x3f\x60\x00\x07\x00\x83\x00\x00\x78\x00\x18\x00\x03\x80\x00'\
    b'\xc0\x00\x38\x00\x06\x00\x03\xc0\x00\x30\x00\x1c\x00\x01\x80\x01'\
    b'\xc0\x00\x0c\x00\x1e\x00\x00\x60\x00\xe0\x00\x03\x00\x0e\x00\x00'\
    b'\x18\x00\xf0\x00\x00\xc0\x07\x00\x00\x06\x00\x70\x00\x00\x30\x03'\
    b'\x80\x00\x01\x80\x38\x00\x00\x0c\x03\x80\x00\x00\x00\x1c\x07\xc0'\
    b'\x00\x01\xc0\xff\x00\x00\x1e\x0f\xfc\x00\x00\xe0\xf0\xf0\x00\x0e'\
    b'\x07\x03\x80\x00\xf0\x30\x1c\x00\x07\x01\x80\xe0\x00\x70\x0c\x07'\
    b'\x00\x07\x80\x00\x70\x00\x38\x00\x07\x00\x03\x80\x00\x38\x00\x3c'\
    b'\x00\x03\x80\x01\xc0\x00\x38\x00\x1c\x00\x03\x80\x01\xe0\x00\x38'\
    b'\x00\x0e\x00\x03\x80\x00\xe0\x00\x38\x00\x07\x00\x03\xff\xc0\x30'\
    b'\x00\x1f\xff\x00\x00\x00\x7f\xf0\x00\x00\x00\x00\x00\x00\x00\x00'\
    b'\x00\x00\x00\x00\x00\x00\x00\x00\x00\x00\x00\x00\x00\x00\x00\x00'\
    b'\x00\x00\x00\x00\x00\x00\x00\x00\x00\x00\x00\x00\x00\x00\x00\x00'\
    b'\x00\x00\x00\x00\x00\x00\x00\x00\x00\x00\x00\x00\x00\x00\x00\x00'\
    b'\x00\x00\x00\x00\x00\x00\x00\x00\x00\x00\x00\x00\x00\x00\x00\x00'\
    b'\x00\x00\x00\x00\x00\x00\x00\x00\x00\x00\x00\x00\x00\x00\x00\x00'\
    b'\x00\x00\x00\x00\x00\x00\x00\x00\x00\x00\x00\x00\x00\x00\x00\x00'\
    b'\x00\x00\x00\x00\x00\x00\xfc\x00\x00\x70\x03\xfc\x00\x00\xe0\x0f'\
    b'\xfc\x00\x03\x80\x3c\x3c\x00\x0f\x00\x70\x38\x00\x1c\x00\xe0\x70'\
    b'\x00\x70\x00\x80\xe0\x01\xe0\x00\x01\x80\x03\x80\x00\x1f\x00\x0e'\
    b'\x00\x00\x78\x00\x3c\x00\x00\xfc\x00\x70\x00\x00\x3c\x01\xc0\x00'\
    b'\x00\x38\x07\x80\x00\xe0\x30\x0e\x00\x01\xc0\x60\x38\x00\x03\x81'\
    b'\xc0\x70\x00\x03\x83\x81\xc0\x00\x07\xfe\x07\x00\x00\x07\xfc\x0e'\
    b'\x00\x00\x03\xe0\x38\x00\xc0\x00\x00\xf0\x03\x80\x00\x01\xc0\x0f'\
    b'\x00\x00\x07\x00\x3e\x00\x00\x1e\x00\xec\x00\x00\x38\x01\xd8\x00'\
    b'\x00\xe0\x07\x30\x00\x03\xc0\x1c\x60\x00\x07\x00\x70\xc0\x00\x1c'\
    b'\x00\xe1\x80\x00\x78\x03\x83\x00\x00\xe0\x0e\x06\x00\x03\x80\x3f'\
    b'\xff\x00\x0f\x00\x7f\xff\x00\x1c\x00\x7f\xfe\x00\x70\x00\x00\x60'\
    b'\x01\xe0\x00\x00\xc0\x03\x80\x00\x01\x80\x06\x00\x00\x03\x00\x00'\
    b'\x00\x00\x00\x00\x00\x00\x00\x00\x00\x00\x00\x00\x00\x00\x00\x00'\
    b'\x00\x00\x00\x00\x00\x00\x00\x00\x00\x00\x00\x00\x00\x00\x00\x00'\
    b'\x00\x00\x00\x00\x00\x00\x00\x00\x00\x00\x00\x00\x00\x00\x00\x00'\
    b'\x00\x00\x00\x00\x00\x00\x00\x00\x00\x00\x00\x00\x00\x00\x00\x00'\
    b'\x00\x00\x00\x00\x00\x00\x00\x00\x00\x00\x00\x00\x00\x00\x00\x00'\
    b'\x00\x00\x00\x00\x00\x00\x00\x00\x00\x00\x00\x00\x00\x00\x00\x00'\
    b'\x00\x00\x00\x00\x00\x00\x00\x00\x00\x00\x00\x00\x00\x00\x00\x00'\
    b'\x00\x00\x00\x00\x00\x00\x00\x00\x00\x00\xc0\x00\x00\x78\x00\x00'\
    b'\x1e\x00\x00\x07\x80\x00\x00\xe0\x00\x00\x00\x00\x00\x00\x00\x00'\
    b'\x00\x00\x00\x00\x40\x00\x00\x30\x00\x00\x0e\x00\x00\x07\x00\x00'\
    b'\x01\xc0\x00\x00\x70\x00\x00\x18\x00\x00\x0e\x00\x00\x07\x00\x00'\
    b'\x03\xc0\x00\x01\xe0\x00\x00\xf0\x00\x00\x78\x00\x00\x3c\x00\x00'\
    b'\x1e\x00\x00\x07\x00\x00\x03\xc0\x00\x00\xe0\x00\x00\x38\x00\x02'\
    b'\x0e\x00\x01\xc3\x80\x00\x70\xe0\x00\x1c\x38\x00\x07\x0e\x00\x01'\
    b'\xc1\xc0\x00\xe0\x78\x00\x78\x0f\x00\x3c\x01\xe0\x1e\x00\x3f\xff'\
    b'\x00\x07\xff\x80\x00\x7f\x80\x00\x00\x00\x00\x00\x00\x00\x00\xc0'\
    b'\x00\x00\x00\x38\x00\x00\x00\x0f\x00\x00\x00\x01\xe0\x00\x00\x00'\
    b'\x3c\x00\x00\x00\x07\x80\x00\x00\x00\xf0\x00\x00\x00\x1c\x00\x00'\
    b'\x00\x03\x00\x00\x00\x00\x00\x00\x00\x00\x00\x00\x00\x00\x00\x00'\
    b'\x00\x00\x00\x00\x00\x00\x00\xc0\x00\x00\x00\x78\x00\x00\x00\x1e'\
    b'\x00\x00\x00\x07\x80\x00\x00\x03\xf0\x00\x00\x00\xfc\x00\x00\x00'\
    b'\x73\x80\x00\x00\x1c\xe0\x00\x00\x0f\x3c\x00\x00\x03\x87\x00\x00'\
    b'\x00\xe1\xc0\x00\x00\x70\x38\x00\x00\x1c\x0e\x00\x00\x0e\x01\xc0'\
    b'\x00\x03\x80\x70\x00\x00\xe0\x1c\x00\x00\x70\x03\x80\x00\x1c\x00'\
    b'\xe0\x00\x0e\x00\x1c\x00\x03\x80\x07\x00\x01\xe0\x01\xe0\x00\x70'\
    b'\x00\x38\x00\x1c\x00\x0e\x00\x0e\x00\x01\xc0\x03\x80\x00\x70\x01'\
    b'\xe0\x00\x1e\x00\x7f\xff\xff\x80\x1f\xff\xff\xe0\x0f\xff\xff\xfc'\
    b'\x03\x80\x00\x07\x01\xc0\x00\x00\xe0\x70\x00\x00\x38\x3c\x00\x00'\
    b'\x0f\x0e\x00\x00\x01\xc3\x80\x00\x00\x71\xc0\x00\x00\x0e\x70\x00'\
    b'\x00\x03\x9c\x00\x00\x00\x60\x00\x00\x00\x00\x00\x00\x00\x00\x00'\
    b'\x00\x00\x00\x00\x00\x00\x00\x00\x00\x00\x00\x00\x00\x00\x00\x00'\
    b'\x00\x00\x00\x00\x00\x00\x00\x00\x00\x00\x00\x00\x00\x00\x00\x00'\
    b'\x00\x00\x00\x00\x00\x00\x00\x01\x80\x00\x00\x00\xe0\x00\x00\x00'\
    b'\x78\x00\x00\x00\x3c\x00\x00\x00\x1e\x00\x00\x00\x0f\x00\x00\x00'\
    b'\x07\x80\x00\x00\x01\xc0\x00\x00\x00\x60\x00\x00\x00\x00\x00\x00'\
    b'\x00\x00\x00\x00\x00\x00\x00\x00\x00\x00\x00\x00\x00\x00\x0c\x00'\
    b'\x00\x00\x07\x80\x00\x00\x01\xe0\x00\x00\x00\x78\x00\x00\x00\x3f'\
    b'\x00\x00\x00\x0f\xc0\x00\x00\x07\x38\x00\x00\x01\xce\x00\x00\x00'\
    b'\xf3\xc0\x00\x00\x38\x70\x00\x00\x0e\x1c\x00\x00\x07\x03\x80\x00'\
    b'\x01\xc0\xe0\x00\x00\xe0\x1c\x00\x00\x38\x07\x00\x00\x0e\x01\xc0'\
    b'\x00\x07\x00\x38\x00\x01\xc0\x0e\x00\x00\xe0\x01\xc0\x00\x38\x00'\
    b'\x70\x00\x1e\x00\x1e\x00\x07\x00\x03\x80\x01\xc0\x00\xe0\x00\xe0'\
    b'\x00\x1c\x00\x38\x00\x07\x00\x1e\x00\x01\xe0\x07\xff\xff\xf8\x01'\
    b'\xff\xff\xfe\x00\xff\xff\xff\xc0\x38\x00\x00\x70\x1c\x00\x00\x0e'\
    b'\x07\x00\x00\x03\x83\xc0\x00\x00\xf0\xe0\x00\x00\x1c\x38\x00\x00'\
    b'\x07\x1c\x00\x00\x00\xe7\x00\x00\x00\x39\xc0\x00\x00\x06\x00\x00'\
    b'\x00\x00\x00\x00\x00\x00\x00\x00\x00\x00\x00\x00\x00\x00\x00\x00'\
    b'\x00\x00\x00\x00\x00\x00\x00\x00\x00\x00\x00\x00\x00\x00\x00\x00'\
    b'\x00\x00\x00\x00\x00\x00\x00\x00\x00\x00\x00\x00\x00\x00\x00\x00'\
    b'\x00\x00\x00\xc0\x00\x00\x00\xfc\x00\x00\x00\x7f\x80\x00\x00\x7f'\
    b'\xf0\x00\x00\x3e\x1f\x00\x00\x0f\x03\xc0\x00\x03\x00\x70\x00\x00'\
    b'\x00\x00\x00\x00\x00\x00\x00\x00\x00\x00\x00\x00\x00\x00\x00\x00'\
    b'\x00\x00\x00\x00\x00\x00\xc0\x00\x00\x00\x78\x00\x00\x00\x1e\x00'\
    b'\x00\x00\x07\x80\x00\x00\x03\xf0\x00\x00\x00\xfc\x00\x00\x00\x73'\
    b'\x80\x00\x00\x1c\xe0\x00\x00\x0f\x3c\x00\x00\x03\x87\x00\x00\x00'\
    b'\xe1\xc0\x00\x00\x70\x38\x00\x00\x1c\x0e\x00\x00\x0e\x01\xc0\x00'\
    b'\x03\x80\x70\x00\x00\xe0\x1c\x00\x00\x70\x03\x80\x00\x1c\x00\xe0'\
    b'\x00\x0e\x00\x1c\x00\x03\x80\x07\x00\x01\xe0\x01\xe0\x00\x70\x00'\
    b'\x38\x00\x1c\x00\x0e\x00\x0e\x00\x01\xc0\x03\x80\x00\x70\x01\xe0'\
    b'\x00\x1e\x00\x7f\xff\xff\x80\x1f\xff\xff\xe0\x0f\xff\xff\xfc\x03'\
    b'\x80\x00\x07\x01\xc0\x00\x00\xe0\x70\x00\x00\x38\x3c\x00\x00\x0f'\
    b'\x0e\x00\x00\x01\xc3\x80\x00\x00\x71\xc0\x00\x00\x0e\x70\x00\x00'\
    b'\x03\x9c\x00\x00\x00\x60\x00\x00\x00\x00\x00\x00\x00\x00\x00\x00'\
    b'\x00\x00\x00\x00\x00\x00\x00\x00\x00\x00\x00\x00\x00\x00\x00\x00'\
    b'\x00\x00\x00\x00\x00\x00\x00\x00\x00\x00\x00\x00\x00\x00\x00\x00'\
    b'\x00\x00\x00\x00\x00\x00\x00\x00\x00\x00\x00\x00\x00\x00\x18\x00'\
    b'\x00\x00\x1f\x86\x00\x00\x0f\xf1\xc0\x00\x03\x9f\xe0\x00\x01\xc3'\
    b'\xf8\x00\x00\x30\x3c\x00\x00\x00\x00\x00\x00\x00\x00\x00\x00\x00'\
    b'\x00\x00\x00\x00\x00\x00\x00\x00\x00\x00\x00\x00\x00\x0c\x00\x00'\
    b'\x00\x07\x80\x00\x00\x01\xe0\x00\x00\x00\x78\x00\x00\x00\x3f\x00'\
    b'\x00\x00\x0f\xc0\x00\x00\x07\x38\x00\x00\x01\xce\x00\x00\x00\xf3'\
    b'\xc0\x00\x00\x38\x70\x00\x00\x0e\x1c\x00\x00\x07\x03\x80\x00\x01'\
    b'\xc0\xe0\x00\x00\xe0\x1c\x00\x00\x38\x07\x00\x00\x0e\x01\xc0\x00'\
    b'\x07\x00\x38\x00\x01\xc0\x0e\x00\x00\xe0\x01\xc0\x00\x38\x00\x70'\
    b'\x00\x1e\x00\x1e\x00\x07\x00\x03\x80\x01\xc0\x00\xe0\x00\xe0\x00'\
    b'\x1c\x00\x38\x00\x07\x00\x1e\x00\x01\xe0\x07\xff\xff\xf8\x01\xff'\
    b'\xff\xfe\x00\xff\xff\xff\xc0\x38\x00\x00\x70\x1c\x00\x00\x0e\x07'\
    b'\x00\x00\x03\x83\xc0\x00\x00\xf0\xe0\x00\x00\x1c\x38\x00\x00\x07'\
    b'\x1c\x00\x00\x00\xe7\x00\x00\x00\x39\xc0\x00\x00\x06\x00\x00\x00'\
    b'\x00\x00\x00\x00\x00\x00\x00\x00\x00\x00\x00\x00\x00\x00\x00\x00'\
    b'\x00\x00\x00\x00\x00\x00\x00\x00\x00\x00\x00\x00\x00\x00\x00\x00'\
    b'\x00\x00\x00\x00\x00\x00\x00\x00\x00\x00\x00\x00\x00\x00\x00\x00'\
    b'\x00\x00\x00\x00\x00\x00\x00\x00\x00\x01\xc0\xe0\x00\x00\xf0\x7c'\
    b'\x00\x00\x3e\x1f\x00\x00\x0f\x07\xc0\x00\x01\xc0\xe0\x00\x00\x00'\
    b'\x00\x00\x00\x00\x00\x00\x00\x00\x00\x00\x00\x00\x00\x00\x00\x00'\
    b'\x00\x00\x00\x00\x00\xc0\x00\x00\x00\x78\x00\x00\x00\x1e\x00\x00'\
    b'\x00\x07\x80\x00\x00\x03\xf0\x00\x00\x00\xfc\x00\x00\x00\x73\x80'\
    b'\x00\x00\x1c\xe0\x00\x00\x0f\x3c\x00\x00\x03\x87\x00\x00\x00\xe1'\
    b'\xc0\x00\x00\x70\x38\x00\x00\x1c\x0e\x00\x00\x0e\x01\xc0\x00\x03'\
    b'\x80\x70\x00\x00\xe0\x1c\x00\x00\x70\x03\x80\x00\x1c\x00\xe0\x00'\
    b'\x0e\x00\x1c\x00\x03\x80\x07\x00\x01\xe0\x01\xe0\x00\x70\x00\x38'\
    b'\x00\x1c\x00\x0e\x00\x0e\x00\x01\xc0\x03\x80\x00\x70\x01\xe0\x00'\
    b'\x1e\x00\x7f\xff\xff\x80\x1f\xff\xff\xe0\x0f\xff\xff\xfc\x03\x80'\
    b'\x00\x07\x01\xc0\x00\x00\xe0\x70\x00\x00\x38\x3c\x00\x00\x0f\x0e'\
    b'\x00\x00\x01\xc3\x80\x00\x00\x71\xc0\x00\x00\x0e\x70\x00\x00\x03'\
    b'\x9c\x00\x00\x00\x60\x00\x00\x00\x00\x00\x00\x00\x00\x00\x00\x00'\
    b'\x00\x00\x00\x00\x00\x00\x00\x00\x00\x00\x00\x00\x00\x00\x00\x00'\
    b'\x00\x00\x00\x00\x00\x00\x00\x00\x00\x00\x00\x00\x00\x00\x00\x00'\
    b'\x00\x00\x00\x00\x00\x00\x00\x00\x00\x00\x00\x00\x00\x07\x80\x00'\
    b'\x00\x03\xf0\x00\x00\x01\x86\x00\x00\x00\x61\x80\x00\x00\x30\x60'\
    b'\x00\x00\x06\x18\x00\x00\x01\x86\x00\x00\x00\x3f\x00\x00\x00\x07'\
    b'\x80\x00\x00\x00\x00\x00\x00\x00\x00\x00\x00\x00\x0c\x00\x00\x00'\
    b'\x07\x80\x00\x00\x01\xe0\x00\x00\x00\x78\x00\x00\x00\x3f\x00\x00'\
    b'\x00\x0f\xc0\x00\x00\x07\x38\x00\x00\x01\xce\x00\x00\x00\xf3\xc0'\
    b'\x00\x00\x38\x70\x00\x00\x0e\x1c\x00\x00\x07\x03\x80\x00\x01\xc0'\
    b'\xe0\x00\x00\xe0\x1c\x00\x00\x38\x07\x00\x00\x0e\x01\xc0\x00\x07'\
    b'\x00\x38\x00\x01\xc0\x0e\x00\x00\xe0\x01\xc0\x00\x38\x00\x70\x00'\
    b'\x1e\x00\x1e\x00\x07\x00\x03\x80\x01\xc0\x00\xe0\x00\xe0\x00\x1c'\
    b'\x00\x38\x00\x07\x00\x1e\x00\x01\xe0\x07\xff\xff\xf8\x01\xff\xff'\
    b'\xfe\x00\xff\xff\xff\xc0\x38\x00\x00\x70\x1c\x00\x00\x0e\x07\x00'\
    b'\x00\x03\x83\xc0\x00\x00\xf0\xe0\x00\x00\x1c\x38\x00\x00\x07\x1c'\
    b'\x00\x00\x00\xe7\x00\x00\x00\x39\xc0\x00\x00\x06\x00\x00\x00\x00'\
    b'\x00\x00\x00\x00\x00\x00\x00\x00\x00\x00\x00\x00\x00\x00\x00\x00'\
    b'\x00\x00\x00\x00\x00\x00\x00\x00\x00\x00\x00\x00\x00\x00\x00\x00'\
    b'\x00\x00\x00\x00\x00\x00\x00\x00\x00\x00\x00\x00\x00\x00\x00\x00'\
    b'\x00\x00\x00\x00\x00\x00\x00\x00\x00\x00\x00\x00\x00\x00\x00\x00'\
    b'\x00\x00\x00\x00\x00\x00\x00\x00\x00\x00\x00\x00\x00\x00\x00\x00'\
    b'\x00\x00\x00\x00\x00\x00\x00\x00\x00\x00\x00\x00\x00\x00\x00\x00'\
    b'\x00\x00\x00\x00\x00\x00\x00\x00\x00\x00\x00\x00\x00\x00\x00\x00'\
    b'\x00\x00\x00\x00\x00\x00\x07\xff\xff\x80\x00\x00\x7f\xff\xfe\x00'\
    b'\x00\x07\xff\xff\xe0\x00\x00\x3c\x00\x00\x00\x00\x03\xe0\x00\x00'\
    b'\x00\x00\x1f\x00\x00\x00\x00\x01\xf8\x00\x00\x00\x00\x0f\xc0\x00'\
    b'\x00\x00\x00\xee\x00\x00\x00\x00\x0f\x70\x00\x00\x00\x00\x73\x80'\
    b'\x00\x00\x00\x07\x9c\x00\x00\x00\x00\x38\xe0\x00\x00\x00\x03\x87'\
    b'\x00\x00\x00\x00\x1c\x38\x00\x00\x00\x01\xc1\xc0\x00\x00\x00\x1e'\
    b'\x0e\x00\x00\x00\x00\xe0\x7f\xff\x00\x00\x0f\x03\xff\xfc\x00\x00'\
    b'\x70\x1f\xff\xc0\x00\x07\x00\xe0\x00\x00\x00\x78\x07\x00\x00\x00'\
    b'\x03\x80\x38\x00\x00\x00\x3c\x01\xc0\x00\x00\x01\xc0\x0e\x00\x00'\
    b'\x00\x1e\x00\x70\x00\x00\x00\xff\xff\x80\x00\x00\x0f\xff\xfc\x00'\
    b'\x00\x00\xff\xff\xe0\x00\x00\x07\x00\x07\x00\x00\x00\x78\x00\x38'\
    b'\x00\x00\x03\x80\x01\xc0\x00\x00\x38\x00\x0e\x00\x00\x01\xc0\x00'\
    b'\x70\x00\x00\x1c\x00\x03\x80\x00\x01\xe0\x00\x1f\xff\xff\x0e\x00'\
    b'\x00\xff\xff\xfc\x60\x00\x03\xff\xff\xc0\x00\x00\x00\x00\x00\x00'\
    b'\x00\x00\x00\x00\x00\x00\x00\x00\x00\x00\x00\x00\x00\x00\x00\x00'\
    b'\x00\x00\x00\x00\x00\x00\x00\x00\x00\x00\x00\x00\x00\x00\x00\x00'\
    b'\x00\x00\x00\x00\x00\x00\x00\x00\x00\x00\x00\x00\x00\x00\x00\x00'\
    b'\x00\x00\x00\x00\x00\x00\x00\x00\x00\x00\x00\x00\x00\x00\x00\x00'\
    b'\x00\x00\x00\x00\x00\x00\x00\x00\x00\x00\x00\x00\x00\x00\x00\x00'\
    b'\x00\x00\x00\x00\x00\x00\x00\x00\x00\x00\x00\x00\x00\x00\x00\x00'\
    b'\x00\x00\x00\x00\x00\x00\x00\x00\x00\x00\x00\x00\x00\x00\x00\x00'\
    b'\x00\x00\x00\x00\x00\x03\xfe\x00\x00\x00\xff\xfe\x00\x00\x1f\xff'\
    b'\xfc\x00\x01\xf8\x01\xf8\x00\x1f\x00\x03\xe0\x01\xe0\x00\x07\x00'\
    b'\x1e\x00\x00\x10\x01\xe0\x00\x00\x00\x1e\x00\x00\x00\x01\xe0\x00'\
    b'\x00\x00\x0e\x00\x00\x00\x00\xf0\x00\x00\x00\x07\x00\x00\x00\x00'\
    b'\x38\x00\x00\x00\x03\x80\x00\x00\x00\x1c\x00\x00\x00\x00\xe0\x00'\
    b'\x00\x00\x07\x00\x00\x00\x00\x38\x00\x00\x00\x01\xc0\x00\x00\x00'\
    b'\x0e\x00\x00\x00\x00\x70\x00\x00\x00\x03\x80\x00\x00\x00\x1c\x00'\
    b'\x00\x00\x00\x70\x00\x00\x00\x03\x80\x00\x00\x00\x1e\x00\x00\x00'\
    b'\x00\x70\x00\x00\x00\x03\xc0\x00\x00\x00\x0f\x00\x00\x00\x00\x38'\
    b'\x00\x00\x00\x01\xe0\x00\x00\x00\x07\xc0\x00\x0e\x00\x1f\x00\x01'\
    b'\xf0\x00\x7f\x00\x3f\x00\x00\xff\xff\xf0\x00\x01\xff\xfe\x00\x00'\
    b'\x03\xff\xc0\x00\x00\x01\xc0\x00\x00\x00\x0e\x00\x00\x00\x00\x7c'\
    b'\x00\x00\x00\x03\xf0\x00\x00\x00\x03\xc0\x00\x00\x00\x0e\x00\x00'\
    b'\x00\x20\x70\x00\x00\x03\x87\x80\x00\x00\x1f\xf8\x00\x00\x00\xff'\
    b'\x80\x00\x00\x01\xf8\x00\x00\x06\x00\x00\x00\x03\x80\x00\x00\x01'\
    b'\xe0\x00\x00\x00\x78\x00\x00\x00\x1e\x00\x00\x00\x07\x80\x00\x00'\
    b'\x01\xe0\x00\x00\x00\x70\x00\x00\x00\x18\x00\x00\x00\x00\x00\x00'\
    b'\x00\x00\x00\x00\x00\x00\x00\x00\x00\x00\x00\x00\x0f\xff\xff\xf8'\
    b'\x07\xff\xff\xfe\x03\xff\xff\xfe\x01\xc0\x00\x00\x00\xe0\x00\x00'\
    b'\x00\x70\x00\x00\x00\x38\x00\x00\x00\x1c\x00\x00\x00\x0e\x00\x00'\
    b'\x00\x07\x00\x00\x00\x03\x80\x00\x00\x01\xc0\x00\x00\x00\xe0\x00'\
    b'\x00\x00\x70\x00\x00\x00\x38\x00\x00\x00\x1c\x00\x00\x00\x0e\x00'\
    b'\x00\x00\x07\xff\xff\x00\x03\xff\xff\xc0\x01\xff\xff\xe0\x00\xe0'\
    b'\x00\x00\x00\x70\x00\x00\x00\x38\x00\x00\x00\x1c\x00\x00\x00\x0e'\
    b'\x00\x00\x00\x07\x00\x00\x00\x03\x80\x00\x00\x01\xc0\x00\x00\x00'\
    b'\xe0\x00\x00\x00\x70\x00\x00\x00\x38\x00\x00\x00\x1c\x00\x00\x00'\
    b'\x0e\x00\x00\x00\x07\x00\x00\x00\x03\x80\x00\x00\x01\xff\xff\xff'\
    b'\x00\xff\xff\xff\xc0\x7f\xff\xff\xc0\x00\x00\x00\x00\x00\x00\x00'\
    b'\x00\x00\x00\x00\x00\x00\x00\x00\x00\x00\x00\x00\x00\x00\x00\x00'\
    b'\x00\x00\x00\x00\x00\x00\x00\x00\x00\x00\x00\x00\x00\x00\x00\x00'\
    b'\x00\x00\x00\x00\x00\x00\x00\x00\x03\x00\x00\x00\x03\xc0\x00\x00'\
    b'\x03\xc0\x00\x00\x03\xc0\x00\x00\x03\xc0\x00\x00\x03\xc0\x00\x00'\
    b'\x03\xc0\x00\x00\x01\xc0\x00\x00\x00\xc0\x00\x00\x00\x00\x00\x00'\
    b'\x00\x00\x00\x00\x00\x00\x00\x00\x00\x00\x00\x00\x3f\xff\xff\xe0'\
    b'\x1f\xff\xff\xf8\x0f\xff\xff\xf8\x07\x00\x00\x00\x03\x80\x00\x00'\
    b'\x01\xc0\x00\x00\x00\xe0\x00\x00\x00\x70\x00\x00\x00\x38\x00\x00'\
    b'\x00\x1c\x00\x00\x00\x0e\x00\x00\x00\x07\x00\x00\x00\x03\x80\x00'\
    b'\x00\x01\xc0\x00\x00\x00\xe0\x00\x00\x00\x70\x00\x00\x00\x38\x00'\
    b'\x00\x00\x1f\xff\xfc\x00\x0f\xff\xff\x00\x07\xff\xff\x80\x03\x80'\
    b'\x00\x00\x01\xc0\x00\x00\x00\xe0\x00\x00\x00\x70\x00\x00\x00\x38'\
    b'\x00\x00\x00\x1c\x00\x00\x00\x0e\x00\x00\x00\x07\x00\x00\x00\x03'\
    b'\x80\x00\x00\x01\xc0\x00\x00\x00\xe0\x00\x00\x00\x70\x00\x00\x00'\
    b'\x38\x00\x00\x00\x1c\x00\x00\x00\x0e\x00\x00\x00\x07\xff\xff\xfc'\
    b'\x03\xff\xff\xff\x01\xff\xff\xff\x00\x00\x00\x00\x00\x00\x00\x00'\
    b'\x00\x00\x00\x00\x00\x00\x00\x00\x00\x00\x00\x00\x00\x00\x00\x00'\
    b'\x00\x00\x00\x00\x00\x00\x00\x00\x00\x00\x00\x00\x00\x00\x00\x00'\
    b'\x00\x00\x00\x00\x00\x00\x00\x00\x00\x00\x00\x00\xc0\x00\x00\x01'\
    b'\xf8\x00\x00\x01\xfe\x00\x00\x03\xff\xc0\x00\x03\xe1\xf0\x00\x01'\
    b'\xe0\x78\x00\x00\xc0\x0c\x00\x00\x00\x00\x00\x00\x00\x00\x00\x00'\
    b'\x00\x00\x00\x00\x00\x00\x00\x00\x00\x00\x00\x00\xff\xff\xff\x80'\
    b'\x7f\xff\xff\xe0\x3f\xff\xff\xe0\x1c\x00\x00\x00\x0e\x00\x00\x00'\
    b'\x07\x00\x00\x00\x03\x80\x00\x00\x01\xc0\x00\x00\x00\xe0\x00\x00'\
    b'\x00\x70\x00\x00\x00\x38\x00\x00\x00\x1c\x00\x00\x00\x0e\x00\x00'\
    b'\x00\x07\x00\x00\x00\x03\x80\x00\x00\x01\xc0\x00\x00\x00\xe0\x00'\
    b'\x00\x00\x7f\xff\xf0\x00\x3f\xff\xfc\x00\x1f\xff\xfe\x00\x0e\x00'\
    b'\x00\x00\x07\x00\x00\x00\x03\x80\x00\x00\x01\xc0\x00\x00\x00\xe0'\
    b'\x00\x00\x00\x70\x00\x00\x00\x38\x00\x00\x00\x1c\x00\x00\x00\x0e'\
    b'\x00\x00\x00\x07\x00\x00\x00\x03\x80\x00\x00\x01\xc0\x00\x00\x00'\
    b'\xe0\x00\x00\x00\x70\x00\x00\x00\x38\x00\x00\x00\x1f\xff\xff\xf0'\
    b'\x0f\xff\xff\xfc\x07\xff\xff\xfc\x00\x00\x00\x00\x00\x00\x00\x00'\
    b'\x00\x00\x00\x00\x00\x00\x00\x00\x00\x00\x00\x00\x00\x00\x00\x00'\
    b'\x00\x00\x00\x00\x00\x00\x00\x00\x00\x00\x00\x00\x00\x00\x00\x00'\
    b'\x00\x00\x00\x00\x00\x00\x00\x00\x00\x00\x00\x00\x00\x00\x00\x00'\
    b'\x00\x00\x00\x1c\x0e\x00\x00\x1e\x0f\x80\x00\x0f\x87\xc0\x00\x07'\
    b'\x83\xe0\x00\x01\xc0\xe0\x00\x00\x00\x00\x00\x00\x00\x00\x00\x00'\
    b'\x00\x00\x00\x00\x00\x00\x00\x00\x00\x00\x00\x03\xff\xff\xfe\x01'\
    b'\xff\xff\xff\x80\xff\xff\xff\x80\x70\x00\x00\x00\x38\x00\x00\x00'\
    b'\x1c\x00\x00\x00\x0e\x00\x00\x00\x07\x00\x00\x00\x03\x80\x00\x00'\
    b'\x01\xc0\x00\x00\x00\xe0\x00\x00\x00\x70\x00\x00\x00\x38\x00\x00'\
    b'\x00\x1c\x00\x00\x00\x0e\x00\x00\x00\x07\x00\x00\x00\x03\x80\x00'\
    b'\x00\x01\xff\xff\xc0\x00\xff\xff\xf0\x00\x7f\xff\xf8\x00\x38\x00'\
    b'\x00\x00\x1c\x00\x00\x00\x0e\x00\x00\x00\x07\x00\x00\x00\x03\x80'\
    b'\x00\x00\x01\xc0\x00\x00\x00\xe0\x00\x00\x00\x70\x00\x00\x00\x38'\
    b'\x00\x00\x00\x1c\x00\x00\x00\x0e\x00\x00\x00\x07\x00\x00\x00\x03'\
    b'\x80\x00\x00\x01\xc0\x00\x00\x00\xe0\x00\x00\x00\x7f\xff\xff\xc0'\
    b'\x3f\xff\xff\xf0\x1f\xff\xff\xf0\x00\x00\x00\x00\x00\x00\x00\x00'\
    b'\x00\x00\x00\x00\x00\x00\x00\x00\x00\x00\x00\x00\x00\x00\x00\x00'\
    b'\x00\x00\x00\x00\x00\x00\x00\x00\x00\x00\x00\x00\x00\x00\x00\x00'\
    b'\x00\x00\x00\x00\x00\x38\x01\xe0\x0f\x80\x3c\x00\xf0\x03\xc0\x0f'\
    b'\x00\x3c\x00\xc0\x00\x00\x00\x00\x00\x00\x00\x60\x03\x80\x1c\x00'\
    b'\xe0\x07\x00\x38\x01\xc0\x0e\x00\x70\x03\x80\x1c\x00\xe0\x07\x00'\
    b'\x38\x01\xc0\x0e\x00\x70\x03\x80\x1c\x00\xe0\x07\x00\x38\x01\xc0'\
    b'\x0e\x00\x70\x03\x80\x1c\x00\xe0\x07\x00\x38\x01\xc0\x0e\x00\x70'\
    b'\x03\x80\x1c\x00\xe0\x07\x00\x30\x00\x00\x00\x00\x00\x00\x00\x00'\
    b'\x00\x00\x00\x00\x00\x00\x00\x00\x00\x00\x00\x30\x03\xc0\x3c\x03'\
    b'\xc0\x3e\x03\xe0\x3e\x01\xe0\x0e\x00\x00\x00\x00\x00\x00\x00\x03'\
    b'\x00\x1c\x00\xe0\x07\x00\x38\x01\xc0\x0e\x00\x70\x03\x80\x1c\x00'\
    b'\xe0\x07\x00\x38\x01\xc0\x0e\x00\x70\x03\x80\x1c\x00\xe0\x07\x00'\
    b'\x38\x01\xc0\x0e\x00\x70\x03\x80\x1c\x00\xe0\x07\x00\x38\x01\xc0'\
    b'\x0e\x00\x70\x03\x80\x1c\x00\xe0\x07\x00\x38\x01\x80\x00\x00\x00'\
    b'\x00\x00\x00\x00\x00\x00\x00\x00\x00\x00\x00\x00\x00\x00\x00\x00'\
    b'\x00\x18\x00\x7c\x03\xfc\x0f\xfe\x7e\x3e\xf0\x3f\xc0\x18\x00\x00'\
    b'\x00\x00\x00\x00\x00\x00\x00\x01\x80\x03\x80\x07\x00\x0e\x00\x1c'\
    b'\x00\x38\x00\x70\x00\xe0\x01\xc0\x03\x80\x07\x00\x0e\x00\x1c\x00'\
    b'\x38\x00\x70\x00\xe0\x01\xc0\x03\x80\x07\x00\x0e\x00\x1c\x00\x38'\
    b'\x00\x70\x00\xe0\x01\xc0\x03\x80\x07\x00\x0e\x00\x1c\x00\x38\x00'\
    b'\x70\x00\xe0\x01\xc0\x03\x80\x07\x00\x0e\x00\x1c\x00\x30\x00\x00'\
    b'\x00\x00\x00\x00\x00\x00\x00\x00\x00\x00\x00\x00\x00\x00\x00\x00'\
    b'\x00\x00\x00\x00\x00\x00\x00\x00\x1c\x07\xf8\x3f\xe0\xff\x83\xdc'\
    b'\x0f\x00\x00\x00\x00\x00\x00\x00\x00\x00\x0c\x00\x38\x00\xe0\x03'\
    b'\x80\x0e\x00\x38\x00\xe0\x03\x80\x0e\x00\x38\x00\xe0\x03\x80\x0e'\
    b'\x00\x38\x00\xe0\x03\x80\x0e\x00\x38\x00\xe0\x03\x80\x0e\x00\x38'\
    b'\x00\xe0\x03\x80\x0e\x00\x38\x00\xe0\x03\x80\x0e\x00\x38\x00\xe0'\
    b'\x03\x80\x0e\x00\x38\x00\xe0\x03\x80\x0e\x00\x30\x00\x00\x00\x00'\
    b'\x00\x00\x00\x00\x00\x00\x00\x00\x00\x00\x00\x00\x00\x00\x00\x00'\
    b'\x00\x00\x00\x00\x00\x00\x00\x00\x00\x00\x00\x00\x00\x00\x00\x00'\
    b'\x00\x00\x00\x00\x00\x00\x00\x00\x00\x00\x00\x00\x00\x00\x00\x00'\
    b'\x00\x00\x00\x00\x00\x00\x00\x00\x00\x00\x00\x00\x00\x00\x00\x00'\
    b'\x00\x00\x00\x00\x00\x00\x00\x00\x00\x00\x00\x00\x3f\xff\x80\x00'\
    b'\x01\xff\xff\x80\x00\x0f\xff\xff\x00\x00\x70\x00\xfc\x00\x03\x80'\
    b'\x01\xf8\x00\x1c\x00\x03\xe0\x00\xe0\x00\x0f\x00\x07\x00\x00\x3c'\
    b'\x00\x38\x00\x00\xf0\x01\xc0\x00\x03\x80\x0e\x00\x00\x0e\x00\x70'\
    b'\x00\x00\x70\x03\x80\x00\x01\xc0\x1c\x00\x00\x0e\x00\xe0\x00\x00'\
    b'\x70\x07\x00\x00\x03\x80\x38\x00\x00\x0e\x1f\xff\xc0\x00\x71\xff'\
    b'\xff\x00\x03\x8f\xff\xf8\x00\x1c\x03\x80\x00\x00\xe0\x1c\x00\x00'\
    b'\x07\x00\xe0\x00\x00\x70\x07\x00\x00\x03\x80\x38\x00\x00\x1c\x01'\
    b'\xc0\x00\x00\xe0\x0e\x00\x00\x0e\x00\x70\x00\x00\x70\x03\x80\x00'\
    b'\x07\x00\x1c\x00\x00\x78\x00\xe0\x00\x07\x80\x07\x00\x00\x78\x00'\
    b'\x38\x00\x07\xc0\x01\xc0\x00\xfc\x00\x0e\x00\x1f\x80\x00\x7f\xff'\
    b'\xf8\x00\x03\xff\xff\x00\x00\x1f\xff\x80\x00\x00\x00\x00\x00\x00'\
    b'\x00\x00\x00\x00\x00\x00\x00\x00\x00\x00\x00\x00\x00\x00\x00\x00'\
    b'\x00\x00\x00\x00\x00\x00\x00\x00\x00\x00\x00\x00\x00\x00\x00\x00'\
    b'\x00\x00\x00\x00\x00\x00\x00\x00\x00\x00\x00\x00\x00\x00\x00\x00'\
    b'\x00\x00\x00\x00\x00\x00\x00\x00\x00\x00\x00\x00\x00\x00\x01\xc0'\
    b'\x00\x00\x00\x0f\xe0\x20\x00\x00\x7f\xf0\xe0\x00\x00\xf1\xff\xc0'\
    b'\x00\x03\x80\xff\x00\x00\x02\x00\xf8\x00\x00\x00\x00\x00\x00\x00'\
    b'\x00\x00\x00\x00\x00\x00\x00\x00\x00\x00\x00\x00\x00\x00\x30\x00'\
    b'\x00\x06\x00\x70\x00\x00\x0e\x00\xf0\x00\x00\x1c\x01\xf0\x00\x00'\
    b'\x38\x03\xe0\x00\x00\x70\x07\xe0\x00\x00\xe0\x0f\xe0\x00\x01\xc0'\
    b'\x1d\xe0\x00\x03\x80\x39\xc0\x00\x07\x00\x71\xc0\x00\x0e\x00\xe3'\
    b'\xc0\x00\x1c\x01\xc3\xc0\x00\x38\x03\x83\x80\x00\x70\x07\x03\x80'\
    b'\x00\xe0\x0e\x07\x80\x01\xc0\x1c\x07\x80\x03\x80\x38\x07\x00\x07'\
    b'\x00\x70\x07\x00\x0e\x00\xe0\x0f\x00\x1c\x01\xc0\x0f\x00\x38\x03'\
    b'\x80\x0f\x00\x70\x07\x00\x0e\x00\xe0\x0e\x00\x0e\x01\xc0\x1c\x00'\
    b'\x1e\x03\x80\x38\x00\x1e\x07\x00\x70\x00\x1c\x0e\x00\xe0\x00\x1c'\
    b'\x1c\x01\xc0\x00\x3c\x38\x03\x80\x00\x3c\x70\x07\x00\x00\x38\xe0'\
    b'\x0e\x00\x00\x39\xc0\x1c\x00\x00\x7b\x80\x38\x00\x00\x7f\x00\x70'\
    b'\x00\x00\x7e\x00\xe0\x00\x00\x7c\x01\xc0\x00\x00\x78\x03\x80\x00'\
    b'\x00\xf0\x06\x00\x00\x00\xc0\x00\x00\x00\x00\x00\x00\x00\x00\x00'\
    b'\x00\x00\x00\x00\x00\x00\x00\x00\x00\x00\x00\x00\x00\x00\x00\x00'\
    b'\x00\x00\x00\x00\x00\x00\x00\x00\x00\x00\x00\x00\x00\x00\x00\x00'\
    b'\x00\x00\x00\x00\x00\x00\x00\x00\x00\x00\x00\x00\x00\x00\x18\x00'\
    b'\x00\x00\x00\x01\xc0\x00\x00\x00\x00\x1e\x00\x00\x00\x00\x00\xf0'\
    b'\x00\x00\x00\x00\x07\x80\x00\x00\x00\x00\x3c\x00\x00\x00\x00\x01'\
    b'\xe0\x00\x00\x00\x00\x0f\x00\x00\x00\x00\x00\x60\x00\x00\x00\x00'\
    b'\x00\x00\x00\x00\x00\x00\x00\x00\x00\x00\x00\x00\x00\x00\x00\x00'\
    b'\x00\x00\x00\x00\x00\x00\x7f\xe0\x00\x00\x00\x3f\xff\xc0\x00\x00'\
    b'\x0f\xff\xff\x00\x00\x01\xf8\x01\xf8\x00\x00\x7c\x00\x03\xe0\x00'\
    b'\x0f\x80\x00\x1f\x00\x01\xe0\x00\x00\x78\x00\x1c\x00\x00\x03\xc0'\
    b'\x03\x80\x00\x00\x1c\x00\x78\x00\x00\x01\xe0\x07\x00\x00\x00\x0e'\
    b'\x00\xe0\x00\x00\x00\x70\x0e\x00\x00\x00\x07\x00\xe0\x00\x00\x00'\
    b'\x38\x1c\x00\x00\x00\x03\x81\xc0\x00\x00\x00\x38\x1c\x00\x00\x00'\
    b'\x03\x81\xc0\x00\x00\x00\x38\x1c\x00\x00\x00\x03\x81\xc0\x00\x00'\
    b'\x00\x38\x1c\x00\x00\x00\x03\x81\xc0\x00\x00\x00\x38\x1c\x00\x00'\
    b'\x00\x03\x81\xc0\x00\x00\x00\x38\x0e\x00\x00\x00\x03\x80\xe0\x00'\
    b'\x00\x00\x70\x0e\x00\x00\x00\x07\x00\x70\x00\x00\x00\xe0\x07\x80'\
    b'\x00\x00\x0e\x00\x38\x00\x00\x01\xc0\x01\xc0\x00\x00\x3c\x00\x1e'\
    b'\x00\x00\x07\x80\x00\xf8\x00\x01\xf0\x00\x07\xc0\x00\x3e\x00\x00'\
    b'\x1f\x80\x1f\x80\x00\x00\xff\xff\xf0\x00\x00\x03\xff\xfc\x00\x00'\
    b'\x00\x03\xfe\x00\x00\x00\x00\x00\x00\x00\x00\x00\x00\x00\x00\x00'\
    b'\x00\x00\x00\x00\x00\x00\x00\x00\x00\x00\x00\x00\x00\x00\x00\x00'\
    b'\x00\x00\x00\x00\x00\x00\x00\x00\x00\x00\x00\x00\x00\x00\x00\x00'\
    b'\x00\x00\x00\x00\x00\x00\x00\x00\x00\x00\x00\x00\x00\x00\x00\x00'\
    b'\x00\x00\x00\x00\x03\x00\x00\x00\x00\x00\x78\x00\x00\x00\x00\x0f'\
    b'\x00\x00\x00\x00\x01\xe0\x00\x00\x00\x00\x3c\x00\x00\x00\x00\x07'\
    b'\x80\x00\x00\x00\x00\xf0\x00\x00\x00\x00\x0e\x00\x00\x00\x00\x00'\
    b'\xc0\x00\x00\x00\x00\x00\x00\x00\x00\x00\x00\x00\x00\x00\x00\x00'\
    b'\x00\x00\x00\x00\x00\x00\x00\x00\x00\x00\x00\x7f\xe0\x00\x00\x00'\
    b'\x3f\xff\xc0\x00\x00\x0f\xff\xff\x00\x00\x01\xf8\x01\xf8\x00\x00'\
    b'\x7c\x00\x03\xe0\x00\x0f\x80\x00\x1f\x00\x01\xe0\x00\x00\x78\x00'\
    b'\x1c\x00\x00\x03\xc0\x03\x80\x00\x00\x1c\x00\x78\x00\x00\x01\xe0'\
    b'\x07\x00\x00\x00\x0e\x00\xe0\x00\x00\x00\x70\x0e\x00\x00\x00\x07'\
    b'\x00\xe0\x00\x00\x00\x38\x1c\x00\x00\x00\x03\x81\xc0\x00\x00\x00'\
    b'\x38\x1c\x00\x00\x00\x03\x81\xc0\x00\x00\x00\x38\x1c\x00\x00\x00'\
    b'\x03\x81\xc0\x00\x00\x00\x38\x1c\x00\x00\x00\x03\x81\xc0\x00\x00'\
    b'\x00\x38\x1c\x00\x00\x00\x03\x81\xc0\x00\x00\x00\x38\x0e\x00\x00'\
    b'\x00\x03\x80\xe0\x00\x00\x00\x70\x0e\x00\x00\x00\x07\x00\x70\x00'\
    b'\x00\x00\xe0\x07\x80\x00\x00\x0e\x00\x38\x00\x00\x01\xc0\x01\xc0'\
    b'\x00\x00\x3c\x00\x1e\x00\x00\x07\x80\x00\xf8\x00\x01\xf0\x00\x07'\
    b'\xc0\x00\x3e\x00\x00\x1f\x80\x1f\x80\x00\x00\xff\xff\xf0\x00\x00'\
    b'\x03\xff\xfc\x00\x00\x00\x03\xfe\x00\x00\x00\x00\x00\x00\x00\x00'\
    b'\x00\x00\x00\x00\x00\x00\x00\x00\x00\x00\x00\x00\x00\x00\x00\x00'\
    b'\x00\x00\x00\x00\x00\x00\x00\x00\x00\x00\x00\x00\x00\x00\x00\x00'\
    b'\x00\x00\x00\x00\x00\x00\x00\x00\x00\x00\x00\x00\x00\x00\x00\x00'\
    b'\x00\x00\x00\x00\x00\x00\x00\x00\x00\x00\x00\x00\x00\x00\x06\x00'\
    b'\x00\x00\x00\x01\xf8\x00\x00\x00\x00\x3f\xc0\x00\x00\x00\x07\xff'\
    b'\x00\x00\x00\x01\xf8\xf8\x00\x00\x00\x1e\x07\x80\x00\x00\x01\xc0'\
    b'\x18\x00\x00\x00\x00\x00\x00\x00\x00\x00\x00\x00\x00\x00\x00\x00'\
    b'\x00\x00\x00\x00\x00\x00\x00\x00\x00\x00\x00\x00\x00\x00\x00\x00'\
    b'\x7f\xe0\x00\x00\x00\x3f\xff\xc0\x00\x00\x0f\xff\xff\x00\x00\x01'\
    b'\xf8\x01\xf8\x00\x00\x7c\x00\x03\xe0\x00\x0f\x80\x00\x1f\x00\x01'\
    b'\xe0\x00\x00\x78\x00\x1c\x00\x00\x03\xc0\x03\x80\x00\x00\x1c\x00'\
    b'\x78\x00\x00\x01\xe0\x07\x00\x00\x00\x0e\x00\xe0\x00\x00\x00\x70'\
    b'\x0e\x00\x00\x00\x07\x00\xe0\x00\x00\x00\x38\x1c\x00\x00\x00\x03'\
    b'\x81\xc0\x00\x00\x00\x38\x1c\x00\x00\x00\x03\x81\xc0\x00\x00\x00'\
    b'\x38\x1c\x00\x00\x00\x03\x81\xc0\x00\x00\x00\x38\x1c\x00\x00\x00'\
    b'\x03\x81\xc0\x00\x00\x00\x38\x1c\x00\x00\x00\x03\x81\xc0\x00\x00'\
    b'\x00\x38\x0e\x00\x00\x00\x03\x80\xe0\x00\x00\x00\x70\x0e\x00\x00'\
    b'\x00\x07\x00\x70\x00\x00\x00\xe0\x07\x80\x00\x00\x0e\x00\x38\x00'\
    b'\x00\x01\xc0\x01\xc0\x00\x00\x3c\x00\x1e\x00\x00\x07\x80\x00\xf8'\
    b'\x00\x01\xf0\x00\x07\xc0\x00\x3e\x00\x00\x1f\x80\x1f\x80\x00\x00'\
    b'\xff\xff\xf0\x00\x00\x03\xff\xfc\x00\x00\x00\x03\xfe\x00\x00\x00'\
    b'\x00\x00\x00\x00\x00\x00\x00\x00\x00\x00\x00\x00\x00\x00\x00\x00'\
    b'\x00\x00\x00\x00\x00\x00\x00\x00\x00\x00\x00\x00\x00\x00\x00\x00'\
    b'\x00\x00\x00\x00\x00\x00\x00\x00\x00\x00\x00\x00\x00\x00\x00\x00'\
    b'\x00\x00\x00\x00\x00\x00\x00\x00\x00\x00\x00\x00\x00\x00\x00\x00'\
    b'\x00\x00\x00\x00\x00\x00\x00\x00\x00\x00\x00\x00\x00\x00\x38\x00'\
    b'\x00\x00\x00\x0f\xf0\x30\x00\x00\x01\xff\x87\x80\x00\x00\x3c\x3f'\
    b'\xf0\x00\x00\x03\x81\xfe\x00\x00\x00\x30\x07\xc0\x00\x00\x00\x00'\
    b'\x00\x00\x00\x00\x00\x00\x00\x00\x00\x00\x00\x00\x00\x00\x00\x00'\
    b'\x00\x00\x00\x00\x00\x7f\xe0\x00\x00\x00\x3f\xff\xc0\x00\x00\x0f'\
    b'\xff\xff\x00\x00\x01\xf8\x01\xf8\x00\x00\x7c\x00\x03\xe0\x00\x0f'\
    b'\x80\x00\x1f\x00\x01\xe0\x00\x00\x78\x00\x1c\x00\x00\x03\xc0\x03'\
    b'\x80\x00\x00\x1c\x00\x78\x00\x00\x01\xe0\x07\x00\x00\x00\x0e\x00'\
    b'\xe0\x00\x00\x00\x70\x0e\x00\x00\x00\x07\x00\xe0\x00\x00\x00\x38'\
    b'\x1c\x00\x00\x00\x03\x81\xc0\x00\x00\x00\x38\x1c\x00\x00\x00\x03'\
    b'\x81\xc0\x00\x00\x00\x38\x1c\x00\x00\x00\x03\x81\xc0\x00\x00\x00'\
    b'\x38\x1c\x00\x00\x00\x03\x81\xc0\x00\x00\x00\x38\x1c\x00\x00\x00'\
    b'\x03\x81\xc0\x00\x00\x00\x38\x0e\x00\x00\x00\x03\x80\xe0\x00\x00'\
    b'\x00\x70\x0e\x00\x00\x00\x07\x00\x70\x00\x00\x00\xe0\x07\x80\x00'\
    b'\x00\x0e\x00\x38\x00\x00\x01\xc0\x01\xc0\x00\x00\x3c\x00\x1e\x00'\
    b'\x00\x07\x80\x00\xf8\x00\x01\xf0\x00\x07\xc0\x00\x3e\x00\x00\x1f'\
    b'\x80\x1f\x80\x00\x00\xff\xff\xf0\x00\x00\x03\xff\xfc\x00\x00\x00'\
    b'\x03\xfe\x00\x00\x00\x00\x00\x00\x00\x00\x00\x00\x00\x00\x00\x00'\
    b'\x00\x00\x00\x00\x00\x00\x00\x00\x00\x00\x00\x00\x00\x00\x00\x00'\
    b'\x00\x00\x00\x00\x00\x00\x00\x00\x00\x00\x00\x00\x00\x00\x00\x00'\
    b'\x00\x00\x00\x00\x00\x00\x00\x00\x00\x00\x00\x00\x00\x00\x00\x00'\
    b'\x00\x00\x00\x00\x00\x00\x00\x00\x00\x00\x00\x00\x00\x00\x00\x00'\
    b'\x00\x00\x00\xe0\x70\x00\x00\x00\x1f\x07\x80\x00\x00\x01\xf0\xf8'\
    b'\x00\x00\x00\x1f\x07\x80\x00\x00\x00\xe0\x70\x00\x00\x00\x00\x00'\
    b'\x00\x00\x00\x00\x00\x00\x00\x00\x00\x00\x00\x00\x00\x00\x00\x00'\
    b'\x00\x00\x00\x00\x00\x00\x00\x00\x00\x00\x7f\xe0\x00\x00\x00\x3f'\
    b'\xff\xc0\x00\x00\x0f\xff\xff\x00\x00\x01\xf8\x01\xf8\x00\x00\x7c'\
    b'\x00\x03\xe0\x00\x0f\x80\x00\x1f\x00\x01\xe0\x00\x00\x78\x00\x1c'\
    b'\x00\x00\x03\xc0\x03\x80\x00\x00\x1c\x00\x78\x00\x00\x01\xe0\x07'\
    b'\x00\x00\x00\x0e\x00\xe0\x00\x00\x00\x70\x0e\x00\x00\x00\x07\x00'\
    b'\xe0\x00\x00\x00\x38\x1c\x00\x00\x00\x03\x81\xc0\x00\x00\x00\x38'\
    b'\x1c\x00\x00\x00\x03\x81\xc0\x00\x00\x00\x38\x1c\x00\x00\x00\x03'\
    b'\x81\xc0\x00\x00\x00\x38\x1c\x00\x00\x00\x03\x81\xc0\x00\x00\x00'\
    b'\x38\x1c\x00\x00\x00\x03\x81\xc0\x00\x00\x00\x38\x0e\x00\x00\x00'\
    b'\x03\x80\xe0\x00\x00\x00\x70\x0e\x00\x00\x00\x07\x00\x70\x00\x00'\
    b'\x00\xe0\x07\x80\x00\x00\x0e\x00\x38\x00\x00\x01\xc0\x01\xc0\x00'\
    b'\x00\x3c\x00\x1e\x00\x00\x07\x80\x00\xf8\x00\x01\xf0\x00\x07\xc0'\
    b'\x00\x3e\x00\x00\x1f\x80\x1f\x80\x00\x00\xff\xff\xf0\x00\x00\x03'\
    b'\xff\xfc\x00\x00\x00\x03\xfe\x00\x00\x00\x00\x00\x00\x00\x00\x00'\
    b'\x00\x00\x00\x00\x00\x00\x00\x00\x00\x00\x00\x00\x00\x00\x00\x00'\
    b'\x00\x00\x00\x00\x00\x00\x00\x00\x00\x00\x00\x00\x00\x00\x00\x00'\
    b'\x00\x00\x00\x00\x00\x00\x00\x00\x00\x00\x00\x00\x00\x00\x00\x00'\
    b'\x00\x00\x00\x00\x00\x00\x00\x00\x00\x00\x00\x00\x00\x00\x00\x00'\
    b'\x00\x00\x00\x00\x00\x00\x00\x00\x00\x00\x00\x00\x00\x00\x00\x00'\
    b'\x00\x00\x00\x00\x00\x00\x00\x00\x00\x00\x00\x00\x00\x00\x00\x00'\
    b'\x00\x00\x00\x00\x00\x00\x00\x00\x00\x00\x00\x00\x00\x00\x00\x00'\
    b'\x00\x00\x00\x00\x00\x00\x00\x00\x00\x00\x03\x80\x03\x07\x00\x0e'\
    b'\x0f\x00\x3c\x0f\x00\xf0\x0f\x03\xc0\x0f\x0f\x00\x0f\x3c\x00\x0f'\
    b'\xf0\x00\x0f\xc0\x00\x0f\x00\x00\x3f\x00\x00\xff\x00\x03\xcf\x00'\
    b'\x0f\x0f\x00\x3c\x0f\x00\xf8\x0f\x03\xe0\x0f\x07\x80\x0e\x0e\x00'\
    b'\x0c\x00\x00\x00\x00\x00\x00\x00\x00\x00\x00\x00\x00\x00\x00\x00'\
    b'\x00\x00\x00\x00\x00\x00\x00\x00\x00\x00\x00\x00\x00\x00\x00\x00'\
    b'\x00\x00\x00\x00\x00\x00\x00\x00\x00\x00\x00\x00\x00\x00\x00\x00'\
    b'\x00\x00\x00\x00\x00\x00\x00\x00\x00\x00\x00\x00\x00\x00\x00\x00'\
    b'\x00\x00\x00\x00\x00\x00\x00\x00\x00\x00\x00\x00\x00\x00\x00\x00'\
    b'\x00\x00\x00\x00\x00\x00\x00\x00\x00\x00\x00\x00\x00\x00\x00\x00'\
    b'\x00\x00\x00\x00\x00\x00\x00\x00\x00\x00\x00\x00\x00\x00\x00\x00'\
    b'\x00\x00\x00\x00\x00\x00\x00\x00\x00\x00\x00\x00\x0f\xfc\x00\x30'\
    b'\x00\x3f\xff\xc0\x38\x00\x7f\xff\xf8\x3c\x00\x7e\x00\x7e\x3c\x00'\
    b'\xfc\x00\x0f\xfc\x00\xf8\x00\x01\xfc\x00\xf0\x00\x00\x7c\x00\x70'\
    b'\x00\x00\x3e\x00\x70\x00\x00\x3f\x80\x78\x00\x00\x3d\xe0\x38\x00'\
    b'\x00\x3c\x70\x3c\x00\x00\x3c\x1c\x1c\x00\x00\x3c\x0e\x0e\x00\x00'\
    b'\x3c\x07\x8e\x00\x00\x3c\x01\xc7\x00\x00\x3c\x00\xe3\x80\x00\x3c'\
    b'\x00\x71\xc0\x00\x3c\x00\x38\xe0\x00\x3c\x00\x1c\x70\x00\x7c\x00'\
    b'\x0e\x38\x00\x7c\x00\x07\x1c\x00\x7c\x00\x03\x8e\x00\x7c\x00\x01'\
    b'\xc7\x00\x7c\x00\x00\xe1\xc0\x7c\x00\x00\x70\xe0\x7c\x00\x00\x70'\
    b'\x70\x7c\x00\x00\x38\x1c\x7c\x00\x00\x38\x0f\x7c\x00\x00\x1c\x03'\
    b'\xfc\x00\x00\x1c\x00\xfc\x00\x00\x1e\x00\x7c\x00\x00\x1e\x00\x7f'\
    b'\x00\x00\x3e\x00\x7f\xc0\x00\x3e\x00\x78\xfc\x00\xfc\x00\x78\x3f'\
    b'\xff\xfc\x00\x38\x07\xff\xf8\x00\x18\x00\x7f\xe0\x00\x00\x00\x00'\
    b'\x00\x00\x00\x00\x00\x00\x00\x00\x00\x00\x00\x00\x00\x00\x00\x00'\
    b'\x00\x00\x00\x00\x00\x00\x00\x00\x00\x00\x00\x00\x00\x00\x00\x00'\
    b'\x00\x00\x00\x00\x00\x00\x00\x00\x00\x00\x00\x00\x00\x00\x00\x00'\
    b'\x00\x00\x00\x00\x00\x00\x00\xe0\x00\x00\x00\x03\xc0\x00\x00\x00'\
    b'\x0f\x80\x00\x00\x00\x1e\x00\x00\x00\x00\x3c\x00\x00\x00\x00\x78'\
    b'\x00\x00\x00\x00\xf0\x00\x00\x00\x01\xe0\x00\x00\x00\x03\x00\x00'\
    b'\x00\x00\x00\x00\x00\x00\x00\x00\x00\x00\x00\x00\x00\x00\x00\x00'\
    b'\x00\x00\x00\x01\x80\x00\x00\x60\x07\x00\x00\x01\xc0\x1c\x00\x00'\
    b'\x07\x00\x70\x00\x00\x1c\x01\xc0\x00\x00\x70\x07\x00\x00\x01\xc0'\
    b'\x1c\x00\x00\x07\x00\x70\x00\x00\x1c\x01\xc0\x00\x00\x70\x07\x00'\
    b'\x00\x01\xc0\x1c\x00\x00\x07\x00\x70\x00\x00\x1c\x01\xc0\x00\x00'\
    b'\x70\x07\x00\x00\x01\xc0\x1c\x00\x00\x07\x00\x70\x00\x00\x1c\x01'\
    b'\xc0\x00\x00\x70\x07\x00\x00\x01\xc0\x1c\x00\x00\x07\x00\x70\x00'\
    b'\x00\x1c\x01\xc0\x00\x00\x70\x07\x00\x00\x01\xc0\x1c\x00\x00\x07'\
    b'\x00\x70\x00\x00\x1c\x01\xc0\x00\x00\x70\x07\x00\x00\x01\xc0\x1c'\
    b'\x00\x00\x07\x00\x70\x00\x00\x38\x01\xc0\x00\x00\xe0\x03\x80\x00'\
    b'\x03\x80\x0e\x00\x00\x1c\x00\x3c\x00\x00\xf0\x00\x78\x00\x07\x80'\
    b'\x00\xf0\x00\x3c\x00\x01\xf0\x03\xe0\x00\x03\xff\xff\x00\x00\x03'\
    b'\xff\xf0\x00\x00\x01\xfe\x00\x00\x00\x00\x00\x00\x00\x00\x00\x00'\
    b'\x00\x00\x00\x00\x00\x00\x00\x00\x00\x00\x00\x00\x00\x00\x00\x00'\
    b'\x00\x00\x00\x00\x00\x00\x00\x00\x00\x00\x00\x00\x00\x00\x00\x00'\
    b'\x00\x00\x00\x00\x00\x00\x00\x00\x00\x00\x00\x00\x00\x00\x01\x80'\
    b'\x00\x00\x00\x0f\x00\x00\x00\x00\x78\x00\x00\x00\x03\xc0\x00\x00'\
    b'\x00\x1f\x00\x00\x00\x00\xf8\x00\x00\x00\x07\xc0\x00\x00\x00\x1e'\
    b'\x00\x00\x00\x00\x70\x00\x00\x00\x00\x00\x00\x00\x00\x00\x00\x00'\
    b'\x00\x00\x00\x00\x00\x00\x00\x00\x00\x00\x18\x00\x00\x06\x00\x70'\
    b'\x00\x00\x1c\x01\xc0\x00\x00\x70\x07\x00\x00\x01\xc0\x1c\x00\x00'\
    b'\x07\x00\x70\x00\x00\x1c\x01\xc0\x00\x00\x70\x07\x00\x00\x01\xc0'\
    b'\x1c\x00\x00\x07\x00\x70\x00\x00\x1c\x01\xc0\x00\x00\x70\x07\x00'\
    b'\x00\x01\xc0\x1c\x00\x00\x07\x00\x70\x00\x00\x1c\x01\xc0\x00\x00'\
    b'\x70\x07\x00\x00\x01\xc0\x1c\x00\x00\x07\x00\x70\x00\x00\x1c\x01'\
    b'\xc0\x00\x00\x70\x07\x00\x00\x01\xc0\x1c\x00\x00\x07\x00\x70\x00'\
    b'\x00\x1c\x01\xc0\x00\x00\x70\x07\x00\x00\x01\xc0\x1c\x00\x00\x07'\
    b'\x00\x70\x00\x00\x1c\x01\xc0\x00\x00\x70\x07\x00\x00\x03\x80\x1c'\
    b'\x00\x00\x0e\x00\x38\x00\x00\x38\x00\xe0\x00\x01\xc0\x03\xc0\x00'\
    b'\x0f\x00\x07\x80\x00\x78\x00\x0f\x00\x03\xc0\x00\x1f\x00\x3e\x00'\
    b'\x00\x3f\xff\xf0\x00\x00\x3f\xff\x00\x00\x00\x1f\xe0\x00\x00\x00'\
    b'\x00\x00\x00\x00\x00\x00\x00\x00\x00\x00\x00\x00\x00\x00\x00\x00'\
    b'\x00\x00\x00\x00\x00\x00\x00\x00\x00\x00\x00\x00\x00\x00\x00\x00'\
    b'\x00\x00\x00\x00\x00\x00\x00\x00\x00\x00\x00\x00\x00\x00\x00\x00'\
    b'\x00\x00\x00\x00\x00\x00\x00\x00\x00\x0c\x00\x00\x00\x00\x7c\x00'\
    b'\x00\x00\x07\xf8\x00\x00\x00\x3f\xf8\x00\x00\x03\xf1\xf0\x00\x00'\
    b'\x0f\x03\xe0\x00\x00\x38\x03\x00\x00\x00\x00\x00\x00\x00\x00\x00'\
    b'\x00\x00\x00\x00\x00\x00\x00\x00\x00\x00\x00\x00\x00\x00\x00\x00'\
    b'\x01\x80\x00\x00\x60\x07\x00\x00\x01\xc0\x1c\x00\x00\x07\x00\x70'\
    b'\x00\x00\x1c\x01\xc0\x00\x00\x70\x07\x00\x00\x01\xc0\x1c\x00\x00'\
    b'\x07\x00\x70\x00\x00\x1c\x01\xc0\x00\x00\x70\x07\x00\x00\x01\xc0'\
    b'\x1c\x00\x00\x07\x00\x70\x00\x00\x1c\x01\xc0\x00\x00\x70\x07\x00'\
    b'\x00\x01\xc0\x1c\x00\x00\x07\x00\x70\x00\x00\x1c\x01\xc0\x00\x00'\
    b'\x70\x07\x00\x00\x01\xc0\x1c\x00\x00\x07\x00\x70\x00\x00\x1c\x01'\
    b'\xc0\x00\x00\x70\x07\x00\x00\x01\xc0\x1c\x00\x00\x07\x00\x70\x00'\
    b'\x00\x1c\x01\xc0\x00\x00\x70\x07\x00\x00\x01\xc0\x1c\x00\x00\x07'\
    b'\x00\x70\x00\x00\x38\x01\xc0\x00\x00\xe0\x03\x80\x00\x03\x80\x0e'\
    b'\x00\x00\x1c\x00\x3c\x00\x00\xf0\x00\x78\x00\x07\x80\x00\xf0\x00'\
    b'\x3c\x00\x01\xf0\x03\xe0\x00\x03\xff\xff\x00\x00\x03\xff\xf0\x00'\
    b'\x00\x01\xfe\x00\x00\x00\x00\x00\x00\x00\x00\x00\x00\x00\x00\x00'\
    b'\x00\x00\x00\x00\x00\x00\x00\x00\x00\x00\x00\x00\x00\x00\x00\x00'\
    b'\x00\x00\x00\x00\x00\x00\x00\x00\x00\x00\x00\x00\x00\x00\x00\x00'\
    b'\x00\x00\x00\x00\x00\x00\x00\x00\x00\x00\x00\x00\x00\x00\x00\x00'\
    b'\x00\x00\x00\x00\x00\x00\x00\x00\x01\xc0\x70\x00\x00\x0f\x83\xc0'\
    b'\x00\x00\x3e\x0f\x80\x00\x00\xf8\x3c\x00\x00\x01\xc0\x70\x00\x00'\
    b'\x00\x00\x00\x00\x00\x00\x00\x00\x00\x00\x00\x00\x00\x00\x00\x00'\
    b'\x00\x00\x00\x00\x00\x00\x00\x18\x00\x00\x06\x00\x70\x00\x00\x1c'\
    b'\x01\xc0\x00\x00\x70\x07\x00\x00\x01\xc0\x1c\x00\x00\x07\x00\x70'\
    b'\x00\x00\x1c\x01\xc0\x00\x00\x70\x07\x00\x00\x01\xc0\x1c\x00\x00'\
    b'\x07\x00\x70\x00\x00\x1c\x01\xc0\x00\x00\x70\x07\x00\x00\x01\xc0'\
    b'\x1c\x00\x00\x07\x00\x70\x00\x00\x1c\x01\xc0\x00\x00\x70\x07\x00'\
    b'\x00\x01\xc0\x1c\x00\x00\x07\x00\x70\x00\x00\x1c\x01\xc0\x00\x00'\
    b'\x70\x07\x00\x00\x01\xc0\x1c\x00\x00\x07\x00\x70\x00\x00\x1c\x01'\
    b'\xc0\x00\x00\x70\x07\x00\x00\x01\xc0\x1c\x00\x00\x07\x00\x70\x00'\
    b'\x00\x1c\x01\xc0\x00\x00\x70\x07\x00\x00\x03\x80\x1c\x00\x00\x0e'\
    b'\x00\x38\x00\x00\x38\x00\xe0\x00\x01\xc0\x03\xc0\x00\x0f\x00\x07'\
    b'\x80\x00\x78\x00\x0f\x00\x03\xc0\x00\x1f\x00\x3e\x00\x00\x3f\xff'\
    b'\xf0\x00\x00\x3f\xff\x00\x00\x00\x1f\xe0\x00\x00\x00\x00\x00\x00'\
    b'\x00\x00\x00\x00\x00\x00\x00\x00\x00\x00\x00\x00\x00\x00\x00\x00'\
    b'\x00\x00\x00\x00\x00\x00\x00\x00\x00\x00\x00\x00\x00\x00\x00\x00'\
    b'\x00\x00\x00\x00\x00\x00\x00\x00\x00\x00\x00\x00\x00\x00\x00\x00'\
    b'\x00\x01\x80\x00\x00\x0f\x00\x00\x00\x78\x00\x00\x03\xc0\x00\x00'\
    b'\x1e\x00\x00\x00\xf0\x00\x00\x07\xc0\x00\x00\x1e\x00\x00\x00\x70'\
    b'\x00\x00\x00\x00\x00\x00\x00\x00\x00\x00\x00\x00\x00\x00\x00\x00'\
    b'\x18\x00\x00\x03\xe0\x00\x00\x1d\xc0\x00\x00\x77\x80\x00\x03\x8e'\
    b'\x00\x00\x1e\x3c\x00\x00\x70\x70\x00\x03\x80\xe0\x00\x0e\x03\xc0'\
    b'\x00\x70\x07\x00\x03\xc0\x0e\x00\x0e\x00\x38\x00\x70\x00\x70\x01'\
    b'\xc0\x01\xe0\x0e\x00\x03\x80\x70\x00\x07\x01\xc0\x00\x1c\x0e\x00'\
    b'\x00\x38\x38\x00\x00\xf1\xc0\x00\x01\xce\x00\x00\x03\xb8\x00\x00'\
    b'\x0f\xc0\x00\x00\x1f\x00\x00\x00\x78\x00\x00\x00\xe0\x00\x00\x03'\
    b'\x80\x00\x00\x0e\x00\x00\x00\x38\x00\x00\x00\xe0\x00\x00\x03\x80'\
    b'\x00\x00\x0e\x00\x00\x00\x38\x00\x00\x00\xe0\x00\x00\x03\x80\x00'\
    b'\x00\x0e\x00\x00\x00\x38\x00\x00\x00\xe0\x00\x00\x03\x00\x00\x00'\
    b'\x00\x00\x00\x00\x00\x00\x00\x00\x00\x00\x00\x00\x00\x00\x00\x00'\
    b'\x00\x00\x00\x00\x00\x00\x00\x00\x00\x00\x00\x00\x00\x00\x00\x00'\
    b'\x00\x00\x00\x00\x00\x00\x00\x00\x00\x00\x00\x00\x00\x00\x00\x00'\
    b'\x00\x00\x00\x00\x00\x00\x00\x00\x00\x00\x00\x00\x00\x00\x00\x00'\
    b'\x00\x00\x00\x00\x00\x00\x00\x00\x00\x00\x00\x00\x00\x00\x00\x00'\
    b'\x00\x00\x00\x00\x00\x00\x00\x03\x00\x00\x00\x1c\x00\x00\x00\xe0'\
    b'\x00\x00\x07\x00\x00\x00\x38\x00\x00\x01\xc0\x00\x00\x0f\xff\x80'\
    b'\x00\x7f\xff\xc0\x03\xff\xff\x00\x1c\x00\x7e\x00\xe0\x00\xf0\x07'\
    b'\x00\x03\xc0\x38\x00\x0f\x01\xc0\x00\x38\x0e\x00\x01\xc0\x70\x00'\
    b'\x07\x03\x80\x00\x38\x1c\x00\x01\xc0\xe0\x00\x0e\x07\x00\x00\x70'\
    b'\x38\x00\x07\x01\xc0\x00\x38\x0e\x00\x03\xc0\x70\x00\x3c\x03\x80'\
    b'\x03\xc0\x1c\x00\x7e\x00\xff\xff\xc0\x07\xff\xfc\x00\x3f\xfe\x00'\
    b'\x01\xc0\x00\x00\x0e\x00\x00\x00\x70\x00\x00\x03\x80\x00\x00\x1c'\
    b'\x00\x00\x00\xe0\x00\x00\x07\x00\x00\x00\x38\x00\x00\x01\x80\x00'\
    b'\x00\x00\x00\x00\x00\x00\x00\x00\x00\x00\x00\x00\x00\x00\x00\x00'\
    b'\x00\x00\x00\x00\x00\x00\x00\x00\x00\x00\x00\x00\x00\x00\x00\x00'\
    b'\x00\x00\x00\x00\x00\x00\x00\x00\x00\x00\x00\x00\x00\x00\x00\x00'\
    b'\x00\x00\x00\x00\x00\x00\x00\x00\x00\x00\x00\x00\x00\x00\x00\x00'\
    b'\x00\x00\x00\x00\x00\x00\x00\x00\x00\x00\x00\x00\x00\x00\x00\x00'\
    b'\x00\x00\x00\x00\x1e\x00\x00\x3f\xf0\x00\x3f\xfe\x00\x1f\x03\xc0'\
    b'\x0f\x00\x78\x03\x80\x0e\x01\xe0\x03\xc0\x70\x00\x70\x1c\x00\x1c'\
    b'\x07\x00\x07\x01\xc0\x01\xc0\x70\x00\xe0\x1c\x00\x38\x07\x00\x1c'\
    b'\x01\xc0\x0e\x00\x70\x07\x00\x1c\x01\xc0\x07\x00\xe0\x01\xc0\x38'\
    b'\x00\x70\x0e\x00\x1c\x01\xc0\x07\x00\x78\x01\xc0\x0f\x00\x70\x01'\
    b'\xe0\x1c\x00\x3c\x07\x00\x07\x81\xc0\x00\xf0\x70\x00\x1c\x1c\x00'\
    b'\x07\x07\x00\x00\xe1\xc0\x00\x38\x70\x00\x0e\x1c\x00\x07\x07\x18'\
    b'\x01\xc1\xcf\x01\xe0\x71\xff\xf0\x1c\x3f\xf8\x06\x03\xf8\x00\x00'\
    b'\x00\x00\x00\x00\x00\x00\x00\x00\x00\x00\x00\x00\x00\x00\x00\x00'\
    b'\x00\x00\x00\x00\x00\x00\x00\x00\x00\x00\x00\x00\x00\x00\x00\x00'\
    b'\x00\x00\x00\x00\x00\x00\x00\x00\x00\x00\x00\x00\x00\x00\x00\x00'\
    b'\x00\x00\x00\x00\x00\x00\x00\x00\x00\x00\x00\x00\x00\x00\x00\x00'\
    b'\x00\x00\x00\x00\x00\x00\x00\x00\x00\x00\x00\x00\x00\x00\x00\x00'\
    b'\x03\x80\x00\x00\x01\xe0\x00\x00\x00\xf8\x00\x00\x00\x3e\x00\x00'\
    b'\x00\x0f\x80\x00\x00\x03\xe0\x00\x00\x00\xf0\x00\x00\x00\x3c\x00'\
    b'\x00\x00\x0c\x00\x00\x00\x00\x00\x00\x00\x00\x00\x00\x00\x00\x00'\
    b'\x00\x00\x00\x00\x00\x00\x01\xfc\x00\x00\x07\xff\xc0\x00\x0f\xff'\
    b'\xf0\x00\x0f\x80\x7c\x00\x0f\x00\x0f\x00\x0f\x00\x03\xc0\x07\x00'\
    b'\x00\xf0\x07\x00\x00\x38\x03\x80\x00\x0e\x03\xc0\x00\x07\x01\xc0'\
    b'\x00\x03\x80\xe0\x00\x00\xe0\x70\x00\x00\x70\x38\x00\x00\x38\x1c'\
    b'\x00\x00\x1c\x0e\x00\x00\x0e\x07\x00\x00\x0f\x03\x80\x00\x07\x80'\
    b'\xe0\x00\x03\xc0\x70\x00\x03\xe0\x1c\x00\x03\xf0\x0f\x00\x01\xf8'\
    b'\x03\xc0\x03\xdc\x00\xf8\x07\xce\x00\x3f\xff\xc7\x00\x07\xff\xc3'\
    b'\x80\x00\xff\x01\x80\x00\x00\x00\x00\x00\x00\x00\x00\x00\x00\x00'\
    b'\x00\x00\x00\x00\x00\x00\x00\x00\x00\x00\x00\x00\x00\x00\x00\x00'\
    b'\x00\x00\x00\x00\x00\x00\x00\x00\x00\x00\x00\x00\x00\x00\x00\x00'\
    b'\x00\x00\x00\x00\x00\x00\x00\x00\x00\x00\x00\x00\x00\x00\x00\x00'\
    b'\x00\x00\x00\x00\x00\x00\x00\x00\x00\x00\x00\x00\x00\x00\x00\x00'\
    b'\x00\x00\x00\x00\x00\x00\x00\x00\x00\x00\x00\x00\x00\x00\x00\x00'\
    b'\x00\x01\xc0\x00\x00\x01\xe0\x00\x00\x01\xf0\x00\x00\x01\xf0\x00'\
    b'\x00\x01\xf0\x00\x00\x01\xf0\x00\x00\x01\xf0\x00\x00\x00\xf0\x00'\
    b'\x00\x00\x70\x00\x00\x00\x00\x00\x00\x00\x00\x00\x00\x00\x00\x00'\
    b'\x00\x00\x00\x00\x00\x00\x07\xf0\x00\x00\x1f\xff\x00\x00\x3f\xff'\
    b'\xc0\x00\x3e\x01\xf0\x00\x3c\x00\x3c\x00\x3c\x00\x0f\x00\x1c\x00'\
    b'\x03\xc0\x1c\x00\x00\xe0\x0e\x00\x00\x38\x0f\x00\x00\x1c\x07\x00'\
    b'\x00\x0e\x03\x80\x00\x03\x81\xc0\x00\x01\xc0\xe0\x00\x00\xe0\x70'\
    b'\x00\x00\x70\x38\x00\x00\x38\x1c\x00\x00\x3c\x0e\x00\x00\x1e\x03'\
    b'\x80\x00\x0f\x01\xc0\x00\x0f\x80\x70\x00\x0f\xc0\x3c\x00\x07\xe0'\
    b'\x0f\x00\x0f\x70\x03\xe0\x1f\x38\x00\xff\xff\x1c\x00\x1f\xff\x0e'\
    b'\x00\x03\xfc\x06\x00\x00\x00\x00\x00\x00\x00\x00\x00\x00\x00\x00'\
    b'\x00\x00\x00\x00\x00\x00\x00\x00\x00\x00\x00\x00\x00\x00\x00\x00'\
    b'\x00\x00\x00\x00\x00\x00\x00\x00\x00\x00\x00\x00\x00\x00\x00\x00'\
    b'\x00\x00\x00\x00\x00\x00\x00\x00\x00\x00\x00\x00\x00\x00\x00\x00'\
    b'\x00\x00\x00\x00\x00\x00\x00\x00\x00\x00\x00\x00\x00\x00\x00\x00'\
    b'\x00\x00\x00\x00\x00\x00\x00\x00\x00\x00\x00\x00\x00\x00\x00\x00'\
    b'\x00\x00\x00\x00\x00\x60\x00\x00\x00\x7c\x00\x00\x00\xff\x00\x00'\
    b'\x00\xff\xe0\x00\x01\xf8\xf8\x00\x00\xf0\x3e\x00\x00\x70\x06\x00'\
    b'\x00\x00\x00\x00\x00\x00\x00\x00\x00\x00\x00\x00\x00\x00\x00\x00'\
    b'\x00\x00\x00\x00\x00\x00\x1f\xc0\x00\x00\x7f\xfc\x00\x00\xff\xff'\
    b'\x00\x00\xf8\x07\xc0\x00\xf0\x00\xf0\x00\xf0\x00\x3c\x00\x70\x00'\
    b'\x0f\x00\x70\x00\x03\x80\x38\x00\x00\xe0\x3c\x00\x00\x70\x1c\x00'\
    b'\x00\x38\x0e\x00\x00\x0e\x07\x00\x00\x07\x03\x80\x00\x03\x81\xc0'\
    b'\x00\x01\xc0\xe0\x00\x00\xe0\x70\x00\x00\xf0\x38\x00\x00\x78\x0e'\
    b'\x00\x00\x3c\x07\x00\x00\x3e\x01\xc0\x00\x3f\x00\xf0\x00\x1f\x80'\
    b'\x3c\x00\x3d\xc0\x0f\x80\x7c\xe0\x03\xff\xfc\x70\x00\x7f\xfc\x38'\
    b'\x00\x0f\xf0\x18\x00\x00\x00\x00\x00\x00\x00\x00\x00\x00\x00\x00'\
    b'\x00\x00\x00\x00\x00\x00\x00\x00\x00\x00\x00\x00\x00\x00\x00\x00'\
    b'\x00\x00\x00\x00\x00\x00\x00\x00\x00\x00\x00\x00\x00\x00\x00\x00'\
    b'\x00\x00\x00\x00\x00\x00\x00\x00\x00\x00\x00\x00\x00\x00\x00\x00'\
    b'\x00\x00\x00\x00\x00\x00\x00\x00\x00\x00\x00\x00\x00\x00\x00\x00'\
    b'\x00\x00\x00\x00\x00\x00\x00\x00\x00\x00\x00\x00\x00\x00\x00\x00'\
    b'\x00\x00\x00\x00\x00\x00\x00\x00\x00\x00\x00\x00\x03\x80\x00\x00'\
    b'\x07\xf8\x08\x00\x07\xfe\x0e\x00\x07\x87\xfe\x00\x03\x81\xfe\x00'\
    b'\x01\x80\x3e\x00\x00\x00\x00\x00\x00\x00\x00\x00\x00\x00\x00\x00'\
    b'\x00\x00\x00\x00\x00\x00\x7f\x00\x00\x01\xff\xf0\x00\x03\xff\xfc'\
    b'\x00\x03\xe0\x1f\x00\x03\xc0\x03\xc0\x03\xc0\x00\xf0\x01\xc0\x00'\
    b'\x3c\x01\xc0\x00\x0e\x00\xe0\x00\x03\x80\xf0\x00\x01\xc0\x70\x00'\
    b'\x00\xe0\x38\x00\x00\x38\x1c\x00\x00\x1c\x0e\x00\x00\x0e\x07\x00'\
    b'\x00\x07\x03\x80\x00\x03\x81\xc0\x00\x03\xc0\xe0\x00\x01\xe0\x38'\
    b'\x00\x00\xf0\x1c\x00\x00\xf8\x07\x00\x00\xfc\x03\xc0\x00\x7e\x00'\
    b'\xf0\x00\xf7\x00\x3e\x01\xf3\x80\x0f\xff\xf1\xc0\x01\xff\xf0\xe0'\
    b'\x00\x3f\xc0\x60\x00\x00\x00\x00\x00\x00\x00\x00\x00\x00\x00\x00'\
    b'\x00\x00\x00\x00\x00\x00\x00\x00\x00\x00\x00\x00\x00\x00\x00\x00'\
    b'\x00\x00\x00\x00\x00\x00\x00\x00\x00\x00\x00\x00\x00\x00\x00\x00'\
    b'\x00\x00\x00\x00\x00\x00\x00\x00\x00\x00\x00\x00\x00\x00\x00\x00'\
    b'\x00\x00\x00\x00\x00\x00\x00\x00\x00\x00\x00\x00\x00\x00\x00\x00'\
    b'\x00\x00\x00\x00\x00\x00\x00\x00\x00\x00\x00\x00\x00\x00\x00\x00'\
    b'\x00\x00\x00\x00\x00\x00\x00\x00\x00\x00\x00\x00\x38\x0e\x00\x00'\
    b'\x3e\x0f\x00\x00\x1f\x07\xc0\x00\x0f\x83\xc0\x00\x03\x80\xe0\x00'\
    b'\x00\x00\x00\x00\x00\x00\x00\x00\x00\x00\x00\x00\x00\x00\x00\x00'\
    b'\x00\x00\x00\x00\x00\x01\xfc\x00\x00\x07\xff\xc0\x00\x0f\xff\xf0'\
    b'\x00\x0f\x80\x7c\x00\x0f\x00\x0f\x00\x0f\x00\x03\xc0\x07\x00\x00'\
    b'\xf0\x07\x00\x00\x38\x03\x80\x00\x0e\x03\xc0\x00\x07\x01\xc0\x00'\
    b'\x03\x80\xe0\x00\x00\xe0\x70\x00\x00\x70\x38\x00\x00\x38\x1c\x00'\
    b'\x00\x1c\x0e\x00\x00\x0e\x07\x00\x00\x0f\x03\x80\x00\x07\x80\xe0'\
    b'\x00\x03\xc0\x70\x00\x03\xe0\x1c\x00\x03\xf0\x0f\x00\x01\xf8\x03'\
    b'\xc0\x03\xdc\x00\xf8\x07\xce\x00\x3f\xff\xc7\x00\x07\xff\xc3\x80'\
    b'\x00\xff\x01\x80\x00\x00\x00\x00\x00\x00\x00\x00\x00\x00\x00\x00'\
    b'\x00\x00\x00\x00\x00\x00\x00\x00\x00\x00\x00\x00\x00\x00\x00\x00'\
    b'\x00\x00\x00\x00\x00\x00\x00\x00\x00\x00\x00\x00\x00\x00\x00\x00'\
    b'\x00\x00\x00\x00\x00\x00\x00\x00\x00\x00\x00\x00\x00\x00\x00\x00'\
    b'\x00\x00\x00\x00\x00\x00\x00\x00\x00\x00\x00\x00\x00\x00\x00\x00'\
    b'\x00\x00\x00\x00\x00\x00\x00\x00\x00\x00\x00\x00\x00\x00\x00\x00'\
    b'\x00\x00\x00\x00\x00\x00\x00\x00\x1e\x00\x00\x00\x1f\xc0\x00\x00'\
    b'\x1c\x60\x00\x00\x0c\x18\x00\x00\x06\x0c\x00\x00\x03\x06\x00\x00'\
    b'\x01\xc6\x00\x00\x00\x7f\x00\x00\x00\x1e\x00\x00\x00\x00\x00\x00'\
    b'\x00\x00\x00\x00\x00\x07\xf0\x00\x00\x1f\xff\x00\x00\x3f\xff\xc0'\
    b'\x00\x3e\x01\xf0\x00\x3c\x00\x3c\x00\x3c\x00\x0f\x00\x1c\x00\x03'\
    b'\xc0\x1c\x00\x00\xe0\x0e\x00\x00\x38\x0f\x00\x00\x1c\x07\x00\x00'\
    b'\x0e\x03\x80\x00\x03\x81\xc0\x00\x01\xc0\xe0\x00\x00\xe0\x70\x00'\
    b'\x00\x70\x38\x00\x00\x38\x1c\x00\x00\x3c\x0e\x00\x00\x1e\x03\x80'\
    b'\x00\x0f\x01\xc0\x00\x0f\x80\x70\x00\x0f\xc0\x3c\x00\x07\xe0\x0f'\
    b'\x00\x0f\x70\x03\xe0\x1f\x38\x00\xff\xff\x1c\x00\x1f\xff\x0e\x00'\
    b'\x03\xfc\x06\x00\x00\x00\x00\x00\x00\x00\x00\x00\x00\x00\x00\x00'\
    b'\x00\x00\x00\x00\x00\x00\x00\x00\x00\x00\x00\x00\x00\x00\x00\x00'\
    b'\x00\x00\x00\x00\x00\x00\x00\x00\x00\x00\x00\x00\x00\x00\x00\x00'\
    b'\x00\x00\x00\x00\x00\x00\x00\x00\x00\x00\x00\x00\x00\x00\x00\x00'\
    b'\x00\x00\x00\x00\x00\x00\x00\x00\x00\x00\x00\x00\x00\x00\x00\x00'\
    b'\x00\x00\x00\x00\x00\x00\x00\x00\x00\x00\x00\x00\x00\x00\x00\x00'\
    b'\x00\x00\x00\x00\x00\x00\x00\x00\x00\x00\x00\x00\x00\x00\x00\x00'\
    b'\x00\x00\x00\x00\x00\x00\x00\x00\x00\x00\x00\x00\x00\x00\x00\x00'\
    b'\x00\x00\x00\x00\x00\x00\x00\x00\x00\x00\x00\x00\x00\x00\x00\x00'\
    b'\x00\x00\x00\x00\x00\x00\x00\x00\x00\x00\x00\x00\x00\x00\x00\x00'\
    b'\x00\x00\x00\x00\x00\x00\x00\x00\x00\x00\x00\x00\x00\x00\x00\x00'\
    b'\x00\x00\x00\x00\x00\x00\x00\x00\x00\x00\x00\x00\x00\x00\x00\x00'\
    b'\x00\x00\x00\x00\x00\x00\x00\x00\x00\x00\x00\x00\x00\x00\x00\x00'\
    b'\x00\x1f\xc0\x00\x3f\x80\x00\x07\xff\xc0\x0f\xff\x00\x00\xff\xff'\
    b'\x00\xff\xfe\x00\x0f\x80\x7c\x0f\x00\xf8\x00\xf0\x00\xf0\xf0\x01'\
    b'\xc0\x0f\x00\x03\xcf\x00\x07\x00\x70\x00\x0f\x70\x00\x1c\x07\x00'\
    b'\x00\x3f\x00\x00\xe0\x38\x00\x00\xf8\x00\x03\x83\xc0\x00\x07\x80'\
    b'\x00\x1c\x1c\x00\x00\x3c\x00\x00\xe0\xe0\x00\x00\xe0\x00\x07\x07'\
    b'\x00\x00\x07\xff\xff\xf8\x38\x00\x00\x3f\xff\xff\xc1\xc0\x00\x01'\
    b'\xff\xff\xfe\x0e\x00\x00\x0e\x00\x00\x00\x70\x00\x00\xf0\x00\x00'\
    b'\x03\x80\x00\x07\x80\x00\x00\x0e\x00\x00\x3e\x00\x00\x00\x70\x00'\
    b'\x03\xf0\x00\x00\x01\xc0\x00\x3f\xc0\x00\x00\x0f\x00\x01\xff\x00'\
    b'\x00\x00\x3c\x00\x3d\xfc\x00\x38\x00\xf8\x07\xce\xf8\x07\xc0\x03'\
    b'\xff\xfc\x73\xff\xfc\x00\x07\xff\xc3\x87\xff\x80\x00\x0f\xf0\x18'\
    b'\x0f\xe0\x00\x00\x00\x00\x00\x00\x00\x00\x00\x00\x00\x00\x00\x00'\
    b'\x00\x00\x00\x00\x00\x00\x00\x00\x00\x00\x00\x00\x00\x00\x00\x00'\
    b'\x00\x00\x00\x00\x00\x00\x00\x00\x00\x00\x00\x00\x00\x00\x00\x00'\
    b'\x00\x00\x00\x00\x00\x00\x00\x00\x00\x00\x00\x00\x00\x00\x00\x00'\
    b'\x00\x00\x00\x00\x00\x00\x00\x00\x00\x00\x00\x00\x00\x00\x00\x00'\
    b'\x00\x00\x00\x00\x00\x00\x00\x00\x00\x00\x00\x00\x00\x00\x00\x00'\
    b'\x00\x00\x00\x00\x00\x00\x00\x00\x00\x00\x00\x00\x00\x00\x00\x00'\
    b'\x00\x00\x00\x00\x00\x00\x00\x00\x00\x00\x00\x00\x00\x00\x00\x00'\
    b'\x00\x00\x00\x00\x00\x00\x00\x00\x00\x00\x00\x00\x00\x00\x00\x00'\
    b'\x00\x00\x00\x00\x00\x00\x00\x00\x00\x00\x00\x00\x00\x00\x00\x00'\
    b'\x00\xfe\x00\x00\x7f\xf8\x00\x0f\xff\xe0\x01\xe0\x1f\x00\x3c\x00'\
    b'\x78\x07\x80\x03\xc0\x70\x00\x18\x0e\x00\x00\x00\xe0\x00\x00\x1c'\
    b'\x00\x00\x01\xc0\x00\x00\x1c\x00\x00\x01\xc0\x00\x00\x1c\x00\x00'\
    b'\x01\xc0\x00\x00\x1c\x00\x00\x01\xc0\x00\x00\x1c\x00\x00\x00\xe0'\
    b'\x00\x00\x0e\x00\x00\x00\x70\x00\x00\x07\x80\x01\x00\x3c\x00\x38'\
    b'\x01\xf0\x0f\x80\x0f\xff\xf0\x00\x7f\xfc\x00\x00\xff\x00\x00\x03'\
    b'\x80\x00\x00\x70\x00\x00\x07\xc0\x00\x00\x3f\x00\x00\x00\xf0\x00'\
    b'\x00\x07\x80\x00\x20\x78\x00\x07\x07\x00\x00\x7f\xf0\x00\x03\xfe'\
    b'\x00\x00\x1f\x80\x00\x00\x00\x00\x00\x00\x00\x00\x00\x00\x00\x00'\
    b'\x00\x00\x00\x00\x00\x00\x00\x00\x00\x00\x00\x00\x00\x00\x00\x00'\
    b'\x00\x00\x00\x00\x00\x00\x00\x00\x00\x00\x00\x00\x00\x18\x00\x00'\
    b'\x00\xe0\x00\x00\x07\x80\x00\x00\x1e\x00\x00\x00\x78\x00\x00\x01'\
    b'\xe0\x00\x00\x07\x80\x00\x00\x1e\x00\x00\x00\x60\x00\x00\x00\x00'\
    b'\x00\x00\x00\x00\x00\x00\x00\x00\x00\x00\x00\x00\x00\xfe\x00\x00'\
    b'\x3f\xfc\x00\x03\xff\xf8\x00\x3e\x03\xe0\x03\xc0\x07\x80\x3c\x00'\
    b'\x1c\x03\xc0\x00\x70\x1c\x00\x03\x80\xe0\x00\x0e\x0e\x00\x00\x70'\
    b'\x70\x00\x03\x83\x80\x00\x1c\x1f\xff\xff\xe0\xff\xff\xff\x07\xff'\
    b'\xff\xf8\x38\x00\x00\x01\xc0\x00\x00\x0e\x00\x00\x00\x38\x00\x00'\
    b'\x01\xc0\x00\x00\x07\x00\x00\x00\x3c\x00\x00\x00\xf0\x00\xe0\x03'\
    b'\xe0\x1f\x00\x0f\xff\xf0\x00\x1f\xfe\x00\x00\x3f\x80\x00\x00\x00'\
    b'\x00\x00\x00\x00\x00\x00\x00\x00\x00\x00\x00\x00\x00\x00\x00\x00'\
    b'\x00\x00\x00\x00\x00\x00\x00\x00\x00\x00\x00\x00\x00\x00\x00\x00'\
    b'\x00\x00\x00\x00\x00\x00\x00\x00\x00\x00\x00\x00\x00\x00\x00\x00'\
    b'\x00\x00\x00\x00\x00\x00\x00\x00\x00\x00\x00\x00\x00\x00\x00\x00'\
    b'\x00\x00\x00\x00\x00\x00\x00\x00\x00\x00\x00\x00\x00\x00\x00\x0c'\
    b'\x00\x00\x00\xf0\x00\x00\x0f\x00\x00\x00\xf0\x00\x00\x0f\x00\x00'\
    b'\x00\xf0\x00\x00\x0f\x00\x00\x00\x70\x00\x00\x03\x00\x00\x00\x00'\
    b'\x00\x00\x00\x00\x00\x00\x00\x00\x00\x00\x00\x00\x00\x03\xf8\x00'\
    b'\x00\xff\xf0\x00\x0f\xff\xe0\x00\xf8\x0f\x80\x0f\x00\x1e\x00\xf0'\
    b'\x00\x70\x0f\x00\x01\xc0\x70\x00\x0e\x03\x80\x00\x38\x38\x00\x01'\
    b'\xc1\xc0\x00\x0e\x0e\x00\x00\x70\x7f\xff\xff\x83\xff\xff\xfc\x1f'\
    b'\xff\xff\xe0\xe0\x00\x00\x07\x00\x00\x00\x38\x00\x00\x00\xe0\x00'\
    b'\x00\x07\x00\x00\x00\x1c\x00\x00\x00\xf0\x00\x00\x03\xc0\x03\x80'\
    b'\x0f\x80\x7c\x00\x3f\xff\xc0\x00\x7f\xf8\x00\x00\xfe\x00\x00\x00'\
    b'\x00\x00\x00\x00\x00\x00\x00\x00\x00\x00\x00\x00\x00\x00\x00\x00'\
    b'\x00\x00\x00\x00\x00\x00\x00\x00\x00\x00\x00\x00\x00\x00\x00\x00'\
    b'\x00\x00\x00\x00\x00\x00\x00\x00\x00\x00\x00\x00\x00\x00\x00\x00'\
    b'\x00\x00\x00\x00\x00\x00\x00\x00\x00\x00\x00\x00\x00\x00\x00\x00'\
    b'\x00\x00\x00\x00\x00\x00\x00\x00\x00\x00\x00\x00\x00\x00\x00\x00'\
    b'\x00\x00\x00\x30\x00\x00\x07\xe0\x00\x00\x7f\x80\x00\x07\xff\x00'\
    b'\x00\xfc\x7c\x00\x07\x81\xe0\x00\x38\x03\x00\x00\x00\x00\x00\x00'\
    b'\x00\x00\x00\x00\x00\x00\x00\x00\x00\x00\x00\x00\x00\x00\x0f\xe0'\
    b'\x00\x03\xff\xc0\x00\x3f\xff\x80\x03\xe0\x3e\x00\x3c\x00\x78\x03'\
    b'\xc0\x01\xc0\x3c\x00\x07\x01\xc0\x00\x38\x0e\x00\x00\xe0\xe0\x00'\
    b'\x07\x07\x00\x00\x38\x38\x00\x01\xc1\xff\xff\xfe\x0f\xff\xff\xf0'\
    b'\x7f\xff\xff\x83\x80\x00\x00\x1c\x00\x00\x00\xe0\x00\x00\x03\x80'\
    b'\x00\x00\x1c\x00\x00\x00\x70\x00\x00\x03\xc0\x00\x00\x0f\x00\x0e'\
    b'\x00\x3e\x01\xf0\x00\xff\xff\x00\x01\xff\xe0\x00\x03\xf8\x00\x00'\
    b'\x00\x00\x00\x00\x00\x00\x00\x00\x00\x00\x00\x00\x00\x00\x00\x00'\
    b'\x00\x00\x00\x00\x00\x00\x00\x00\x00\x00\x00\x00\x00\x00\x00\x00'\
    b'\x00\x00\x00\x00\x00\x00\x00\x00\x00\x00\x00\x00\x00\x00\x00\x00'\
    b'\x00\x00\x00\x00\x00\x00\x00\x00\x00\x00\x00\x00\x00\x00\x00\x00'\
    b'\x00\x00\x00\x00\x00\x00\x00\x00\x00\x00\x00\x00\x00\x00\x00\x00'\
    b'\x00\x00\x00\x00\x00\x00\x00\x00\x00\x00\x07\x03\x80\x00\x7c\x1e'\
    b'\x00\x03\xe1\xf0\x00\x1f\x07\x80\x00\x70\x38\x00\x00\x00\x00\x00'\
    b'\x00\x00\x00\x00\x00\x00\x00\x00\x00\x00\x00\x00\x00\x00\x00\x3f'\
    b'\x80\x00\x0f\xff\x00\x00\xff\xfe\x00\x0f\x80\xf8\x00\xf0\x01\xe0'\
    b'\x0f\x00\x07\x00\xf0\x00\x1c\x07\x00\x00\xe0\x38\x00\x03\x83\x80'\
    b'\x00\x1c\x1c\x00\x00\xe0\xe0\x00\x07\x07\xff\xff\xf8\x3f\xff\xff'\
    b'\xc1\xff\xff\xfe\x0e\x00\x00\x00\x70\x00\x00\x03\x80\x00\x00\x0e'\
    b'\x00\x00\x00\x70\x00\x00\x01\xc0\x00\x00\x0f\x00\x00\x00\x3c\x00'\
    b'\x38\x00\xf8\x07\xc0\x03\xff\xfc\x00\x07\xff\x80\x00\x0f\xe0\x00'\
    b'\x00\x00\x00\x00\x00\x00\x00\x00\x00\x00\x00\x00\x00\x00\x00\x00'\
    b'\x00\x00\x00\x00\x00\x00\x00\x00\x00\x00\x00\x00\x00\x00\x00\x00'\
    b'\x00\x00\x00\x00\x00\x00\x00\x00\x00\x00\x00\x00\x00\x00\x00\x00'\
    b'\x00\x00\x00\x00\x00\x00\x00\x00\x00\x00\x01\x80\x0f\x00\x1e\x00'\
    b'\x3c\x00\x78\x00\xf0\x01\xe0\x03\x80\x06\x00\x00\x00\x00\x00\x00'\
    b'\x00\x00\x18\x00\xe0\x03\x80\x0e\x00\x38\x00\xe0\x03\x80\x0e\x00'\
    b'\x38\x00\xe0\x03\x80\x0e\x00\x38\x00\xe0\x03\x80\x0e\x00\x38\x00'\
    b'\xe0\x03\x80\x0e\x00\x38\x00\xe0\x03\x80\x0e\x00\x38\x00\xe0\x01'\
    b'\x80\x00\x00\x00\x00\x00\x00\x00\x00\x00\x00\x00\x00\x00\x00\x00'\
    b'\x00\x00\x00\x00\x00\x00\x00\x00\x00\x00\x00\x00\x00\x00\x00\x00'\
    b'\x00\x00\x00\x00\x00\x00\x00\x30\x03\x80\x3c\x03\xc0\x3c\x03\xc0'\
    b'\x3c\x03\xc0\x0c\x00\x00\x00\x00\x00\x00\x00\x03\x00\x38\x01\xc0'\
    b'\x0e\x00\x70\x03\x80\x1c\x00\xe0\x07\x00\x38\x01\xc0\x0e\x00\x70'\
    b'\x03\x80\x1c\x00\xe0\x07\x00\x38\x01\xc0\x0e\x00\x70\x03\x80\x1c'\
    b'\x00\xe0\x07\x00\x38\x00\xc0\x00\x00\x00\x00\x00\x00\x00\x00\x00'\
    b'\x00\x00\x00\x00\x00\x00\x00\x00\x00\x00\x00\x00\x00\x00\x00\x00'\
    b'\x00\x00\x00\x00\x00\x00\x00\x00\x00\x00\x00\x00\x00\x00\x06\x00'\
    b'\xf8\x0f\xf1\xf7\xdf\x0f\xe0\x38\x00\x00\x00\x00\x00\x00\x00\x00'\
    b'\x0c\x00\xe0\x07\x00\x38\x01\xc0\x0e\x00\x70\x03\x80\x1c\x00\xe0'\
    b'\x07\x00\x38\x01\xc0\x0e\x00\x70\x03\x80\x1c\x00\xe0\x07\x00\x38'\
    b'\x01\xc0\x0e\x00\x70\x03\x80\x1c\x00\xe0\x03\x00\x00\x00\x00\x00'\
    b'\x00\x00\x00\x00\x00\x00\x00\x00\x00\x00\x00\x00\x00\x00\x00\x00'\
    b'\x00\x00\x00\x00\x00\x00\x00\x00\x00\x00\x00\x00\x00\x00\x00\x00'\
    b'\x00\x00\x03\x81\xfe\x1f\xf0\xff\x87\xb8\x1c\x00\x00\x00\x00\x00'\
    b'\x00\x00\x00\x00\x00\x30\x03\x80\x1c\x00\xe0\x07\x00\x38\x01\xc0'\
    b'\x0e\x00\x70\x03\x80\x1c\x00\xe0\x07\x00\x38\x01\xc0\x0e\x00\x70'\
    b'\x03\x80\x1c\x00\xe0\x07\x00\x38\x01\xc0\x0e\x00\x70\x03\x80\x0c'\
    b'\x00\x00\x00\x00\x00\x00\x00\x00\x00\x00\x00\x00\x00\x00\x00\x00'\
    b'\x00\x00\x00\x00\x00\x00\x00\x00\x00\x00\x00\x00\x00\x00\x00\x00'\
    b'\x00\x00\x00\x00\x00\x00\x00\x00\x00\x00\x00\x00\x00\x00\x00\x00'\
    b'\x00\x00\x00\x00\x00\x00\x00\x00\x10\x00\x00\x00\x30\x00\x00\x00'\
    b'\x30\x00\x00\x00\x70\x00\x00\x1c\x70\x00\x00\x1f\xe0\x00\x00\x0f'\
    b'\xe0\x00\x00\x01\xf8\x00\x00\x01\xfe\x00\x00\x01\x8f\x00\x00\x03'\
    b'\x87\x80\x00\x03\x01\xc0\x00\x00\x00\xe0\x00\x00\x00\x70\x00\x00'\
    b'\x00\x70\x00\x00\x00\x38\x00\x00\xf0\x18\x00\x0f\xfe\x18\x00\x3f'\
    b'\xff\x9c\x00\x7c\x07\xcc\x00\xf0\x01\xcc\x01\xe0\x00\x6c\x03\xc0'\
    b'\x00\x7c\x03\x80\x00\x3c\x03\x80\x00\x1c\x07\x00\x00\x1c\x07\x00'\
    b'\x00\x1c\x07\x00\x00\x1c\x07\x00\x00\x0c\x07\x00\x00\x0c\x07\x00'\
    b'\x00\x1c\x07\x00\x00\x1c\x07\x00\x00\x1c\x03\x80\x00\x1c\x03\x80'\
    b'\x00\x38\x03\xc0\x00\x38\x01\xe0\x00\x70\x00\xf0\x00\xe0\x00\x7c'\
    b'\x03\xc0\x00\x3f\xff\x80\x00\x1f\xff\x00\x00\x03\xf8\x00\x00\x00'\
    b'\x00\x00\x00\x00\x00\x00\x00\x00\x00\x00\x00\x00\x00\x00\x00\x00'\
    b'\x00\x00\x00\x00\x00\x00\x00\x00\x00\x00\x00\x00\x00\x00\x00\x00'\
    b'\x00\x00\x00\x00\x00\x00\x00\x00\x00\x00\x00\x00\x00\x00\x00\x00'\
    b'\x00\x00\x00\x00\x00\x00\x00\x00\x00\x00\x00\x00\x00\x00\x00\x00'\
    b'\x00\x00\x00\x00\x00\x00\x00\x00\x00\x00\x00\x00\x00\x00\x00\x00'\
    b'\x00\x00\x00\x00\x00\x00\x00\x00\x00\x00\x00\x00\x00\x00\x00\x00'\
    b'\x00\x00\x00\x03\x80\x00\x00\x0f\xf0\x30\x00\x1f\xf8\x78\x00\x3c'\
    b'\x3f\xf0\x00\x38\x1f\xe0\x00\x30\x07\xc0\x00\x00\x00\x00\x00\x00'\
    b'\x00\x00\x00\x00\x00\x00\x00\x00\x00\x00\x01\x81\xfc\x00\x03\x8f'\
    b'\xff\x80\x03\x9f\xff\xc0\x03\xbc\x03\xe0\x03\xf0\x00\xf0\x03\xe0'\
    b'\x00\x78\x03\xc0\x00\x38\x03\xc0\x00\x1c\x03\x80\x00\x1c\x03\x80'\
    b'\x00\x1c\x03\x80\x00\x1c\x03\x80\x00\x0c\x03\x80\x00\x0c\x03\x80'\
    b'\x00\x0c\x03\x80\x00\x0c\x03\x80\x00\x0c\x03\x80\x00\x0c\x03\x80'\
    b'\x00\x0c\x03\x80\x00\x0c\x03\x80\x00\x0c\x03\x80\x00\x0c\x03\x80'\
    b'\x00\x0c\x03\x80\x00\x0c\x03\x80\x00\x0c\x03\x80\x00\x0c\x03\x80'\
    b'\x00\x0c\x01\x80\x00\x0c\x00\x00\x00\x00\x00\x00\x00\x00\x00\x00'\
    b'\x00\x00\x00\x00\x00\x00\x00\x00\x00\x00\x00\x00\x00\x00\x00\x00'\
    b'\x00\x00\x00\x00\x00\x00\x00\x00\x00\x00\x00\x00\x00\x00\x00\x00'\
    b'\x00\x00\x00\x00\x00\x00\x00\x00\x00\x00\x00\x00\x00\x00\x00\x00'\
    b'\x00\x00\x00\x00\x00\x00\x00\x00\x00\x00\x00\x00\x00\x00\x00\x00'\
    b'\x00\x00\x00\x00\x00\x00\x00\x00\x00\x00\x00\x00\x00\x00\x00\x00'\
    b'\x03\x80\x00\x00\x01\xe0\x00\x00\x00\xf8\x00\x00\x00\x3e\x00\x00'\
    b'\x00\x0f\x80\x00\x00\x03\xe0\x00\x00\x00\xf0\x00\x00\x00\x3c\x00'\
    b'\x00\x00\x0c\x00\x00\x00\x00\x00\x00\x00\x00\x00\x00\x00\x00\x00'\
    b'\x00\x00\x00\x00\x00\x00\x01\xfc\x00\x00\x07\xff\xc0\x00\x0f\xff'\
    b'\xf0\x00\x0f\x80\x7c\x00\x0f\x00\x0f\x00\x0f\x00\x03\xc0\x07\x00'\
    b'\x00\xf0\x07\x00\x00\x38\x03\x80\x00\x0e\x03\xc0\x00\x07\x01\xc0'\
    b'\x00\x03\x80\xe0\x00\x00\xe0\x70\x00\x00\x70\x38\x00\x00\x38\x1c'\
    b'\x00\x00\x1c\x0e\x00\x00\x0e\x07\x00\x00\x0e\x03\x80\x00\x07\x00'\
    b'\xe0\x00\x03\x80\x70\x00\x03\x80\x1c\x00\x03\xc0\x0f\x00\x01\xc0'\
    b'\x03\xc0\x03\xc0\x00\xf8\x07\xc0\x00\x3f\xff\xc0\x00\x07\xff\xc0'\
    b'\x00\x00\xff\x00\x00\x00\x00\x00\x00\x00\x00\x00\x00\x00\x00\x00'\
    b'\x00\x00\x00\x00\x00\x00\x00\x00\x00\x00\x00\x00\x00\x00\x00\x00'\
    b'\x00\x00\x00\x00\x00\x00\x00\x00\x00\x00\x00\x00\x00\x00\x00\x00'\
    b'\x00\x00\x00\x00\x00\x00\x00\x00\x00\x00\x00\x00\x00\x00\x00\x00'\
    b'\x00\x00\x00\x00\x00\x00\x00\x00\x00\x00\x00\x00\x00\x00\x00\x00'\
    b'\x00\x00\x00\x00\x00\x00\x00\x00\x00\x00\x00\x00\x00\x00\x00\x00'\
    b'\x00\x01\xc0\x00\x00\x01\xe0\x00\x00\x01\xf0\x00\x00\x01\xf0\x00'\
    b'\x00\x01\xf0\x00\x00\x01\xf0\x00\x00\x01\xf0\x00\x00\x00\xf0\x00'\
    b'\x00\x00\x70\x00\x00\x00\x00\x00\x00\x00\x00\x00\x00\x00\x00\x00'\
    b'\x00\x00\x00\x00\x00\x00\x07\xf0\x00\x00\x1f\xff\x00\x00\x3f\xff'\
    b'\xc0\x00\x3e\x01\xf0\x00\x3c\x00\x3c\x00\x3c\x00\x0f\x00\x1c\x00'\
    b'\x03\xc0\x1c\x00\x00\xe0\x0e\x00\x00\x38\x0f\x00\x00\x1c\x07\x00'\
    b'\x00\x0e\x03\x80\x00\x03\x81\xc0\x00\x01\xc0\xe0\x00\x00\xe0\x70'\
    b'\x00\x00\x70\x38\x00\x00\x38\x1c\x00\x00\x38\x0e\x00\x00\x1c\x03'\
    b'\x80\x00\x0e\x01\xc0\x00\x0e\x00\x70\x00\x0f\x00\x3c\x00\x07\x00'\
    b'\x0f\x00\x0f\x00\x03\xe0\x1f\x00\x00\xff\xff\x00\x00\x1f\xff\x00'\
    b'\x00\x03\xfc\x00\x00\x00\x00\x00\x00\x00\x00\x00\x00\x00\x00\x00'\
    b'\x00\x00\x00\x00\x00\x00\x00\x00\x00\x00\x00\x00\x00\x00\x00\x00'\
    b'\x00\x00\x00\x00\x00\x00\x00\x00\x00\x00\x00\x00\x00\x00\x00\x00'\
    b'\x00\x00\x00\x00\x00\x00\x00\x00\x00\x00\x00\x00\x00\x00\x00\x00'\
    b'\x00\x00\x00\x00\x00\x00\x00\x00\x00\x00\x00\x00\x00\x00\x00\x00'\
    b'\x00\x00\x00\x00\x00\x00\x00\x00\x00\x00\x00\x00\x00\x00\x00\x00'\
    b'\x00\x00\x00\x00\x00\x60\x00\x00\x00\x7c\x00\x00\x00\xff\x00\x00'\
    b'\x00\xff\xe0\x00\x01\xf8\xf8\x00\x00\xf0\x3e\x00\x00\x70\x06\x00'\
    b'\x00\x00\x00\x00\x00\x00\x00\x00\x00\x00\x00\x00\x00\x00\x00\x00'\
    b'\x00\x00\x00\x00\x00\x00\x1f\xc0\x00\x00\x7f\xfc\x00\x00\xff\xff'\
    b'\x00\x00\xf8\x07\xc0\x00\xf0\x00\xf0\x00\xf0\x00\x3c\x00\x70\x00'\
    b'\x0f\x00\x70\x00\x03\x80\x38\x00\x00\xe0\x3c\x00\x00\x70\x1c\x00'\
    b'\x00\x38\x0e\x00\x00\x0e\x07\x00\x00\x07\x03\x80\x00\x03\x81\xc0'\
    b'\x00\x01\xc0\xe0\x00\x00\xe0\x70\x00\x00\xe0\x38\x00\x00\x70\x0e'\
    b'\x00\x00\x38\x07\x00\x00\x38\x01\xc0\x00\x3c\x00\xf0\x00\x1c\x00'\
    b'\x3c\x00\x3c\x00\x0f\x80\x7c\x00\x03\xff\xfc\x00\x00\x7f\xfc\x00'\
    b'\x00\x0f\xf0\x00\x00\x00\x00\x00\x00\x00\x00\x00\x00\x00\x00\x00'\
    b'\x00\x00\x00\x00\x00\x00\x00\x00\x00\x00\x00\x00\x00\x00\x00\x00'\
    b'\x00\x00\x00\x00\x00\x00\x00\x00\x00\x00\x00\x00\x00\x00\x00\x00'\
    b'\x00\x00\x00\x00\x00\x00\x00\x00\x00\x00\x00\x00\x00\x00\x00\x00'\
    b'\x00\x00\x00\x00\x00\x00\x00\x00\x00\x00\x00\x00\x00\x00\x00\x00'\
    b'\x00\x00\x00\x00\x00\x00\x00\x00\x00\x00\x00\x00\x00\x00\x00\x00'\
    b'\x00\x00\x00\x00\x00\x00\x00\x00\x00\x00\x00\x00\x03\x80\x00\x00'\
    b'\x07\xf8\x08\x00\x07\xfe\x0e\x00\x07\x87\xfe\x00\x03\x81\xfe\x00'\
    b'\x01\x80\x3e\x00\x00\x00\x00\x00\x00\x00\x00\x00\x00\x00\x00\x00'\
    b'\x00\x00\x00\x00\x00\x00\x7f\x00\x00\x01\xff\xf0\x00\x03\xff\xfc'\
    b'\x00\x03\xe0\x1f\x00\x03\xc0\x03\xc0\x03\xc0\x00\xf0\x01\xc0\x00'\
    b'\x3c\x01\xc0\x00\x0e\x00\xe0\x00\x03\x80\xf0\x00\x01\xc0\x70\x00'\
    b'\x00\xe0\x38\x00\x00\x38\x1c\x00\x00\x1c\x0e\x00\x00\x0e\x07\x00'\
    b'\x00\x07\x03\x80\x00\x03\x81\xc0\x00\x03\x80\xe0\x00\x01\xc0\x38'\
    b'\x00\x00\xe0\x1c\x00\x00\xe0\x07\x00\x00\xf0\x03\xc0\x00\x70\x00'\
    b'\xf0\x00\xf0\x00\x3e\x01\xf0\x00\x0f\xff\xf0\x00\x01\xff\xf0\x00'\
    b'\x00\x3f\xc0\x00\x00\x00\x00\x00\x00\x00\x00\x00\x00\x00\x00\x00'\
    b'\x00\x00\x00\x00\x00\x00\x00\x00\x00\x00\x00\x00\x00\x00\x00\x00'\
    b'\x00\x00\x00\x00\x00\x00\x00\x00\x00\x00\x00\x00\x00\x00\x00\x00'\
    b'\x00\x00\x00\x00\x00\x00\x00\x00\x00\x00\x00\x00\x00\x00\x00\x00'\
    b'\x00\x00\x00\x00\x00\x00\x00\x00\x00\x00\x00\x00\x00\x00\x00\x00'\
    b'\x00\x00\x00\x00\x00\x00\x00\x00\x00\x00\x00\x00\x00\x00\x00\x00'\
    b'\x00\x00\x00\x00\x00\x00\x00\x00\x00\x00\x00\x00\x38\x0e\x00\x00'\
    b'\x3e\x0f\x00\x00\x1f\x07\xc0\x00\x0f\x83\xc0\x00\x03\x80\xe0\x00'\
    b'\x00\x00\x00\x00\x00\x00\x00\x00\x00\x00\x00\x00\x00\x00\x00\x00'\
    b'\x00\x00\x00\x00\x00\x01\xfc\x00\x00\x07\xff\xc0\x00\x0f\xff\xf0'\
    b'\x00\x0f\x80\x7c\x00\x0f\x00\x0f\x00\x0f\x00\x03\xc0\x07\x00\x00'\
    b'\xf0\x07\x00\x00\x38\x03\x80\x00\x0e\x03\xc0\x00\x07\x01\xc0\x00'\
    b'\x03\x80\xe0\x00\x00\xe0\x70\x00\x00\x70\x38\x00\x00\x38\x1c\x00'\
    b'\x00\x1c\x0e\x00\x00\x0e\x07\x00\x00\x0e\x03\x80\x00\x07\x00\xe0'\
    b'\x00\x03\x80\x70\x00\x03\x80\x1c\x00\x03\xc0\x0f\x00\x01\xc0\x03'\
    b'\xc0\x03\xc0\x00\xf8\x07\xc0\x00\x3f\xff\xc0\x00\x07\xff\xc0\x00'\
    b'\x00\xff\x00\x00\x00\x00\x00\x00\x00\x00\x00\x00\x00\x00\x00\x00'\
    b'\x00\x00\x00\x00\x00\x00\x00\x00\x00\x00\x00\x00\x00\x00\x00\x00'\
    b'\x00\x00\x00\x00\x00\x00\x00\x00\x00\x00\x00\x00\x00\x00\x00\x00'\
    b'\x00\x00\x00\x00\x00\x00\x00\x00\x00\x00\x00\x00\x00\x00\x00\x00'\
    b'\x00\x00\x00\x00\x00\x00\x00\x00\x00\x00\x00\x00\x00\x00\x00\x00'\
    b'\x00\x00\x00\x00\x00\x00\x00\x00\x00\x00\x00\x00\x00\x00\x00\x00'\
    b'\x00\x00\x00\x00\x00\x00\x00\x00\x00\x00\x00\x00\x00\x00\x00\x00'\
    b'\x00\x00\x00\x00\x00\x00\x00\x30\x00\x00\xf0\x00\x01\xe0\x00\x01'\
    b'\x80\x00\x00\x00\x00\x00\x00\x00\x00\x00\x00\x00\x00\x3f\xff\xf0'\
    b'\x7f\xff\xe0\x7f\xff\xc0\x00\x00\x00\x00\x00\x00\x00\x00\x00\x00'\
    b'\x00\x00\x18\x00\x00\x78\x00\x00\xf0\x00\x00\xc0\x00\x00\x00\x00'\
    b'\x00\x00\x00\x00\x00\x00\x00\x00\x00\x00\x00\x00\x00\x00\x00\x00'\
    b'\x00\x00\x00\x00\x00\x00\x00\x00\x00\x00\x00\x00\x00\x00\x00\x00'\
    b'\x00\x00\x00\x00\x00\x00\x00\x00\x00\x00\x00\x00\x00\x00\x00\x00'\
    b'\x00\x00\x00\x00\x00\x00\x00\x00\x00\x00\x00\x00\x00\x00\x00\x00'\
    b'\x00\x00\x00\x00\x00\x00\x00\x00\x00\x00\x00\x00\x00\x00\x00\x00'\
    b'\x00\x00\x00\x00\x00\x00\x00\x00\x00\x00\x00\x00\x00\x00\x00\x00'\
    b'\x00\x00\x00\x00\x00\x00\x00\x00\x00\x00\x00\x00\x00\x00\x00\x00'\
    b'\x00\x00\x00\x00\x00\x00\x00\x00\x00\x00\x00\x00\x00\x00\x00\x00'\
    b'\x00\x00\x00\x00\x00\x00\x00\x00\x00\x00\x00\x00\x00\x00\x00\x00'\
    b'\x00\x00\x00\x00\x00\x00\x00\x01\xfe\x03\x00\x03\xff\xc3\x80\x07'\
    b'\xff\xfb\xc0\x07\xc0\x3f\xc0\x07\x80\x07\xc0\x07\x80\x03\xe0\x07'\
    b'\x80\x03\xf8\x03\x80\x03\xdc\x03\xc0\x03\xcf\x01\xc0\x03\xc3\x80'\
    b'\xe0\x03\xc1\xc0\x70\x03\xc0\xe0\x38\x03\xc0\x70\x18\x03\xc0\x18'\
    b'\x0e\x03\xc0\x1c\x07\x03\xc0\x0e\x03\x83\xc0\x07\x01\xc3\xc0\x03'\
    b'\x80\xf3\xc0\x03\xc0\x3b\xc0\x01\xc0\x1f\xc0\x01\xe0\x07\xc0\x01'\
    b'\xe0\x03\xe0\x01\xe0\x03\xfc\x03\xe0\x03\xdf\xff\xe0\x03\xc3\xff'\
    b'\xc0\x01\xc0\x7f\x80\x00\x00\x00\x00\x00\x00\x00\x00\x00\x00\x00'\
    b'\x00\x00\x00\x00\x00\x00\x00\x00\x00\x00\x00\x00\x00\x00\x00\x00'\
    b'\x00\x00\x00\x00\x00\x00\x00\x00\x00\x00\x00\x00\x00\x00\x00\x00'\
    b'\x00\x00\x00\x00\x00\x00\x00\x00\x00\x00\x00\x00\x00\x00\x00\x00'\
    b'\x00\x00\x00\x00\x00\x00\x00\x00\x00\x00\x00\x00\x00\x00\x00\x00'\
    b'\x00\x00\x00\x00\x00\x00\x00\x00\x00\x00\x00\x00\x00\x00\x00\x00'\
    b'\x70\x00\x00\x00\x70\x00\x00\x00\x78\x00\x00\x00\x3c\x00\x00\x00'\
    b'\x1e\x00\x00\x00\x0f\x00\x00\x00\x07\x80\x00\x00\x03\xc0\x00\x00'\
    b'\x01\x80\x00\x00\x00\x00\x00\x00\x00\x00\x00\x00\x00\x00\x00\x00'\
    b'\x00\x00\x00\x0c\x00\x00\x70\x0e\x00\x00\x70\x0e\x00\x00\x70\x0e'\
    b'\x00\x00\x70\x0e\x00\x00\x70\x0e\x00\x00\x70\x0e\x00\x00\x70\x0e'\
    b'\x00\x00\x70\x0e\x00\x00\x70\x0e\x00\x00\x70\x0e\x00\x00\x70\x0e'\
    b'\x00\x00\x70\x0e\x00\x00\x70\x0e\x00\x00\x70\x0e\x00\x00\x70\x0e'\
    b'\x00\x00\x70\x0e\x00\x00\x70\x0e\x00\x00\x70\x0e\x00\x00\x70\x07'\
    b'\x00\x00\xf0\x07\x00\x00\xf0\x03\x80\x01\xf0\x03\xc0\x03\xf0\x01'\
    b'\xf0\x0f\xf0\x00\xff\xfe\x70\x00\x3f\xfc\x70\x00\x0f\xe0\x70\x00'\
    b'\x00\x00\x00\x00\x00\x00\x00\x00\x00\x00\x00\x00\x00\x00\x00\x00'\
    b'\x00\x00\x00\x00\x00\x00\x00\x00\x00\x00\x00\x00\x00\x00\x00\x00'\
    b'\x00\x00\x00\x00\x00\x00\x00\x00\x00\x00\x00\x00\x00\x00\x00\x00'\
    b'\x00\x00\x00\x00\x00\x00\x00\x00\x00\x00\x00\x00\x00\x00\x00\x00'\
    b'\x00\x00\x00\x00\x00\x00\x00\x00\x00\x00\x00\x00\x00\x00\x00\x00'\
    b'\x00\x00\x00\x00\x00\x00\x00\x00\x00\x0c\x00\x00\x00\x1e\x00\x00'\
    b'\x00\x3c\x00\x00\x00\x78\x00\x00\x00\xf0\x00\x00\x01\xe0\x00\x00'\
    b'\x03\xc0\x00\x00\x03\xc0\x00\x00\x03\x80\x00\x00\x00\x00\x00\x00'\
    b'\x00\x00\x00\x00\x00\x00\x00\x00\x00\x00\x00\x0c\x00\x00\x70\x0e'\
    b'\x00\x00\x70\x0e\x00\x00\x70\x0e\x00\x00\x70\x0e\x00\x00\x70\x0e'\
    b'\x00\x00\x70\x0e\x00\x00\x70\x0e\x00\x00\x70\x0e\x00\x00\x70\x0e'\
    b'\x00\x00\x70\x0e\x00\x00\x70\x0e\x00\x00\x70\x0e\x00\x00\x70\x0e'\
    b'\x00\x00\x70\x0e\x00\x00\x70\x0e\x00\x00\x70\x0e\x00\x00\x70\x0e'\
    b'\x00\x00\x70\x0e\x00\x00\x70\x07\x00\x00\xf0\x07\x00\x00\xf0\x03'\
    b'\x80\x01\xf0\x03\xc0\x03\xf0\x01\xf0\x0f\xf0\x00\xff\xfe\x70\x00'\
    b'\x3f\xfc\x70\x00\x0f\xe0\x70\x00\x00\x00\x00\x00\x00\x00\x00\x00'\
    b'\x00\x00\x00\x00\x00\x00\x00\x00\x00\x00\x00\x00\x00\x00\x00\x00'\
    b'\x00\x00\x00\x00\x00\x00\x00\x00\x00\x00\x00\x00\x00\x00\x00\x00'\
    b'\x00\x00\x00\x00\x00\x00\x00\x00\x00\x00\x00\x00\x00\x00\x00\x00'\
    b'\x00\x00\x00\x00\x00\x00\x00\x00\x00\x00\x00\x00\x00\x00\x00\x00'\
    b'\x00\x00\x00\x00\x00\x00\x00\x00\x00\x00\x00\x00\x00\x00\x00\x00'\
    b'\x00\x00\x00\x00\x01\x80\x00\x00\x03\xe0\x00\x00\x0f\xf0\x00\x00'\
    b'\x1f\xfc\x00\x00\x7e\x3e\x00\x00\x78\x1e\x00\x00\x70\x06\x00\x00'\
    b'\x00\x00\x00\x00\x00\x00\x00\x00\x00\x00\x00\x00\x00\x00\x00\x00'\
    b'\x00\x00\x00\x0c\x00\x00\x70\x0e\x00\x00\x70\x0e\x00\x00\x70\x0e'\
    b'\x00\x00\x70\x0e\x00\x00\x70\x0e\x00\x00\x70\x0e\x00\x00\x70\x0e'\
    b'\x00\x00\x70\x0e\x00\x00\x70\x0e\x00\x00\x70\x0e\x00\x00\x70\x0e'\
    b'\x00\x00\x70\x0e\x00\x00\x70\x0e\x00\x00\x70\x0e\x00\x00\x70\x0e'\
    b'\x00\x00\x70\x0e\x00\x00\x70\x0e\x00\x00\x70\x0e\x00\x00\x70\x07'\
    b'\x00\x00\xf0\x07\x00\x00\xf0\x03\x80\x01\xf0\x03\xc0\x03\xf0\x01'\
    b'\xf0\x0f\xf0\x00\xff\xfe\x70\x00\x3f\xfc\x70\x00\x0f\xe0\x70\x00'\
    b'\x00\x00\x00\x00\x00\x00\x00\x00\x00\x00\x00\x00\x00\x00\x00\x00'\
    b'\x00\x00\x00\x00\x00\x00\x00\x00\x00\x00\x00\x00\x00\x00\x00\x00'\
    b'\x00\x00\x00\x00\x00\x00\x00\x00\x00\x00\x00'

WIDTHS = memoryview(_WIDTHS)
OFFSETS = memoryview(_OFFSETS)
BITMAPS = memoryview(_BITMAPS)
