# -*- coding: utf-8 -*-
# Converted from Comfortaa-Light.ttf using:
#     ./write_font_converter.py Comfortaa-Light.ttf 32 -c 0x20-0xfb

MAP = " !\"#$%&'()*+,-./0123456789:;<=>?@ABCDEFGHIJKLMNOPQRSTUVWXYZ[\\]^_`abcdefghijklmnopqrstuvwxyz{|}~ ¡¢£¤¥¦§¨©ª«¬­®¯°±²³´µ¶·¸¹º»¼½¾¿ÀÁÂÃÄÅÆÇÈÉÊËÌÍÎÏÐÑÒÓÔÕÖ×ØÙÚÛÜÝÞßàáâãäåæçèéêëìíîïðñòóôõö÷øùúû"
BPP = 1
HEIGHT = 42
MAX_WIDTH = 35
_WIDTHS = \
    b'\x09\x08\x09\x17\x12\x1b\x17\x05\x08\x08\x0c\x12\x07\x0d\x06\x0f'\
    b'\x12\x0c\x12\x12\x15\x14\x12\x13\x13\x12\x06\x07\x12\x10\x12\x12'\
    b'\x23\x17\x16\x19\x18\x16\x14\x19\x1a\x08\x13\x15\x14\x1f\x1a\x1d'\
    b'\x13\x1d\x13\x15\x15\x1a\x16\x1e\x16\x14\x17\x09\x0f\x09\x0f\x11'\
    b'\x09\x16\x17\x13\x17\x13\x0c\x16\x16\x09\x0c\x12\x09\x1f\x16\x16'\
    b'\x17\x17\x0e\x11\x0d\x16\x12\x18\x11\x12\x12\x0c\x0d\x0c\x0f\x14'\
    b'\x14\x14\x14\x14\x14\x14\x14\x14\x14\x14\x14\x14\x14\x14\x14\x14'\
    b'\x14\x14\x14\x14\x14\x14\x14\x14\x14\x14\x14\x14\x14\x14\x14\x14'\
    b'\x09\x08\x13\x10\x0f\x14\x07\x0f\x0f\x1b\x0f\x0f\x12\x0d\x1b\x12'\
    b'\x0f\x12\x0b\x0b\x09\x16\x12\x06\x0a\x08\x0f\x0f\x18\x18\x1a\x12'\
    b'\x17\x17\x17\x17\x17\x17\x1e\x19\x16\x16\x16\x16\x09\x09\x0a\x0a'\
    b'\x18\x1a\x1d\x1d\x1d\x1d\x1d\x0f\x1c\x1a\x1a\x1a\x1a\x14\x13\x12'\
    b'\x16\x16\x16\x16\x16\x16\x23\x13\x13\x13\x13\x13\x09\x09\x09\x09'\
    b'\x15\x16\x16\x16\x16\x16\x16\x0f\x16\x16\x16\x16'

OFFSET_WIDTH = 3
_OFFSETS = \
    b'\x00\x00\x00\x00\x01\x7a\x00\x02\xca\x00\x04\x44\x00\x08\x0a\x00'\
    b'\x0a\xfe\x00\x0f\x6c\x00\x13\x32\x00\x14\x04\x00\x15\x54\x00\x16'\
    b'\xa4\x00\x18\x9c\x00\x1b\x90\x00\x1c\xb6\x00\x1e\xd8\x00\x1f\xd4'\
    b'\x00\x22\x4a\x00\x25\x3e\x00\x27\x36\x00\x2a\x2a\x00\x2d\x1e\x00'\
    b'\x30\x90\x00\x33\xd8\x00\x36\xcc\x00\x39\xea\x00\x3d\x08\x00\x3f'\
    b'\xfc\x00\x40\xf8\x00\x42\x1e\x00\x45\x12\x00\x47\xb2\x00\x4a\xa6'\
    b'\x00\x4d\x9a\x00\x53\x58\x00\x57\x1e\x00\x5a\xba\x00\x5e\xd4\x00'\
    b'\x62\xc4\x00\x66\x60\x00\x69\xa8\x00\x6d\xc2\x00\x72\x06\x00\x73'\
    b'\x56\x00\x76\x74\x00\x79\xe6\x00\x7d\x2e\x00\x82\x44\x00\x86\x88'\
    b'\x00\x8b\x4a\x00\x8e\x68\x00\x93\x2a\x00\x96\x48\x00\x99\xba\x00'\
    b'\x9d\x2c\x00\xa1\x70\x00\xa5\x0c\x00\xa9\xf8\x00\xad\x94\x00\xb0'\
    b'\xdc\x00\xb4\xa2\x00\xb6\x1c\x00\xb8\x92\x00\xba\x0c\x00\xbc\x82'\
    b'\x00\xbf\x4c\x00\xc0\xc6\x00\xc4\x62\x00\xc8\x28\x00\xcb\x46\x00'\
    b'\xcf\x0c\x00\xd2\x2a\x00\xd4\x22\x00\xd7\xbe\x00\xdb\x5a\x00\xdc'\
    b'\xd4\x00\xde\xcc\x00\xe1\xc0\x00\xe3\x3a\x00\xe8\x50\x00\xeb\xec'\
    b'\x00\xef\x88\x00\xf3\x4e\x00\xf7\x14\x00\xf9\x60\x00\xfc\x2a\x00'\
    b'\xfe\x4c\x01\x01\xe8\x01\x04\xdc\x01\x08\xcc\x01\x0b\x96\x01\x0e'\
    b'\x8a\x01\x11\x7e\x01\x13\x76\x01\x15\x98\x01\x17\x90\x01\x1a\x06'\
    b'\x01\x1d\x4e\x01\x20\x96\x01\x23\xde\x01\x27\x26\x01\x2a\x6e\x01'\
    b'\x2d\xb6\x01\x30\xfe\x01\x34\x46\x01\x37\x8e\x01\x3a\xd6\x01\x3e'\
    b'\x1e\x01\x41\x66\x01\x44\xae\x01\x47\xf6\x01\x4b\x3e\x01\x4e\x86'\
    b'\x01\x51\xce\x01\x55\x16\x01\x58\x5e\x01\x5b\xa6\x01\x5e\xee\x01'\
    b'\x62\x36\x01\x65\x7e\x01\x68\xc6\x01\x6c\x0e\x01\x6f\x56\x01\x72'\
    b'\x9e\x01\x75\xe6\x01\x79\x2e\x01\x7c\x76\x01\x7f\xbe\x01\x83\x06'\
    b'\x01\x86\x4e\x01\x87\xc8\x01\x89\x18\x01\x8c\x36\x01\x8e\xd6\x01'\
    b'\x91\x4c\x01\x94\x94\x01\x95\xba\x01\x98\x30\x01\x9a\xa6\x01\x9f'\
    b'\x14\x01\xa1\x8a\x01\xa4\x00\x01\xa6\xf4\x01\xa9\x16\x01\xad\x84'\
    b'\x01\xb0\x78\x01\xb2\xee\x01\xb5\xe2\x01\xb7\xb0\x01\xb9\x7e\x01'\
    b'\xba\xf8\x01\xbe\x94\x01\xc1\x88\x01\xc2\x84\x01\xc4\x28\x01\xc5'\
    b'\x78\x01\xc7\xee\x01\xca\x64\x01\xce\x54\x01\xd2\x44\x01\xd6\x88'\
    b'\x01\xd9\x7c\x01\xdd\x42\x01\xe1\x08\x01\xe4\xce\x01\xe8\x94\x01'\
    b'\xec\x5a\x01\xf0\x20\x01\xf5\x0c\x01\xf9\x26\x01\xfc\xc2\x02\x00'\
    b'\x5e\x02\x03\xfa\x02\x07\x96\x02\x09\x10\x02\x0a\x8a\x02\x0c\x2e'\
    b'\x02\x0d\xd2\x02\x11\xc2\x02\x16\x06\x02\x1a\xc8\x02\x1f\x8a\x02'\
    b'\x24\x4c\x02\x29\x0e\x02\x2d\xd0\x02\x30\x46\x02\x34\xde\x02\x39'\
    b'\x22\x02\x3d\x66\x02\x41\xaa\x02\x45\xee\x02\x49\x36\x02\x4c\x54'\
    b'\x02\x4f\x48\x02\x52\xe4\x02\x56\x80\x02\x5a\x1c\x02\x5d\xb8\x02'\
    b'\x61\x54\x02\x64\xf0\x02\x6a\xae\x02\x6d\xcc\x02\x70\xea\x02\x74'\
    b'\x08\x02\x77\x26\x02\x7a\x44\x02\x7b\xbe\x02\x7d\x38\x02\x7e\xb2'\
    b'\x02\x80\x2c\x02\x83\x9e\x02\x87\x3a\x02\x8a\xd6\x02\x8e\x72\x02'\
    b'\x92\x0e\x02\x95\xaa\x02\x99\x46\x02\x9b\xbc\x02\x9f\x58\x02\xa2'\
    b'\xf4\x02\xa6\x90'

_BITMAPS =\
    b'\x00\x00\x00\x00\x00\x00\x00\x00\x00\x00\x00\x00\x00\x00\x00\x00'\
    b'\x00\x00\x00\x00\x00\x00\x00\x00\x00\x00\x00\x00\x00\x00\x00\x00'\
    b'\x00\x00\x00\x00\x00\x00\x00\x00\x00\x00\x00\x00\x00\x00\x00\x00'\
    b'\x00\x00\x00\x00\x00\x00\x00\x00\x0c\x0c\x0c\x0c\x0c\x0c\x0c\x0c'\
    b'\x0c\x0c\x0c\x0c\x0c\x0c\x0c\x0c\x0c\x0c\x0c\x04\x00\x00\x0c\x0e'\
    b'\x0c\x00\x00\x00\x00\x00\x00\x00\x00\x00\x00\x00\x00\x00\x00\x00'\
    b'\x00\x00\x00\x04\x42\x61\x30\x88\x44\x22\x11\x00\x00\x00\x00\x00'\
    b'\x00\x00\x00\x00\x00\x00\x00\x00\x00\x00\x00\x00\x00\x00\x00\x00'\
    b'\x00\x00\x00\x00\x00\x00\x00\x00\x00\x00\x00\x00\x00\x00\x00\x00'\
    b'\x00\x00\x00\x00\x00\x00\x00\x00\x00\x00\x00\x00\x00\x00\x00\x00'\
    b'\x00\x00\x00\x08\x04\x00\x30\x18\x00\x60\x30\x00\xc0\x60\x01\x80'\
    b'\xc0\x06\x03\x00\x0c\x06\x01\xff\xff\xc3\xff\xff\x80\x60\x30\x00'\
    b'\xc0\x60\x03\x01\x80\x06\x03\x00\x0c\x06\x00\x18\x0c\x03\xff\xff'\
    b'\x87\xff\xfe\x01\x80\xc0\x03\x01\x80\x06\x03\x00\x0c\x06\x00\x18'\
    b'\x0c\x00\x20\x18\x00\xc0\x60\x01\x80\xc0\x00\x00\x00\x00\x00\x00'\
    b'\x00\x00\x00\x00\x00\x00\x00\x00\x00\x00\x00\x00\x00\x00\x00\x00'\
    b'\x00\x00\x00\x00\x00\x00\x00\x00\x00\x00\x00\x00\x00\x00\x00\x01'\
    b'\x00\x00\x40\x00\x10\x00\x3f\x80\x3f\xf0\x1c\x46\x06\x10\xc3\x04'\
    b'\x10\xc1\x00\x30\x40\x04\x10\x01\x84\x00\x71\x00\x0f\x40\x00\xfc'\
    b'\x00\x0f\xc0\x01\x38\x00\x43\x00\x10\xc0\x04\x18\x01\x06\x00\x41'\
    b'\x88\x10\x67\x04\x18\xc1\x0c\x1c\x47\x03\xff\x80\x3f\x80\x01\x00'\
    b'\x00\x40\x00\x10\x00\x00\x00\x00\x00\x00\x00\x00\x00\x00\x00\x00'\
    b'\x00\x00\x00\x00\x00\x00\x00\x00\x00\x00\x00\x00\x00\x00\x00\x00'\
    b'\x00\x00\x00\x00\x00\x00\x00\x00\x00\x00\x00\x00\x00\x00\x03\xe0'\
    b'\x01\x81\xff\x00\x70\x70\x60\x0c\x0c\x06\x03\x01\x80\xe0\xe0\x60'\
    b'\x0c\x38\x0c\x01\x8e\x00\xc0\x71\x80\x18\x0c\x60\x03\x83\x9c\x00'\
    b'\x3f\xe7\x00\x01\xf0\xc0\x00\x00\x30\xe0\x00\x0c\x7f\x00\x03\x9c'\
    b'\x70\x00\xe6\x03\x00\x18\xc0\x60\x06\x30\x06\x01\xc6\x00\xc0\x70'\
    b'\xc0\x18\x1c\x0c\x06\x03\x01\x80\xc0\xc0\x18\x30\x38\x01\xfc\x06'\
    b'\x00\x1f\x00\x00\x00\x00\x00\x00\x00\x00\x00\x00\x00\x00\x00\x00'\
    b'\x00\x00\x00\x00\x00\x00\x00\x00\x00\x00\x00\x00\x00\x00\x00\x00'\
    b'\x00\x00\x00\x00\x00\x00\x00\x00\x00\x00\x00\x00\x00\x00\x00\x00'\
    b'\x00\x00\x00\x00\x00\x00\x00\x00\x7c\x00\x03\xfc\x00\x06\x0c\x00'\
    b'\x18\x1c\x00\x30\x18\x00\x60\x30\x00\xc0\x60\x00\xc1\x80\x01\x83'\
    b'\x00\x01\x8c\x00\x01\xf0\x00\x01\xc0\x00\x07\xc0\x00\x39\xc0\x00'\
    b'\xe1\xc0\x81\x81\xc3\x06\x01\xce\x0c\x01\xf8\x30\x01\xe0\x60\x03'\
    b'\xc0\x60\x0f\xc0\xc0\x39\xc1\xc0\xe1\xc1\xff\x81\x80\xfc\x00\x00'\
    b'\x00\x00\x00\x00\x00\x00\x00\x00\x00\x00\x00\x00\x00\x00\x00\x00'\
    b'\x00\x00\x00\x00\x00\x00\x00\x00\x00\x00\x00\x00\x43\x10\x84\x21'\
    b'\x00\x00\x00\x00\x00\x00\x00\x00\x00\x00\x00\x00\x00\x00\x00\x00'\
    b'\x00\x00\x00\x00\x00\x00\x00\x00\x00\x00\x30\x70\x60\x60\xc0\xc0'\
    b'\xc1\x81\x81\x81\x83\x03\x03\x03\x03\x03\x03\x03\x03\x03\x03\x01'\
    b'\x81\x81\x81\x80\xc0\xc0\xc0\x60\x60\x30\x30\x00\x00\x00\x00\x00'\
    b'\x00\x00\x00\x0c\x0c\x06\x06\x07\x03\x03\x01\x81\x81\x81\x81\x80'\
    b'\xc0\xc0\xc0\xc0\xc0\xc0\xc0\xc0\xc1\x81\x81\x81\x81\x83\x03\x07'\
    b'\x06\x06\x0c\x0c\x00\x00\x00\x00\x00\x00\x00\x00\x00\x00\x00\x00'\
    b'\x00\x00\x06\x00\x60\x02\x03\x26\x3f\xe0\x20\x0d\x01\x98\x18\xc0'\
    b'\x00\x00\x00\x00\x00\x00\x00\x00\x00\x00\x00\x00\x00\x00\x00\x00'\
    b'\x00\x00\x00\x00\x00\x00\x00\x00\x00\x00\x00\x00\x00\x00\x00\x00'\
    b'\x00\x00\x00\x00\x00\x00\x00\x00\x00\x00\x00\x00\x00\x00\x00\x00'\
    b'\x00\x00\x00\x00\x00\x00\x00\x00\x00\x00\x00\x00\x00\x00\x00\x00'\
    b'\x00\x00\x00\x00\xc0\x00\x30\x00\x0c\x00\x03\x00\x00\xc0\x00\x30'\
    b'\x07\xff\xf1\xff\xfc\x00\xc0\x00\x30\x00\x0c\x00\x03\x00\x00\xc0'\
    b'\x00\x30\x00\x0c\x00\x00\x00\x00\x00\x00\x00\x00\x00\x00\x00\x00'\
    b'\x00\x00\x00\x00\x00\x00\x00\x00\x00\x00\x00\x00\x00\x00\x00\x00'\
    b'\x00\x00\x00\x00\x00\x00\x00\x00\x00\x00\x00\x00\x00\x00\x00\x00'\
    b'\x00\x00\x00\x00\x00\x00\x00\x00\x00\x00\x00\x00\x00\x18\x38\x70'\
    b'\xe0\xc1\x86\x0c\x00\x00\x00\x00\x00\x00\x00\x00\x00\x00\x00\x00'\
    b'\x00\x00\x00\x00\x00\x00\x00\x00\x00\x00\x00\x00\x00\x00\x00\x00'\
    b'\x00\x00\x00\x00\x00\x00\x00\x00\x00\x00\x00\x00\x00\x01\xff\x8f'\
    b'\xfc\x00\x00\x00\x00\x00\x00\x00\x00\x00\x00\x00\x00\x00\x00\x00'\
    b'\x00\x00\x00\x00\x00\x00\x00\x00\x00\x00\x00\x00\x00\x00\x00\x00'\
    b'\x00\x00\x00\x00\x00\x00\x00\x00\x00\x00\x00\x00\x00\x00\x00\x00'\
    b'\x00\x00\x0c\x38\xc0\x00\x00\x00\x00\x00\x00\x00\x00\x00\x00\x00'\
    b'\x00\x00\x00\x00\x00\x00\x00\x00\x00\x00\x00\x00\x01\x00\x07\x00'\
    b'\x0c\x00\x18\x00\x60\x00\xc0\x03\x00\x06\x00\x0c\x00\x30\x00\x60'\
    b'\x01\x80\x03\x00\x06\x00\x18\x00\x30\x00\xc0\x01\x80\x03\x00\x0c'\
    b'\x00\x18\x00\x70\x00\xc0\x01\x80\x06\x00\x0c\x00\x38\x00\x60\x00'\
    b'\x00\x00\x00\x00\x00\x00\x00\x00\x00\x00\x00\x00\x00\x00\x00\x00'\
    b'\x00\x00\x00\x00\x00\x00\x00\x00\x00\x00\x00\x00\x00\x00\x1f\x00'\
    b'\x1f\xe0\x0e\x1c\x07\x03\x81\x80\x60\x60\x1c\x30\x03\x0c\x00\xc3'\
    b'\x00\x30\xc0\x0c\x30\x03\x0c\x00\x43\x00\x18\xc0\x06\x30\x03\x0c'\
    b'\x00\xc3\x00\x30\xc0\x0c\x30\x03\x06\x01\xc1\x80\x60\x70\x38\x0e'\
    b'\x1c\x01\xfe\x00\x1f\x00\x00\x00\x00\x00\x00\x00\x00\x00\x00\x00'\
    b'\x00\x00\x00\x00\x00\x00\x00\x00\x00\x00\x00\x00\x00\x00\x00\x00'\
    b'\x00\x00\x00\x00\x00\x00\xc0\x7e\x1f\x60\x86\x00\x60\x06\x00\x60'\
    b'\x06\x00\x60\x06\x00\x60\x06\x00\x60\x06\x00\x60\x06\x00\x60\x06'\
    b'\x00\x60\x06\x00\x60\x06\x00\x60\x06\x00\x40\x00\x00\x00\x00\x00'\
    b'\x00\x00\x00\x00\x00\x00\x00\x00\x00\x00\x00\x00\x00\x00\x00\x00'\
    b'\x00\x00\x00\x00\x00\x00\x00\x00\x00\x00\x00\x01\xf0\x01\xff\x00'\
    b'\xe0\xe0\x60\x18\x18\x03\x0c\x00\xc3\x00\x30\xc0\x0c\x00\x03\x00'\
    b'\x00\xc0\x00\x70\x00\x18\x00\x0c\x00\x06\x00\x03\x80\x01\xc0\x00'\
    b'\xe0\x00\x30\x00\x18\x00\x0c\x00\x07\x00\x03\x80\x01\xc0\x00\x7f'\
    b'\xfe\x3f\xff\x80\x00\x00\x00\x00\x00\x00\x00\x00\x00\x00\x00\x00'\
    b'\x00\x00\x00\x00\x00\x00\x00\x00\x00\x00\x00\x00\x00\x00\x00\x00'\
    b'\x00\x00\x00\x00\x00\x00\x00\x00\x00\x00\x3f\x00\x1f\xf0\x0e\x0e'\
    b'\x06\x01\x81\x80\x30\x60\x0c\x10\x03\x00\x00\xc0\x00\x60\x00\x30'\
    b'\x00\x78\x00\x1f\x00\x00\xe0\x00\x0c\x00\x03\x00\x00\x62\x00\x18'\
    b'\xc0\x06\x30\x01\x8c\x00\x63\x80\x30\x60\x0c\x0e\x0e\x01\xff\x00'\
    b'\x3f\x00\x00\x00\x00\x00\x00\x00\x00\x00\x00\x00\x00\x00\x00\x00'\
    b'\x00\x00\x00\x00\x00\x00\x00\x00\x00\x00\x00\x00\x00\x00\x00\x00'\
    b'\x00\x00\x00\x00\x00\x00\x00\x00\x00\x00\x00\x00\x00\xc0\x00\x06'\
    b'\x00\x00\x70\x00\x07\x80\x00\x7c\x00\x03\x60\x00\x33\x00\x03\x18'\
    b'\x00\x38\xc0\x03\x86\x00\x18\x30\x01\x81\x80\x1c\x0c\x01\xc0\x60'\
    b'\x0c\x03\x00\xc0\x18\x0c\x00\xc0\xff\xff\xe3\xff\xff\x00\x01\x80'\
    b'\x00\x0c\x00\x00\x60\x00\x03\x00\x00\x18\x00\x00\xc0\x00\x00\x00'\
    b'\x00\x00\x00\x00\x00\x00\x00\x00\x00\x00\x00\x00\x00\x00\x00\x00'\
    b'\x00\x00\x00\x00\x00\x00\x00\x00\x00\x00\x00\x00\x00\x00\x00\x00'\
    b'\x00\x00\x00\x00\x00\x00\x00\x00\x01\xff\xf8\x1f\xff\x81\x80\x00'\
    b'\x18\x00\x01\x80\x00\x18\x00\x01\x80\x00\x18\x00\x01\x80\x00\x1f'\
    b'\xf8\x00\xff\xe0\x00\x07\x00\x00\x38\x00\x01\x80\x00\x0c\x00\x00'\
    b'\xc3\x00\x0c\x30\x00\xc3\x00\x0c\x38\x00\xc1\x80\x18\x1c\x03\x80'\
    b'\xe0\x70\x07\xfe\x00\x1f\x80\x00\x00\x00\x00\x00\x00\x00\x00\x00'\
    b'\x00\x00\x00\x00\x00\x00\x00\x00\x00\x00\x00\x00\x00\x00\x00\x00'\
    b'\x00\x00\x00\x00\x00\x00\x00\x00\x00\x00\x00\x00\x00\x00\x00\x00'\
    b'\x06\x00\x01\x80\x00\xc0\x00\x70\x00\x18\x00\x0c\x00\x07\x00\x01'\
    b'\x80\x00\xe0\x00\x30\x00\x1f\xc0\x0f\xfc\x03\x83\x81\xc0\x30\x60'\
    b'\x0c\x30\x01\x8c\x00\x63\x00\x18\xc0\x06\x30\x01\x86\x00\xc1\xc0'\
    b'\x30\x38\x38\x07\xfc\x00\x7c\x00\x00\x00\x00\x00\x00\x00\x00\x00'\
    b'\x00\x00\x00\x00\x00\x00\x00\x00\x00\x00\x00\x00\x00\x00\x00\x00'\
    b'\x00\x00\x00\x00\x00\x00\x00\x00\x00\x00\x00\x00\x00\x00\x00\x7f'\
    b'\xff\x0f\xff\xe0\x00\x1c\x00\x03\x00\x00\xe0\x00\x18\x00\x03\x00'\
    b'\x00\xc0\x00\x18\x00\x06\x00\x00\xc0\x00\x38\x00\x06\x00\x01\xc0'\
    b'\x00\x30\x00\x0e\x00\x01\x80\x00\x30\x00\x0c\x00\x01\x80\x00\x60'\
    b'\x00\x0c\x00\x03\x00\x00\x60\x00\x08\x00\x00\x00\x00\x00\x00\x00'\
    b'\x00\x00\x00\x00\x00\x00\x00\x00\x00\x00\x00\x00\x00\x00\x00\x00'\
    b'\x00\x00\x00\x00\x00\x00\x00\x00\x00\x00\x00\x00\x00\x00\x00\x00'\
    b'\x00\x00\x00\x0f\x80\x07\xfc\x00\xc1\xc0\x30\x18\x06\x01\x80\x80'\
    b'\x30\x10\x06\x03\x01\x80\x60\x30\x07\x0c\x00\x7f\x00\x1f\xf0\x07'\
    b'\x07\x01\xc0\x30\x30\x07\x0c\x00\x61\x80\x0c\x30\x01\x86\x00\x30'\
    b'\xc0\x06\x0c\x01\xc1\xc0\x30\x1c\x1c\x01\xff\x00\x0f\x80\x00\x00'\
    b'\x00\x00\x00\x00\x00\x00\x00\x00\x00\x00\x00\x00\x00\x00\x00\x00'\
    b'\x00\x00\x00\x00\x00\x00\x00\x00\x00\x00\x00\x00\x00\x00\x00\x00'\
    b'\x00\x00\x00\x00\x00\x00\xfc\x00\xff\xc0\x70\x38\x38\x06\x0c\x00'\
    b'\xc3\x00\x31\x80\x0c\x60\x03\x18\x00\xc3\x00\x30\xc0\x0c\x18\x06'\
    b'\x07\x87\x80\xff\xc0\x0f\xe0\x00\x38\x00\x0c\x00\x07\x00\x01\x80'\
    b'\x00\xc0\x00\x70\x00\x18\x00\x0e\x00\x03\x00\x01\x80\x00\x00\x00'\
    b'\x00\x00\x00\x00\x00\x00\x00\x00\x00\x00\x00\x00\x00\x00\x00\x00'\
    b'\x00\x00\x00\x00\x00\x00\x00\x00\x00\x00\x00\x03\x1c\x30\x00\x00'\
    b'\x00\x00\x00\x00\x00\x00\x01\xc7\x1c\x00\x00\x00\x00\x00\x00\x00'\
    b'\x00\x00\x00\x00\x00\x00\x00\x00\x00\x00\x00\x00\x00\x30\xe0\xc0'\
    b'\x00\x00\x00\x00\x00\x00\x00\x00\x00\x00\x18\x38\x70\xe0\xc1\x86'\
    b'\x0c\x00\x00\x00\x00\x00\x00\x00\x00\x00\x00\x00\x00\x00\x00\x00'\
    b'\x00\x00\x00\x00\x00\x00\x00\x00\x00\x00\x00\x00\x00\x00\x00\x00'\
    b'\x00\x00\x03\x00\x03\xc0\x01\xe0\x01\xe0\x00\xe0\x00\xf0\x00\xf0'\
    b'\x00\x70\x00\x78\x00\x1e\x00\x01\xc0\x00\x3c\x00\x03\xc0\x00\x38'\
    b'\x00\x07\x80\x00\x78\x00\x0f\x00\x00\xc0\x00\x00\x00\x00\x00\x00'\
    b'\x00\x00\x00\x00\x00\x00\x00\x00\x00\x00\x00\x00\x00\x00\x00\x00'\
    b'\x00\x00\x00\x00\x00\x00\x00\x00\x00\x00\x00\x00\x00\x00\x00\x00'\
    b'\x00\x00\x00\x00\x00\x00\x00\x00\x00\x00\x00\x00\x00\x00\x00\x00'\
    b'\x00\x00\x00\x00\x1f\xff\x9f\xff\x80\x00\x00\x00\x00\x00\x00\x00'\
    b'\x00\x00\x00\x00\x1f\xff\x9f\xff\x80\x00\x00\x00\x00\x00\x00\x00'\
    b'\x00\x00\x00\x00\x00\x00\x00\x00\x00\x00\x00\x00\x00\x00\x00\x00'\
    b'\x00\x00\x00\x00\x00\x00\x00\x00\x00\x00\x00\x00\x00\x00\x00\x00'\
    b'\x00\x00\x00\x00\x00\x00\x00\x00\x00\x00\x00\x00\x00\x00\x00\x00'\
    b'\x00\x00\x00\x06\x00\x01\xe0\x00\x1e\x00\x03\xc0\x00\x3c\x00\x03'\
    b'\x80\x00\x78\x00\x07\x80\x00\x70\x00\x1c\x00\x1e\x00\x1e\x00\x0e'\
    b'\x00\x0f\x00\x0f\x00\x07\x80\x07\x80\x01\x80\x00\x00\x00\x00\x00'\
    b'\x00\x00\x00\x00\x00\x00\x00\x00\x00\x00\x00\x00\x00\x00\x00\x00'\
    b'\x00\x00\x00\x00\x00\x00\x00\x00\x00\x00\x00\x00\x00\x00\x00\x00'\
    b'\x00\x00\x00\x00\x00\x00\x00\x00\x00\x03\xf0\x03\xfe\x01\xc0\xe0'\
    b'\xe0\x18\x30\x03\x18\x00\xc6\x00\x31\x80\x0c\x00\x03\x00\x00\xc0'\
    b'\x00\x60\x00\x30\x00\x1c\x00\x0c\x00\x06\x00\x01\x80\x00\xc0\x00'\
    b'\x30\x00\x0c\x00\x02\x00\x00\x00\x00\x00\x00\x1c\x00\x07\x00\x00'\
    b'\xc0\x00\x00\x00\x00\x00\x00\x00\x00\x00\x00\x00\x00\x00\x00\x00'\
    b'\x00\x00\x00\x00\x00\x00\x00\x00\x00\x00\x00\x00\x00\x00\x00\x00'\
    b'\x00\x00\x00\x00\x00\x00\x00\x00\x00\x00\x00\x00\x00\x00\x00\x00'\
    b'\x00\x00\x00\x00\x00\x00\x00\x00\x00\x00\x00\x00\x3f\xe0\x00\x00'\
    b'\x3f\xff\x80\x00\x1f\x00\x7c\x00\x07\x80\x03\xc0\x01\xc0\x00\x1c'\
    b'\x00\x70\x00\x01\xc0\x1c\x00\x00\x1c\x03\x00\x7c\x01\x80\xc0\x3f'\
    b'\xe0\x18\x18\x1e\x0f\x03\x06\x03\x00\x60\x30\xc0\xc0\x06\x06\x18'\
    b'\x38\x00\xc0\xc2\x06\x00\x0c\x0c\xc0\xc0\x01\x81\x98\x18\x00\x30'\
    b'\x33\x03\x00\x06\x06\x60\x60\x00\xc0\xcc\x0c\x00\x18\x18\x81\xc0'\
    b'\x07\x03\x18\x18\x00\xe0\xc3\x01\x80\x3c\x18\x60\x3c\x1f\x83\x06'\
    b'\x01\xff\x30\xc0\xc0\x1f\x87\x38\x0c\x00\x00\x7e\x01\xc0\x00\x07'\
    b'\x00\x1c\x00\x00\x00\x01\xc0\x00\x00\x00\x1e\x00\x00\x00\x01\xf0'\
    b'\x07\x00\x00\x0f\xff\xc0\x00\x00\x3f\xe0\x00\x00\x00\x00\x00\x00'\
    b'\x00\x00\x00\x00\x00\x00\x00\x00\x00\x00\x00\x00\x00\x00\x00\x00'\
    b'\x00\x00\x00\x00\x00\x00\x60\x00\x00\xe0\x00\x01\xc0\x00\x07\x80'\
    b'\x00\x0d\x80\x00\x33\x00\x00\x63\x00\x00\xc6\x00\x03\x06\x00\x06'\
    b'\x0c\x00\x18\x18\x00\x30\x18\x00\xc0\x30\x01\x80\x30\x03\x00\x60'\
    b'\x0c\x00\xe0\x18\x00\xc0\x7f\xff\x80\xff\xff\x83\x80\x03\x06\x00'\
    b'\x03\x0c\x00\x06\x30\x00\x0c\x60\x00\x0c\x80\x00\x18\x00\x00\x00'\
    b'\x00\x00\x00\x00\x00\x00\x00\x00\x00\x00\x00\x00\x00\x00\x00\x00'\
    b'\x00\x00\x00\x00\x00\x00\x00\x00\x00\x00\x00\x00\x00\x00\x00\x00'\
    b'\x00\x00\x00\x00\x00\x00\x00\x00\x00\x00\x00\x00\x01\xff\xe0\x07'\
    b'\xff\xc0\x18\x01\x80\x60\x03\x01\x80\x0c\x06\x00\x18\x18\x00\x60'\
    b'\x60\x03\x01\x80\x0c\x06\x00\x60\x1f\xff\x00\x7f\xfc\x01\x80\x1c'\
    b'\x06\x00\x38\x18\x00\x60\x60\x00\xc1\x80\x03\x06\x00\x0c\x18\x00'\
    b'\x30\x60\x00\xc1\x80\x06\x06\x00\x38\x18\x01\xc0\x7f\xfe\x01\xff'\
    b'\xe0\x00\x00\x00\x00\x00\x00\x00\x00\x00\x00\x00\x00\x00\x00\x00'\
    b'\x00\x00\x00\x00\x00\x00\x00\x00\x00\x00\x00\x00\x00\x00\x00\x00'\
    b'\x00\x00\x00\x00\x00\x00\x00\x00\x00\x00\x00\x00\x00\x00\x00\x00'\
    b'\x00\x00\x00\x00\x03\xf8\x00\x0f\xff\x00\x0f\x01\xe0\x0e\x00\x38'\
    b'\x0e\x00\x00\x0e\x00\x00\x0e\x00\x00\x06\x00\x00\x03\x00\x00\x03'\
    b'\x00\x00\x01\x80\x00\x00\xc0\x00\x00\x60\x00\x00\x30\x00\x00\x18'\
    b'\x00\x00\x0c\x00\x00\x03\x00\x00\x01\x80\x00\x00\xe0\x00\x00\x30'\
    b'\x00\x00\x0c\x00\x00\x03\x80\x0e\x00\xf0\x1e\x00\x1f\xfe\x00\x03'\
    b'\xfc\x00\x00\x00\x00\x00\x00\x00\x00\x00\x00\x00\x00\x00\x00\x00'\
    b'\x00\x00\x00\x00\x00\x00\x00\x00\x00\x00\x00\x00\x00\x00\x00\x00'\
    b'\x00\x00\x00\x00\x00\x00\x00\x00\x00\x00\x00\x00\x00\x00\x00\x00'\
    b'\x00\x00\x00\x00\x00\x01\xff\xc0\x01\xff\xf0\x01\x80\x3c\x01\x80'\
    b'\x0e\x01\x80\x07\x01\x80\x03\x81\x80\x01\x81\x80\x01\xc1\x80\x00'\
    b'\xc1\x80\x00\xc1\x80\x00\xc1\x80\x00\xc1\x80\x00\xc1\x80\x00\xc1'\
    b'\x80\x00\xc1\x80\x00\xc1\x80\x00\xc1\x80\x01\xc1\x80\x01\x81\x80'\
    b'\x03\x01\x80\x07\x01\x80\x0e\x01\x80\x3c\x01\xff\xf0\x01\xff\xc0'\
    b'\x00\x00\x00\x00\x00\x00\x00\x00\x00\x00\x00\x00\x00\x00\x00\x00'\
    b'\x00\x00\x00\x00\x00\x00\x00\x00\x00\x00\x00\x00\x00\x00\x00\x00'\
    b'\x00\x00\x00\x00\x00\x00\x00\x00\x00\x00\x00\x00\x00\x00\x00\x00'\
    b'\x00\x07\xff\xfe\x1f\xff\xf0\x60\x00\x01\x80\x00\x06\x00\x00\x18'\
    b'\x00\x00\x60\x00\x01\x80\x00\x06\x00\x00\x18\x00\x00\x60\x00\x01'\
    b'\xff\xf0\x07\xff\xe0\x18\x00\x00\x60\x00\x01\x80\x00\x06\x00\x00'\
    b'\x18\x00\x00\x60\x00\x01\x80\x00\x06\x00\x00\x18\x00\x00\x60\x00'\
    b'\x01\xff\xff\x07\xff\xfe\x00\x00\x00\x00\x00\x00\x00\x00\x00\x00'\
    b'\x00\x00\x00\x00\x00\x00\x00\x00\x00\x00\x00\x00\x00\x00\x00\x00'\
    b'\x00\x00\x00\x00\x00\x00\x00\x00\x00\x00\x00\x00\x00\x00\x00\x00'\
    b'\x00\x00\x07\xff\xfe\x7f\xff\xc6\x00\x00\x60\x00\x06\x00\x00\x60'\
    b'\x00\x06\x00\x00\x60\x00\x06\x00\x00\x60\x00\x06\x00\x00\x7f\xfc'\
    b'\x07\xff\xe0\x60\x00\x06\x00\x00\x60\x00\x06\x00\x00\x60\x00\x06'\
    b'\x00\x00\x60\x00\x06\x00\x00\x60\x00\x06\x00\x00\x60\x00\x06\x00'\
    b'\x00\x00\x00\x00\x00\x00\x00\x00\x00\x00\x00\x00\x00\x00\x00\x00'\
    b'\x00\x00\x00\x00\x00\x00\x00\x00\x00\x00\x00\x00\x00\x00\x00\x00'\
    b'\x00\x00\x00\x00\x00\x00\x00\x00\x00\x00\x00\x00\x00\x00\x00\x00'\
    b'\x00\x00\x0f\xe0\x00\x3f\xfe\x00\x3c\x07\x80\x38\x00\xe0\x38\x00'\
    b'\x00\x38\x00\x00\x38\x00\x00\x18\x00\x00\x0c\x00\x00\x0c\x00\x00'\
    b'\x06\x00\x00\x03\x00\x00\x01\x80\x1f\xe0\xc0\x0f\xf8\x60\x00\x0c'\
    b'\x30\x00\x06\x0c\x00\x03\x06\x00\x01\x83\x80\x00\xc0\xc0\x00\x60'\
    b'\x30\x00\x30\x0e\x00\x38\x03\xc0\x78\x00\x7f\xf8\x00\x0f\xe0\x00'\
    b'\x00\x00\x00\x00\x00\x00\x00\x00\x00\x00\x00\x00\x00\x00\x00\x00'\
    b'\x00\x00\x00\x00\x00\x00\x00\x00\x00\x00\x00\x00\x00\x00\x00\x00'\
    b'\x00\x00\x00\x00\x00\x00\x00\x00\x00\x00\x00\x00\x00\x00\x00\x00'\
    b'\x00\x00\x00\x00\x00\x01\x80\x00\x60\x60\x00\x18\x18\x00\x06\x06'\
    b'\x00\x01\x81\x80\x00\x60\x60\x00\x18\x18\x00\x06\x06\x00\x01\x81'\
    b'\x80\x00\x60\x60\x00\x18\x18\x00\x06\x07\xff\xff\x81\xff\xff\xe0'\
    b'\x60\x00\x18\x18\x00\x06\x06\x00\x01\x81\x80\x00\x60\x60\x00\x18'\
    b'\x18\x00\x06\x06\x00\x01\x81\x80\x00\x60\x60\x00\x18\x18\x00\x06'\
    b'\x06\x00\x01\x81\x80\x00\x60\x00\x00\x00\x00\x00\x00\x00\x00\x00'\
    b'\x00\x00\x00\x00\x00\x00\x00\x00\x00\x00\x00\x00\x00\x00\x00\x00'\
    b'\x00\x00\x00\x00\x00\x00\x00\x00\x00\x00\x60\x60\x60\x60\x60\x60'\
    b'\x60\x60\x60\x60\x60\x60\x60\x60\x60\x60\x60\x60\x60\x60\x60\x60'\
    b'\x60\x60\x60\x00\x00\x00\x00\x00\x00\x00\x00\x00\x00\x00\x00\x00'\
    b'\x00\x00\x00\x00\x00\x00\x00\x00\x00\x00\x00\x00\x00\x00\x00\x00'\
    b'\x00\x01\x80\x00\x30\x00\x06\x00\x00\xc0\x00\x18\x00\x03\x00\x00'\
    b'\x60\x00\x0c\x00\x01\x80\x00\x30\x00\x06\x00\x00\xc0\x00\x18\x00'\
    b'\x03\x00\x00\x60\x00\x0c\x00\x01\x86\x00\x30\xc0\x06\x0c\x00\xc1'\
    b'\x80\x38\x18\x06\x03\x83\x80\x3f\xe0\x01\xf0\x00\x00\x00\x00\x00'\
    b'\x00\x00\x00\x00\x00\x00\x00\x00\x00\x00\x00\x00\x00\x00\x00\x00'\
    b'\x00\x00\x00\x00\x00\x00\x00\x00\x00\x00\x00\x00\x00\x00\x00\x00'\
    b'\x00\x00\x00\x00\x00\x00\x0c\x00\x30\x60\x03\x83\x00\x38\x18\x03'\
    b'\x80\xc0\x38\x06\x03\x80\x30\x38\x01\x83\x80\x0c\x38\x00\x63\x80'\
    b'\x03\x38\x00\x1b\xc0\x00\xdf\x00\x07\x9c\x00\x38\x60\x01\x81\x80'\
    b'\x0c\x0e\x00\x60\x38\x03\x00\xc0\x18\x03\x00\xc0\x1c\x06\x00\x70'\
    b'\x30\x01\x81\x80\x06\x0c\x00\x30\x00\x00\x00\x00\x00\x00\x00\x00'\
    b'\x00\x00\x00\x00\x00\x00\x00\x00\x00\x00\x00\x00\x00\x00\x00\x00'\
    b'\x00\x00\x00\x00\x00\x00\x00\x00\x00\x00\x00\x00\x00\x00\x00\x00'\
    b'\x00\x00\x00\x06\x00\x00\x60\x00\x06\x00\x00\x60\x00\x06\x00\x00'\
    b'\x60\x00\x06\x00\x00\x60\x00\x06\x00\x00\x60\x00\x06\x00\x00\x60'\
    b'\x00\x06\x00\x00\x60\x00\x06\x00\x00\x60\x00\x06\x00\x00\x60\x00'\
    b'\x06\x00\x00\x60\x00\x06\x00\x00\x60\x00\x06\x00\x00\x7f\xff\x87'\
    b'\xff\xf8\x00\x00\x00\x00\x00\x00\x00\x00\x00\x00\x00\x00\x00\x00'\
    b'\x00\x00\x00\x00\x00\x00\x00\x00\x00\x00\x00\x00\x00\x00\x00\x00'\
    b'\x00\x00\x00\x00\x00\x00\x00\x00\x00\x00\x00\x00\x00\x00\x00\x00'\
    b'\x00\x00\x00\x00\x00\x00\x00\x00\x00\xc0\x00\x01\x81\xc0\x00\x03'\
    b'\x03\x80\x00\x0e\x07\x80\x00\x1c\x0f\x00\x00\x78\x1f\x00\x00\xf0'\
    b'\x36\x00\x03\x60\x6e\x00\x06\xc0\xcc\x00\x19\x81\x9c\x00\x33\x03'\
    b'\x18\x00\xc6\x06\x38\x01\x8c\x0c\x30\x06\x18\x18\x70\x0c\x30\x30'\
    b'\x60\x30\x60\x60\xe0\x60\xc0\xc0\xc1\xc1\x81\x81\xc3\x03\x03\x01'\
    b'\x86\x06\x06\x03\x98\x0c\x0c\x03\x30\x18\x18\x07\xc0\x30\x30\x07'\
    b'\x80\x60\x60\x0e\x00\xc0\xc0\x0c\x01\x80\x00\x00\x00\x00\x00\x00'\
    b'\x00\x00\x00\x00\x00\x00\x00\x00\x00\x00\x00\x00\x00\x00\x00\x00'\
    b'\x00\x00\x00\x00\x00\x00\x00\x00\x00\x00\x00\x00\x00\x00\x00\x00'\
    b'\x00\x00\x00\x00\x00\x00\x00\x00\x00\x00\x00\x00\x00\x00\x00\x00'\
    b'\x00\x00\x00\x00\x00\x00\x60\x00\x18\x1c\x00\x06\x07\x80\x01\x81'\
    b'\xe0\x00\x60\x6c\x00\x18\x1b\x80\x06\x06\x70\x01\x81\x8c\x00\x60'\
    b'\x61\x80\x18\x18\x30\x06\x06\x0e\x01\x81\x81\x80\x60\x60\x30\x18'\
    b'\x18\x06\x06\x06\x01\xc1\x81\x80\x38\x60\x60\x06\x18\x18\x00\xc6'\
    b'\x06\x00\x19\x81\x80\x07\x60\x60\x00\xd8\x18\x00\x1e\x06\x00\x03'\
    b'\x81\x80\x00\xe0\x60\x00\x18\x00\x00\x00\x00\x00\x00\x00\x00\x00'\
    b'\x00\x00\x00\x00\x00\x00\x00\x00\x00\x00\x00\x00\x00\x00\x00\x00'\
    b'\x00\x00\x00\x00\x00\x00\x00\x00\x00\x00\x00\x00\x00\x00\x00\x00'\
    b'\x00\x00\x00\x00\x00\x00\x00\x00\x00\x00\x00\x00\x00\x00\x00\x00'\
    b'\x00\x00\x00\xff\x00\x00\x3f\xfe\x00\x03\xc0\x3c\x00\x38\x00\x70'\
    b'\x03\x00\x01\xc0\x30\x00\x06\x03\x80\x00\x18\x18\x00\x00\xe1\xc0'\
    b'\x00\x03\x0c\x00\x00\x18\x60\x00\x00\xc3\x00\x00\x03\x18\x00\x00'\
    b'\x18\xc0\x00\x00\xc6\x00\x00\x0c\x30\x00\x00\x61\xc0\x00\x03\x06'\
    b'\x00\x00\x38\x38\x00\x01\x80\xc0\x00\x18\x03\x00\x01\xc0\x0e\x00'\
    b'\x1c\x00\x3c\x03\xc0\x00\xff\xf8\x00\x00\xfe\x00\x00\x00\x00\x00'\
    b'\x00\x00\x00\x00\x00\x00\x00\x00\x00\x00\x00\x00\x00\x00\x00\x00'\
    b'\x00\x00\x00\x00\x00\x00\x00\x00\x00\x00\x00\x00\x00\x00\x00\x00'\
    b'\x00\x00\x00\x00\x00\x00\x00\x00\x00\x00\x00\x00\x00\x00\x00\xff'\
    b'\xe0\x1f\xfe\x03\x00\xf0\x60\x06\x0c\x00\x61\x80\x0c\x30\x01\x86'\
    b'\x00\x18\xc0\x03\x18\x00\xc3\x00\x18\x60\x03\x0c\x00\xc1\x80\x70'\
    b'\x3f\xfc\x07\xfe\x00\xc0\x00\x18\x00\x03\x00\x00\x60\x00\x0c\x00'\
    b'\x01\x80\x00\x30\x00\x06\x00\x00\xc0\x00\x00\x00\x00\x00\x00\x00'\
    b'\x00\x00\x00\x00\x00\x00\x00\x00\x00\x00\x00\x00\x00\x00\x00\x00'\
    b'\x00\x00\x00\x00\x00\x00\x00\x00\x00\x00\x00\x00\x00\x00\x00\x00'\
    b'\x00\x00\x00\x00\x00\x00\x00\x00\x00\x00\x00\x00\x00\x00\x00\xff'\
    b'\x00\x00\x3f\xfe\x00\x03\xc0\x3c\x00\x38\x00\x70\x03\x00\x01\xc0'\
    b'\x30\x00\x06\x03\x80\x00\x18\x18\x00\x00\xe1\xc0\x00\x03\x0c\x00'\
    b'\x00\x18\x60\x00\x00\xc3\x00\x00\x03\x18\x00\x00\x18\xc0\x00\x00'\
    b'\xc6\x00\x00\x0c\x30\x00\x00\x61\xc0\x03\x03\x06\x00\x1c\x38\x38'\
    b'\x00\x71\x80\xc0\x00\xdc\x03\x00\x03\xc0\x0e\x00\x1c\x00\x3c\x03'\
    b'\xf0\x00\xff\xf8\xc0\x00\xfe\x06\x00\x00\x00\x00\x00\x00\x00\x00'\
    b'\x00\x00\x00\x00\x00\x00\x00\x00\x00\x00\x00\x00\x00\x00\x00\x00'\
    b'\x00\x00\x00\x00\x00\x00\x00\x00\x00\x00\x00\x00\x00\x00\x00\x00'\
    b'\x00\x00\x00\x00\x00\x00\x00\x00\x00\x00\x00\xff\xc0\x1f\xfe\x03'\
    b'\x00\xe0\x60\x06\x0c\x00\x61\x80\x0c\x30\x01\x86\x00\x30\xc0\x06'\
    b'\x18\x00\xc3\x00\x38\x60\x06\x0c\x03\x81\xff\xe0\x3f\xf0\x06\x07'\
    b'\x00\xc0\x60\x18\x0e\x03\x00\xc0\x60\x0c\x0c\x01\xc1\x80\x18\x30'\
    b'\x01\x86\x00\x30\xc0\x03\x00\x00\x00\x00\x00\x00\x00\x00\x00\x00'\
    b'\x00\x00\x00\x00\x00\x00\x00\x00\x00\x00\x00\x00\x00\x00\x00\x00'\
    b'\x00\x00\x00\x00\x00\x00\x00\x00\x00\x00\x00\x00\x00\x00\x00\x00'\
    b'\x00\x0f\xc0\x01\xff\x80\x1c\x0f\x01\xc0\x18\x0c\x00\x60\x60\x00'\
    b'\x03\x00\x00\x18\x00\x00\xe0\x00\x03\x80\x00\x0f\x00\x00\x3f\x80'\
    b'\x00\x3f\x80\x00\x1e\x00\x00\x38\x00\x00\xc0\x00\x06\x00\x00\x18'\
    b'\x00\x00\xc3\x00\x0c\x18\x00\x60\x60\x07\x01\xc0\x70\x07\xff\x00'\
    b'\x0f\xe0\x00\x00\x00\x00\x00\x00\x00\x00\x00\x00\x00\x00\x00\x00'\
    b'\x00\x00\x00\x00\x00\x00\x00\x00\x00\x00\x00\x00\x00\x00\x00\x00'\
    b'\x00\x00\x00\x00\x00\x00\x00\x00\x00\x00\x00\x00\x00\x00\x01\xff'\
    b'\xff\xe7\xff\xff\x00\x30\x00\x01\x80\x00\x0c\x00\x00\x60\x00\x03'\
    b'\x00\x00\x18\x00\x00\xc0\x00\x06\x00\x00\x30\x00\x01\x80\x00\x0c'\
    b'\x00\x00\x60\x00\x03\x00\x00\x18\x00\x00\xc0\x00\x06\x00\x00\x30'\
    b'\x00\x01\x80\x00\x0c\x00\x00\x60\x00\x03\x00\x00\x18\x00\x00\x40'\
    b'\x00\x00\x00\x00\x00\x00\x00\x00\x00\x00\x00\x00\x00\x00\x00\x00'\
    b'\x00\x00\x00\x00\x00\x00\x00\x00\x00\x00\x00\x00\x00\x00\x00\x00'\
    b'\x00\x00\x00\x00\x00\x00\x00\x00\x00\x00\x00\x00\x00\x00\x00\x00'\
    b'\x00\x00\x00\x60\x00\x10\x18\x00\x04\x06\x00\x01\x01\x80\x00\x40'\
    b'\x60\x00\x10\x18\x00\x04\x06\x00\x01\x01\x80\x00\x40\x60\x00\x10'\
    b'\x18\x00\x04\x06\x00\x01\x01\x80\x00\x40\x60\x00\x10\x18\x00\x04'\
    b'\x06\x00\x01\x01\x80\x00\x40\x60\x00\x10\x18\x00\x0c\x06\x00\x03'\
    b'\x00\xc0\x00\xc0\x30\x00\x60\x07\x00\x38\x00\xe0\x3c\x00\x1f\xfe'\
    b'\x00\x01\xfc\x00\x00\x00\x00\x00\x00\x00\x00\x00\x00\x00\x00\x00'\
    b'\x00\x00\x00\x00\x00\x00\x00\x00\x00\x00\x00\x00\x00\x00\x00\x00'\
    b'\x00\x00\x00\x00\x00\x00\x00\x00\x00\x00\x00\x00\x00\x00\x00\x00'\
    b'\x00\x00\x00\x00\x00\x00\x01\x00\x00\x36\x00\x00\xd8\x00\x06\x30'\
    b'\x00\x18\xc0\x00\xc3\x80\x03\x06\x00\x0c\x18\x00\x60\x30\x01\x80'\
    b'\xc0\x0c\x01\x80\x30\x06\x01\xc0\x18\x06\x00\x30\x18\x00\xc0\xc0'\
    b'\x01\x83\x00\x06\x18\x00\x0c\x60\x00\x31\x80\x00\xcc\x00\x01\xb0'\
    b'\x00\x07\x80\x00\x0e\x00\x00\x38\x00\x00\xc0\x00\x00\x00\x00\x00'\
    b'\x00\x00\x00\x00\x00\x00\x00\x00\x00\x00\x00\x00\x00\x00\x00\x00'\
    b'\x00\x00\x00\x00\x00\x00\x00\x00\x00\x00\x00\x00\x00\x00\x00\x00'\
    b'\x00\x00\x00\x00\x00\x00\x00\x00\x00\x00\x00\x00\x00\x00\x00\x00'\
    b'\x00\x00\x00\x18\x00\x00\x06\x60\x03\x00\x19\x80\x0c\x00\x63\x00'\
    b'\x30\x03\x0c\x01\xe0\x0c\x30\x07\x80\x30\xc0\x1e\x00\xc1\x80\xcc'\
    b'\x06\x06\x03\x30\x18\x18\x0c\xc0\x60\x30\x23\x03\x00\xc1\x86\x0c'\
    b'\x03\x06\x18\x30\x0c\x18\x60\xc0\x18\xc0\xc6\x00\x63\x03\x18\x01'\
    b'\x8c\x0c\x60\x03\x30\x33\x00\x0d\x80\x6c\x00\x36\x01\xb0\x00\x58'\
    b'\x06\x80\x01\xc0\x0e\x00\x07\x00\x38\x00\x1c\x00\xe0\x00\x20\x01'\
    b'\x00\x00\x00\x00\x00\x00\x00\x00\x00\x00\x00\x00\x00\x00\x00\x00'\
    b'\x00\x00\x00\x00\x00\x00\x00\x00\x00\x00\x00\x00\x00\x00\x00\x00'\
    b'\x00\x00\x00\x00\x00\x00\x00\x00\x00\x00\x00\x00\x00\x00\x00\x00'\
    b'\x00\x00\x00\x00\x00\x00\x00\x00\xc0\x00\x43\x00\x03\x06\x00\x1c'\
    b'\x0c\x00\x60\x38\x03\x00\x60\x1c\x00\xc0\xe0\x03\x83\x00\x06\x18'\
    b'\x00\x0c\xe0\x00\x1b\x00\x00\x78\x00\x00\xe0\x00\x07\x80\x00\x3b'\
    b'\x00\x01\xc6\x00\x06\x1c\x00\x30\x30\x01\xc0\x60\x06\x00\xc0\x30'\
    b'\x03\x81\x80\x06\x0e\x00\x0c\x30\x00\x19\x80\x00\x60\x00\x00\x00'\
    b'\x00\x00\x00\x00\x00\x00\x00\x00\x00\x00\x00\x00\x00\x00\x00\x00'\
    b'\x00\x00\x00\x00\x00\x00\x00\x00\x00\x00\x00\x00\x00\x00\x00\x00'\
    b'\x00\x00\x00\x00\x00\x00\x00\x00\x00\xc0\x00\x3e\x00\x03\x60\x00'\
    b'\x63\x00\x06\x30\x00\xc1\x80\x18\x1c\x01\x80\xc0\x30\x06\x03\x00'\
    b'\x60\x60\x03\x0c\x00\x18\xc0\x01\x98\x00\x0f\x80\x00\xf0\x00\x06'\
    b'\x00\x00\x60\x00\x06\x00\x00\x60\x00\x06\x00\x00\x60\x00\x06\x00'\
    b'\x00\x60\x00\x06\x00\x00\x60\x00\x00\x00\x00\x00\x00\x00\x00\x00'\
    b'\x00\x00\x00\x00\x00\x00\x00\x00\x00\x00\x00\x00\x00\x00\x00\x00'\
    b'\x00\x00\x00\x00\x00\x00\x00\x00\x00\x00\x00\x00\x00\x00\x00\x00'\
    b'\x00\x00\x00\x00\x00\x0f\xff\xff\x0f\xff\xfe\x00\x00\x18\x00\x00'\
    b'\x70\x00\x00\xc0\x00\x03\x00\x00\x0c\x00\x00\x30\x00\x00\xe0\x00'\
    b'\x01\x80\x00\x06\x00\x00\x18\x00\x00\x60\x00\x00\xc0\x00\x03\x00'\
    b'\x00\x0c\x00\x00\x30\x00\x00\xc0\x00\x01\x80\x00\x06\x00\x00\x18'\
    b'\x00\x00\x60\x00\x01\x80\x00\x03\xff\xff\x8f\xff\xff\x00\x00\x00'\
    b'\x00\x00\x00\x00\x00\x00\x00\x00\x00\x00\x00\x00\x00\x00\x00\x00'\
    b'\x00\x00\x00\x00\x00\x00\x00\x00\x00\x00\x00\x00\x00\x00\x07\xf3'\
    b'\xf9\x80\xc0\x60\x30\x18\x0c\x06\x03\x01\x80\xc0\x60\x30\x18\x0c'\
    b'\x06\x03\x01\x80\xc0\x60\x30\x18\x0c\x06\x03\x01\x80\xc0\x60\x30'\
    b'\x18\x0f\xe7\xf0\x00\x00\x00\x00\x00\x00\x00\x00\x00\x00\x00\x00'\
    b'\x00\x00\x00\x00\x04\x00\x1c\x00\x18\x00\x30\x00\x30\x00\x60\x00'\
    b'\x60\x00\xc0\x01\x80\x01\x80\x03\x00\x03\x00\x06\x00\x0c\x00\x0c'\
    b'\x00\x18\x00\x18\x00\x30\x00\x60\x00\x60\x00\xc0\x00\xc0\x01\x80'\
    b'\x03\x00\x03\x00\x06\x00\x06\x00\x0c\x00\x00\x00\x00\x00\x00\x00'\
    b'\x00\x00\x00\x00\x00\x00\x00\x00\x00\x00\x00\x00\x1f\xcf\xe0\x30'\
    b'\x18\x0c\x06\x03\x01\x80\xc0\x60\x30\x18\x0c\x06\x03\x01\x80\xc0'\
    b'\x60\x30\x18\x0c\x06\x03\x01\x80\xc0\x60\x30\x18\x0c\x06\x03\x3f'\
    b'\x9f\xc0\x00\x00\x00\x00\x00\x00\x00\x00\x00\x00\x00\x00\x00\x00'\
    b'\x00\x18\x00\x70\x01\xf0\x03\x60\x0e\x60\x18\xe0\x60\xc1\xc0\xc3'\
    b'\x01\xcc\x01\x80\x00\x00\x00\x00\x00\x00\x00\x00\x00\x00\x00\x00'\
    b'\x00\x00\x00\x00\x00\x00\x00\x00\x00\x00\x00\x00\x00\x00\x00\x00'\
    b'\x00\x00\x00\x00\x00\x00\x00\x00\x00\x00\x00\x00\x00\x00\x00\x00'\
    b'\x00\x00\x00\x00\x00\x00\x00\x00\x00\x00\x00\x00\x00\x00\x00\x00'\
    b'\x00\x00\x00\x00\x00\x00\x00\x00\x00\x00\x00\x00\x00\x00\x00\x00'\
    b'\x00\x00\x00\x00\x00\x00\x00\x00\x00\x00\x00\x00\x00\x00\x00\x00'\
    b'\x00\x00\x00\x00\x00\x00\x00\x00\x00\x00\x00\x00\x00\x00\x00\x00'\
    b'\x00\x00\x00\x00\x00\x00\x00\x00\x0f\xff\xff\xff\xfc\x00\x00\x00'\
    b'\x00\x00\x00\x00\x00\x00\x00\x00\x00\x00\x00\x00\x00\x00\x00\x00'\
    b'\x00\x00\x02\x01\x80\x60\x18\x06\x03\x00\x00\x00\x00\x00\x00\x00'\
    b'\x00\x00\x00\x00\x00\x00\x00\x00\x00\x00\x00\x00\x00\x00\x00\x00'\
    b'\x00\x00\x00\x00\x00\x00\x00\x00\x00\x00\x00\x00\x00\x00\x00\x00'\
    b'\x00\x00\x00\x00\x00\x00\x00\x00\x00\x00\x00\x00\x00\x00\x00\x00'\
    b'\x00\x00\x00\x00\x00\x00\x00\x00\x00\x00\x00\x00\x00\x00\x00\x00'\
    b'\x00\x00\x00\x00\x00\x03\xf0\x00\x3f\xf0\x01\xc0\xe0\x0c\x01\xc0'\
    b'\x60\x03\x81\x80\x06\x0c\x00\x18\x30\x00\x30\xc0\x00\xc3\x00\x03'\
    b'\x0c\x00\x0c\x30\x00\x70\x60\x01\xc1\x80\x0f\x03\x00\x7c\x07\x03'\
    b'\xb0\x0f\xfc\xc0\x0f\xc3\x00\x00\x00\x00\x00\x00\x00\x00\x00\x00'\
    b'\x00\x00\x00\x00\x00\x00\x00\x00\x00\x00\x00\x00\x00\x00\x00\x00'\
    b'\x00\x00\x00\x00\x00\x00\x00\x00\x00\x00\x00\x00\x00\x00\x00\x00'\
    b'\x00\x00\x00\x00\x00\x00\x0c\x00\x00\x18\x00\x00\x30\x00\x00\x60'\
    b'\x00\x00\xc0\x00\x01\x80\x00\x03\x00\x00\x06\x1f\x80\x0c\xff\xc0'\
    b'\x1b\x81\xc0\x3c\x01\xc0\x70\x01\xc0\xe0\x01\x81\x80\x03\x03\x00'\
    b'\x03\x06\x00\x06\x0c\x00\x0c\x18\x00\x18\x30\x00\x60\x70\x00\xc0'\
    b'\x60\x03\x80\x60\x0e\x00\xf0\x38\x00\x7f\xe0\x00\x3f\x00\x00\x00'\
    b'\x00\x00\x00\x00\x00\x00\x00\x00\x00\x00\x00\x00\x00\x00\x00\x00'\
    b'\x00\x00\x00\x00\x00\x00\x00\x00\x00\x00\x00\x00\x00\x00\x00\x00'\
    b'\x00\x00\x00\x00\x00\x00\x00\x00\x00\x00\x00\x00\x00\x00\x00\x00'\
    b'\x00\x00\x00\x00\x00\x00\x00\x00\x00\x00\x00\x01\xf8\x00\xff\xc0'\
    b'\x38\x1c\x06\x00\xc1\x80\x08\x70\x00\x0c\x00\x01\x80\x00\x30\x00'\
    b'\x06\x00\x00\xc0\x00\x18\x00\x01\x80\x00\x30\x00\x03\x00\x40\x78'\
    b'\x1c\x03\xff\x00\x1f\x80\x00\x00\x00\x00\x00\x00\x00\x00\x00\x00'\
    b'\x00\x00\x00\x00\x00\x00\x00\x00\x00\x00\x00\x00\x00\x00\x00\x00'\
    b'\x00\x00\x00\x00\x00\x00\x00\x00\x00\x00\x00\x00\x00\x00\x00\x00'\
    b'\x00\x00\x00\x00\x01\x80\x00\x03\x00\x00\x06\x00\x00\x0c\x00\x00'\
    b'\x18\x00\x00\x30\x00\x00\x60\x03\xf0\xc0\x1f\xf9\x80\x70\x3b\x01'\
    b'\x80\x3e\x06\x00\x3c\x0c\x00\x38\x30\x00\x70\x60\x00\x60\xc0\x00'\
    b'\xc1\x80\x01\x83\x00\x03\x06\x00\x0e\x06\x00\x18\x0c\x00\x70\x0c'\
    b'\x01\xc0\x0e\x07\x00\x0f\xfc\x00\x07\xe0\x00\x00\x00\x00\x00\x00'\
    b'\x00\x00\x00\x00\x00\x00\x00\x00\x00\x00\x00\x00\x00\x00\x00\x00'\
    b'\x00\x00\x00\x00\x00\x00\x00\x00\x00\x00\x00\x00\x00\x00\x00\x00'\
    b'\x00\x00\x00\x00\x00\x00\x00\x00\x00\x00\x00\x00\x00\x00\x00\x00'\
    b'\x00\x00\x00\x00\x00\x00\x00\x00\x1f\x80\x0f\xfc\x03\x81\xc0\xe0'\
    b'\x1c\x18\x01\x87\x00\x18\xc0\x03\x18\x00\x63\xff\xfc\x7f\xff\x8c'\
    b'\x00\x01\x80\x00\x38\x00\x03\x00\x00\x30\x04\x07\x81\xc0\x3f\xf0'\
    b'\x01\xf0\x00\x00\x00\x00\x00\x00\x00\x00\x00\x00\x00\x00\x00\x00'\
    b'\x00\x00\x00\x00\x00\x00\x00\x00\x00\x00\x00\x00\x00\x00\x00\x00'\
    b'\x00\x00\x00\x03\xc0\xf8\x0c\x01\x80\x18\x03\x00\x30\x03\x01\xff'\
    b'\x9f\xf8\x30\x03\x00\x30\x03\x00\x30\x03\x00\x30\x03\x00\x30\x03'\
    b'\x00\x30\x03\x00\x30\x03\x00\x30\x00\x00\x00\x00\x00\x00\x00\x00'\
    b'\x00\x00\x00\x00\x00\x00\x00\x00\x00\x00\x00\x00\x00\x00\x00\x00'\
    b'\x00\x00\x00\x00\x00\x00\x00\x00\x00\x00\x00\x00\x00\x00\x00\x00'\
    b'\x00\x00\x00\x00\x00\x00\x00\x00\x00\x00\x00\x00\x00\x00\x00\x00'\
    b'\x00\x3f\x00\x03\xff\x00\x1c\x0e\x00\xc0\x0c\x06\x00\x38\x18\x00'\
    b'\x60\xc0\x01\x83\x00\x03\x0c\x00\x0c\x30\x00\x30\xc0\x00\xc3\x00'\
    b'\x03\x0e\x00\x1c\x18\x00\xf0\x30\x03\xc0\xf0\x3b\x00\xff\xcc\x00'\
    b'\xfc\x30\x00\x01\x80\x00\x06\x06\x00\x38\x0c\x01\xc0\x1c\x0e\x00'\
    b'\x3f\xf0\x00\x3e\x00\x00\x00\x00\x00\x00\x00\x00\x00\x00\x00\x00'\
    b'\x00\x00\x00\x00\x00\x00\x00\x00\x00\x00\x00\x00\x00\x00\x00\x00'\
    b'\x01\x80\x00\x06\x00\x00\x18\x00\x00\x60\x00\x01\x80\x00\x06\x00'\
    b'\x00\x18\x00\x00\x63\xf0\x01\xbf\xf0\x07\xc0\xe0\x1c\x01\xc0\x70'\
    b'\x03\x01\x80\x06\x06\x00\x18\x18\x00\x60\x60\x01\x81\x80\x06\x06'\
    b'\x00\x18\x18\x00\x60\x60\x01\x81\x80\x06\x06\x00\x18\x18\x00\x60'\
    b'\x60\x01\x81\x80\x06\x00\x00\x00\x00\x00\x00\x00\x00\x00\x00\x00'\
    b'\x00\x00\x00\x00\x00\x00\x00\x00\x00\x00\x00\x00\x00\x00\x00\x00'\
    b'\x00\x00\x00\x00\x00\x03\x81\xc0\xe0\x00\x00\x00\x00\x02\x01\x00'\
    b'\x80\x40\x20\x10\x08\x04\x02\x01\x00\x80\x40\x20\x10\x08\x04\x02'\
    b'\x01\x00\x00\x00\x00\x00\x00\x00\x00\x00\x00\x00\x00\x00\x00\x00'\
    b'\x00\x00\x00\x00\x00\x00\x00\x00\x03\x80\x38\x03\x80\x00\x00\x00'\
    b'\x00\x00\x00\x10\x01\x80\x18\x01\x80\x18\x01\x80\x18\x01\x80\x18'\
    b'\x01\x80\x18\x01\x80\x18\x01\x80\x18\x01\x80\x18\x01\x80\x18\x03'\
    b'\x00\x30\x03\x00\x60\x0e\x0f\xc0\xf0\x00\x00\x00\x00\x00\x00\x00'\
    b'\x00\x00\x00\x00\x00\x00\x00\x00\x00\x00\x00\x00\x00\x00\x60\x00'\
    b'\x18\x00\x06\x00\x01\x80\x00\x60\x00\x18\x00\x06\x00\x01\x80\x30'\
    b'\x60\x1c\x18\x0e\x06\x07\x01\x83\x80\x61\xc0\x18\xe0\x06\x70\x01'\
    b'\xbc\x00\x7b\x00\x1c\x60\x06\x0c\x01\x81\x80\x60\x70\x18\x0c\x06'\
    b'\x01\x81\x80\x30\x60\x04\x00\x00\x00\x00\x00\x00\x00\x00\x00\x00'\
    b'\x00\x00\x00\x00\x00\x00\x00\x00\x00\x00\x00\x00\x00\x00\x00\x00'\
    b'\x00\x00\x18\x0c\x06\x03\x01\x80\xc0\x60\x30\x18\x0c\x06\x03\x01'\
    b'\x80\xc0\x60\x30\x18\x0c\x06\x03\x01\x80\xc0\x30\x1f\x07\x80\x00'\
    b'\x00\x00\x00\x00\x00\x00\x00\x00\x00\x00\x00\x00\x00\x00\x00\x00'\
    b'\x00\x00\x00\x00\x00\x00\x00\x00\x00\x00\x00\x00\x00\x00\x00\x00'\
    b'\x00\x00\x00\x00\x00\x00\x00\x00\x00\x00\x00\x00\x00\x00\x00\x00'\
    b'\x00\x00\x00\x00\x00\x00\x00\x00\x00\x00\x00\x00\x00\x00\x00\x00'\
    b'\x00\x00\x00\x00\x00\x06\x7c\x07\xc0\x0d\xfe\x3f\xc0\x1e\x0e\xe0'\
    b'\xc0\x38\x0f\x80\xc0\x60\x0e\x01\x80\xc0\x1c\x01\x81\x80\x30\x03'\
    b'\x03\x00\x60\x06\x06\x00\xc0\x0c\x0c\x01\x80\x18\x18\x03\x00\x30'\
    b'\x30\x06\x00\x60\x60\x0c\x00\xc0\xc0\x18\x01\x81\x80\x30\x03\x03'\
    b'\x00\x60\x06\x06\x00\xc0\x0c\x0c\x00\x80\x18\x00\x00\x00\x00\x00'\
    b'\x00\x00\x00\x00\x00\x00\x00\x00\x00\x00\x00\x00\x00\x00\x00\x00'\
    b'\x00\x00\x00\x00\x00\x00\x00\x00\x00\x00\x00\x00\x00\x00\x00\x00'\
    b'\x00\x00\x00\x00\x00\x00\x00\x00\x00\x00\x00\x00\x00\x00\x00\x00'\
    b'\x00\x00\x00\x00\x00\x00\x00\x00\x00\x00\x00\x00\x00\x00\x00\x00'\
    b'\x00\x00\x00\x00\x00\x00\x18\xfc\x00\x6f\xfc\x01\xf0\x38\x07\x00'\
    b'\x70\x1c\x00\xc0\x60\x01\x81\x80\x06\x06\x00\x18\x18\x00\x60\x60'\
    b'\x01\x81\x80\x06\x06\x00\x18\x18\x00\x60\x60\x01\x81\x80\x06\x06'\
    b'\x00\x18\x18\x00\x60\x60\x01\x80\x00\x00\x00\x00\x00\x00\x00\x00'\
    b'\x00\x00\x00\x00\x00\x00\x00\x00\x00\x00\x00\x00\x00\x00\x00\x00'\
    b'\x00\x00\x00\x00\x00\x00\x00\x00\x00\x00\x00\x00\x00\x00\x00\x00'\
    b'\x00\x00\x00\x00\x00\x00\x00\x00\x00\x00\x00\x00\x00\x00\x00\x00'\
    b'\x00\x00\x00\x00\x00\x00\x00\x00\x00\x00\x0f\xc0\x00\xff\xc0\x07'\
    b'\x03\x80\x30\x07\x01\x80\x0e\x06\x00\x18\x30\x00\x60\xc0\x00\xc3'\
    b'\x00\x03\x0c\x00\x0c\x30\x00\x30\xc0\x01\x81\x80\x06\x06\x00\x38'\
    b'\x0c\x01\xc0\x1c\x0e\x00\x3f\xf0\x00\x3f\x00\x00\x00\x00\x00\x00'\
    b'\x00\x00\x00\x00\x00\x00\x00\x00\x00\x00\x00\x00\x00\x00\x00\x00'\
    b'\x00\x00\x00\x00\x00\x00\x00\x00\x00\x00\x00\x00\x00\x00\x00\x00'\
    b'\x00\x00\x00\x00\x00\x00\x00\x00\x00\x00\x00\x00\x00\x00\x00\x00'\
    b'\x00\x00\x00\x00\x00\x00\x00\x00\x00\x00\x00\x00\x00\x00\x00\x00'\
    b'\x7e\x00\x03\xff\x00\x0e\x07\x00\x30\x07\x00\xc0\x07\x01\x80\x06'\
    b'\x06\x00\x0c\x0c\x00\x0c\x18\x00\x18\x30\x00\x30\x60\x00\x60\xc0'\
    b'\x01\x81\xc0\x03\x03\x80\x0e\x07\x80\x38\x0d\xc0\xe0\x19\xff\x80'\
    b'\x30\xfc\x00\x60\x00\x00\xc0\x00\x01\x80\x00\x03\x00\x00\x06\x00'\
    b'\x00\x0c\x00\x00\x18\x00\x00\x30\x00\x00\x00\x00\x00\x00\x00\x00'\
    b'\x00\x00\x00\x00\x00\x00\x00\x00\x00\x00\x00\x00\x00\x00\x00\x00'\
    b'\x00\x00\x00\x00\x00\x00\x00\x00\x00\x00\x00\x00\x00\x00\x00\x00'\
    b'\x00\x00\x00\x00\x00\x00\x00\x00\x03\xf0\x00\x1f\xf8\x00\x70\x38'\
    b'\x01\x80\x38\x06\x00\x38\x0c\x00\x30\x30\x00\x60\x60\x00\x60\xc0'\
    b'\x00\xc1\x80\x01\x83\x00\x03\x06\x00\x0e\x06\x00\x1c\x0c\x00\x78'\
    b'\x0c\x01\xf0\x0e\x07\x60\x0f\xfc\xc0\x07\xe1\x80\x00\x03\x00\x00'\
    b'\x06\x00\x00\x0c\x00\x00\x18\x00\x00\x30\x00\x00\x60\x00\x00\xc0'\
    b'\x00\x01\x80\x00\x00\x00\x00\x00\x00\x00\x00\x00\x00\x00\x00\x00'\
    b'\x00\x00\x00\x00\x00\x00\x00\x00\x00\x00\x00\x00\x00\x00\x01\x8f'\
    b'\x86\xfe\x1f\x00\x70\x01\x80\x06\x00\x18\x00\x60\x01\x80\x06\x00'\
    b'\x18\x00\x60\x01\x80\x06\x00\x18\x00\x60\x01\x80\x06\x00\x00\x00'\
    b'\x00\x00\x00\x00\x00\x00\x00\x00\x00\x00\x00\x00\x00\x00\x00\x00'\
    b'\x00\x00\x00\x00\x00\x00\x00\x00\x00\x00\x00\x00\x00\x00\x00\x00'\
    b'\x00\x00\x00\x00\x00\x00\x00\x00\x00\x00\x00\x00\x00\x00\x03\xf0'\
    b'\x07\xfe\x07\x03\x83\x00\xc1\x80\x00\xc0\x00\x60\x00\x1c\x00\x07'\
    b'\xf0\x00\x7e\x00\x03\x80\x00\xc0\x00\x30\x00\x18\xc0\x18\x70\x1c'\
    b'\x0f\xfc\x01\xf8\x00\x00\x00\x00\x00\x00\x00\x00\x00\x00\x00\x00'\
    b'\x00\x00\x00\x00\x00\x00\x00\x00\x00\x00\x00\x00\x00\x00\x00\x00'\
    b'\x00\x00\x00\x00\x00\x00\x80\x06\x00\x30\x01\x80\x0c\x00\x60\x03'\
    b'\x00\xff\xc7\xfe\x06\x00\x30\x01\x80\x0c\x00\x60\x03\x00\x18\x00'\
    b'\xc0\x06\x00\x30\x01\x80\x06\x00\x38\x00\xfc\x03\xe0\x00\x00\x00'\
    b'\x00\x00\x00\x00\x00\x00\x00\x00\x00\x00\x00\x00\x00\x00\x00\x00'\
    b'\x00\x00\x00\x00\x00\x00\x00\x00\x00\x00\x00\x00\x00\x00\x00\x00'\
    b'\x00\x00\x00\x00\x00\x00\x00\x00\x00\x00\x00\x00\x00\x00\x00\x00'\
    b'\x00\x00\x00\x00\x00\x01\x00\x06\x04\x00\x18\x10\x00\x60\x40\x01'\
    b'\x81\x00\x06\x04\x00\x18\x10\x00\x60\x40\x01\x81\x00\x06\x04\x00'\
    b'\x18\x10\x00\x60\x60\x01\x81\x80\x0e\x06\x00\x38\x0c\x01\xe0\x3c'\
    b'\x0d\x80\x3f\xe6\x00\x7f\x18\x00\x00\x00\x00\x00\x00\x00\x00\x00'\
    b'\x00\x00\x00\x00\x00\x00\x00\x00\x00\x00\x00\x00\x00\x00\x00\x00'\
    b'\x00\x00\x00\x00\x00\x00\x00\x00\x00\x00\x00\x00\x00\x00\x00\x00'\
    b'\x00\x00\x00\x00\x00\x00\x00\x00\x00\x00\x00\x00\x00\x00\x00\x00'\
    b'\x00\x40\x01\x98\x00\x66\x00\x18\xc0\x0c\x30\x03\x06\x01\x81\x80'\
    b'\x60\x60\x30\x0c\x0c\x03\x06\x00\x61\x80\x18\x60\x03\x30\x00\xcc'\
    b'\x00\x1e\x00\x07\x80\x00\xc0\x00\x30\x00\x00\x00\x00\x00\x00\x00'\
    b'\x00\x00\x00\x00\x00\x00\x00\x00\x00\x00\x00\x00\x00\x00\x00\x00'\
    b'\x00\x00\x00\x00\x00\x00\x00\x00\x00\x00\x00\x00\x00\x00\x00\x00'\
    b'\x00\x00\x00\x00\x00\x00\x00\x00\x00\x00\x00\x00\x00\x00\x00\x00'\
    b'\x00\x00\x00\x00\x00\x00\x00\x00\x00\x00\x00\x04\x01\x80\x26\x01'\
    b'\x80\x66\x03\x80\x66\x03\xc0\x63\x03\xc0\xc3\x02\xc0\xc3\x06\x60'\
    b'\xc1\x86\x61\x81\x84\x61\x81\x8c\x31\x80\xcc\x33\x00\xcc\x33\x00'\
    b'\xd8\x1b\x00\x58\x1e\x00\x78\x1e\x00\x70\x0e\x00\x30\x0c\x00\x30'\
    b'\x0c\x00\x00\x00\x00\x00\x00\x00\x00\x00\x00\x00\x00\x00\x00\x00'\
    b'\x00\x00\x00\x00\x00\x00\x00\x00\x00\x00\x00\x00\x00\x00\x00\x00'\
    b'\x00\x00\x00\x00\x00\x00\x00\x00\x00\x00\x00\x00\x00\x00\x00\x00'\
    b'\x00\x00\x00\x00\x00\x00\x00\x00\x00\x00\x00\x03\x00\x31\x80\x38'\
    b'\x60\x38\x38\x18\x0e\x18\x03\x1c\x00\xdc\x00\x7c\x00\x1c\x00\x0f'\
    b'\x00\x0d\x80\x0e\x60\x0e\x38\x06\x0c\x06\x03\x06\x00\xc7\x00\x73'\
    b'\x00\x18\x00\x00\x00\x00\x00\x00\x00\x00\x00\x00\x00\x00\x00\x00'\
    b'\x00\x00\x00\x00\x00\x00\x00\x00\x00\x00\x00\x00\x00\x00\x00\x00'\
    b'\x00\x00\x00\x00\x00\x00\x00\x00\x00\x00\x00\x00\x00\x00\x00\x00'\
    b'\x00\x00\x00\x00\x00\x00\x01\x80\x02\x60\x01\x98\x00\x63\x00\x30'\
    b'\xc0\x0c\x18\x06\x06\x01\x80\xc0\x60\x30\x30\x0e\x0c\x01\x86\x00'\
    b'\x61\x80\x0c\xc0\x03\x30\x00\x78\x00\x1e\x00\x03\x80\x00\xc0\x00'\
    b'\x30\x00\x18\x00\x06\x00\x03\x00\x00\xc0\x00\x60\x00\x18\x00\x04'\
    b'\x00\x00\x00\x00\x00\x00\x00\x00\x00\x00\x00\x00\x00\x00\x00\x00'\
    b'\x00\x00\x00\x00\x00\x00\x00\x00\x00\x00\x00\x00\x00\x00\x00\x00'\
    b'\x00\x00\x00\x00\x00\x0f\xff\xc3\xff\xf0\x00\x18\x00\x0e\x00\x03'\
    b'\x00\x01\x80\x00\xc0\x00\x60\x00\x18\x00\x0c\x00\x06\x00\x03\x00'\
    b'\x01\xc0\x00\x60\x00\x30\x00\x18\x00\x0f\xff\xc3\xff\xf0\x00\x00'\
    b'\x00\x00\x00\x00\x00\x00\x00\x00\x00\x00\x00\x00\x00\x00\x00\x00'\
    b'\x00\x00\x00\x00\x00\x00\x00\x00\x00\x00\x00\x00\x00\x00\x3c\x07'\
    b'\xc0\xe0\x0c\x00\xc0\x0c\x00\xc0\x0c\x00\xc0\x0c\x00\xc0\x0c\x00'\
    b'\xc0\x0c\x00\xc0\x18\x0f\x80\xf8\x01\xc0\x0c\x00\xc0\x0c\x00\xc0'\
    b'\x0c\x00\xc0\x0c\x00\xc0\x0c\x00\xc0\x0c\x00\xe0\x07\xc0\x3c\x00'\
    b'\x00\x00\x00\x00\x00\x00\x00\x00\x00\x00\x00\x00\x00\x00\xc0\x06'\
    b'\x00\x30\x01\x80\x0c\x00\x60\x03\x00\x18\x00\xc0\x06\x00\x30\x01'\
    b'\x80\x0c\x00\x60\x03\x00\x18\x00\xc0\x06\x00\x30\x01\x80\x0c\x00'\
    b'\x60\x03\x00\x18\x00\xc0\x06\x00\x30\x01\x80\x0c\x00\x60\x03\x00'\
    b'\x18\x00\xc0\x00\x00\x00\x00\x00\x00\x00\x00\x00\x00\x00\x00\x00'\
    b'\x0f\x00\xf8\x01\x80\x0c\x00\xc0\x0c\x00\xc0\x0c\x00\xc0\x0c\x00'\
    b'\xc0\x0c\x00\xc0\x0c\x00\xc0\x0e\x00\x7c\x07\xc0\xe0\x0c\x00\xc0'\
    b'\x0c\x00\xc0\x0c\x00\xc0\x0c\x00\xc0\x0c\x00\xc0\x0c\x01\x80\xf8'\
    b'\x0f\x00\x00\x00\x00\x00\x00\x00\x00\x00\x00\x00\x00\x00\x00\x00'\
    b'\x00\x00\x00\x00\x00\x00\x00\x00\x00\x00\x00\x00\x00\x00\x00\x00'\
    b'\x00\x00\x00\x00\x00\x00\x00\x00\xe0\x07\xf1\x8c\x7f\x30\x3c\x00'\
    b'\x00\x00\x00\x00\x00\x00\x00\x00\x00\x00\x00\x00\x00\x00\x00\x00'\
    b'\x00\x00\x00\x00\x00\x00\x00\x00\x00\x00\x00\x00\x00\x00\x00\x00'\
    b'\x00\x00\x00\x00\x00\x00\x00\x00\x00\x00\x00\x00\x00\x00\x00\x00'\
    b'\x00\x00\x00\x00\x00\x00\x00\x1f\xff\xf9\x80\x01\x98\x00\x19\x80'\
    b'\x01\x98\x7e\x19\x8e\x71\x99\x81\x19\x98\x19\x99\x81\x99\x80\x19'\
    b'\x98\x03\x19\x80\x31\x98\x06\x19\x80\xc1\x98\x18\x19\x81\x81\x98'\
    b'\x18\x19\x80\x01\x98\x10\x19\x81\x81\x98\x18\x19\x80\x01\x98\x00'\
    b'\x19\x80\x01\x9f\xff\xf8\x00\x00\x00\x00\x00\x00\x00\x00\x00\x00'\
    b'\x00\x00\x00\x00\x00\x00\x00\x00\x00\x00\x00\x00\x00\x00\x00\x00'\
    b'\x00\x00\x00\x00\x00\x00\x00\x00\x00\x00\x00\x00\x00\x00\x00\x00'\
    b'\x1f\xff\xf9\x80\x01\x98\x00\x19\x80\x01\x98\x7e\x19\x8e\x71\x99'\
    b'\x81\x19\x98\x19\x99\x81\x99\x80\x19\x98\x03\x19\x80\x31\x98\x06'\
    b'\x19\x80\xc1\x98\x18\x19\x81\x81\x98\x18\x19\x80\x01\x98\x10\x19'\
    b'\x81\x81\x98\x18\x19\x80\x01\x98\x00\x19\x80\x01\x9f\xff\xf8\x00'\
    b'\x00\x00\x00\x00\x00\x00\x00\x00\x00\x00\x00\x00\x00\x00\x00\x00'\
    b'\x00\x00\x00\x00\x00\x00\x00\x00\x00\x00\x00\x00\x00\x00\x00\x00'\
    b'\x00\x00\x00\x00\x00\x00\x00\x00\x00\x1f\xff\xf9\x80\x01\x98\x00'\
    b'\x19\x80\x01\x98\x7e\x19\x8e\x71\x99\x81\x19\x98\x19\x99\x81\x99'\
    b'\x80\x19\x98\x03\x19\x80\x31\x98\x06\x19\x80\xc1\x98\x18\x19\x81'\
    b'\x81\x98\x18\x19\x80\x01\x98\x10\x19\x81\x81\x98\x18\x19\x80\x01'\
    b'\x98\x00\x19\x80\x01\x9f\xff\xf8\x00\x00\x00\x00\x00\x00\x00\x00'\
    b'\x00\x00\x00\x00\x00\x00\x00\x00\x00\x00\x00\x00\x00\x00\x00\x00'\
    b'\x00\x00\x00\x00\x00\x00\x00\x00\x00\x00\x00\x00\x00\x00\x00\x00'\
    b'\x00\x00\x1f\xff\xf9\x80\x01\x98\x00\x19\x80\x01\x98\x7e\x19\x8e'\
    b'\x71\x99\x81\x19\x98\x19\x99\x81\x99\x80\x19\x98\x03\x19\x80\x31'\
    b'\x98\x06\x19\x80\xc1\x98\x18\x19\x81\x81\x98\x18\x19\x80\x01\x98'\
    b'\x10\x19\x81\x81\x98\x18\x19\x80\x01\x98\x00\x19\x80\x01\x9f\xff'\
    b'\xf8\x00\x00\x00\x00\x00\x00\x00\x00\x00\x00\x00\x00\x00\x00\x00'\
    b'\x00\x00\x00\x00\x00\x00\x00\x00\x00\x00\x00\x00\x00\x00\x00\x00'\
    b'\x00\x00\x00\x00\x00\x00\x00\x00\x00\x00\x00\x1f\xff\xf9\x80\x01'\
    b'\x98\x00\x19\x80\x01\x98\x7e\x19\x8e\x71\x99\x81\x19\x98\x19\x99'\
    b'\x81\x99\x80\x19\x98\x03\x19\x80\x31\x98\x06\x19\x80\xc1\x98\x18'\
    b'\x19\x81\x81\x98\x18\x19\x80\x01\x98\x10\x19\x81\x81\x98\x18\x19'\
    b'\x80\x01\x98\x00\x19\x80\x01\x9f\xff\xf8\x00\x00\x00\x00\x00\x00'\
    b'\x00\x00\x00\x00\x00\x00\x00\x00\x00\x00\x00\x00\x00\x00\x00\x00'\
    b'\x00\x00\x00\x00\x00\x00\x00\x00\x00\x00\x00\x00\x00\x00\x00\x00'\
    b'\x00\x00\x00\x00\x1f\xff\xf9\x80\x01\x98\x00\x19\x80\x01\x98\x7e'\
    b'\x19\x8e\x71\x99\x81\x19\x98\x19\x99\x81\x99\x80\x19\x98\x03\x19'\
    b'\x80\x31\x98\x06\x19\x80\xc1\x98\x18\x19\x81\x81\x98\x18\x19\x80'\
    b'\x01\x98\x10\x19\x81\x81\x98\x18\x19\x80\x01\x98\x00\x19\x80\x01'\
    b'\x9f\xff\xf8\x00\x00\x00\x00\x00\x00\x00\x00\x00\x00\x00\x00\x00'\
    b'\x00\x00\x00\x00\x00\x00\x00\x00\x00\x00\x00\x00\x00\x00\x00\x00'\
    b'\x00\x00\x00\x00\x00\x00\x00\x00\x00\x00\x00\x00\x00\x1f\xff\xf9'\
    b'\x80\x01\x98\x00\x19\x80\x01\x98\x7e\x19\x8e\x71\x99\x81\x19\x98'\
    b'\x19\x99\x81\x99\x80\x19\x98\x03\x19\x80\x31\x98\x06\x19\x80\xc1'\
    b'\x98\x18\x19\x81\x81\x98\x18\x19\x80\x01\x98\x10\x19\x81\x81\x98'\
    b'\x18\x19\x80\x01\x98\x00\x19\x80\x01\x9f\xff\xf8\x00\x00\x00\x00'\
    b'\x00\x00\x00\x00\x00\x00\x00\x00\x00\x00\x00\x00\x00\x00\x00\x00'\
    b'\x00\x00\x00\x00\x00\x00\x00\x00\x00\x00\x00\x00\x00\x00\x00\x00'\
    b'\x00\x00\x00\x00\x00\x00\x1f\xff\xf9\x80\x01\x98\x00\x19\x80\x01'\
    b'\x98\x7e\x19\x8e\x71\x99\x81\x19\x98\x19\x99\x81\x99\x80\x19\x98'\
    b'\x03\x19\x80\x31\x98\x06\x19\x80\xc1\x98\x18\x19\x81\x81\x98\x18'\
    b'\x19\x80\x01\x98\x10\x19\x81\x81\x98\x18\x19\x80\x01\x98\x00\x19'\
    b'\x80\x01\x9f\xff\xf8\x00\x00\x00\x00\x00\x00\x00\x00\x00\x00\x00'\
    b'\x00\x00\x00\x00\x00\x00\x00\x00\x00\x00\x00\x00\x00\x00\x00\x00'\
    b'\x00\x00\x00\x00\x00\x00\x00\x00\x00\x00\x00\x00\x00\x00\x00\x1f'\
    b'\xff\xf9\x80\x01\x98\x00\x19\x80\x01\x98\x7e\x19\x8e\x71\x99\x81'\
    b'\x19\x98\x19\x99\x81\x99\x80\x19\x98\x03\x19\x80\x31\x98\x06\x19'\
    b'\x80\xc1\x98\x18\x19\x81\x81\x98\x18\x19\x80\x01\x98\x10\x19\x81'\
    b'\x81\x98\x18\x19\x80\x01\x98\x00\x19\x80\x01\x9f\xff\xf8\x00\x00'\
    b'\x00\x00\x00\x00\x00\x00\x00\x00\x00\x00\x00\x00\x00\x00\x00\x00'\
    b'\x00\x00\x00\x00\x00\x00\x00\x00\x00\x00\x00\x00\x00\x00\x00\x00'\
    b'\x00\x00\x00\x00\x00\x00\x00\x00\x1f\xff\xf9\x80\x01\x98\x00\x19'\
    b'\x80\x01\x98\x7e\x19\x8e\x71\x99\x81\x19\x98\x19\x99\x81\x99\x80'\
    b'\x19\x98\x03\x19\x80\x31\x98\x06\x19\x80\xc1\x98\x18\x19\x81\x81'\
    b'\x98\x18\x19\x80\x01\x98\x10\x19\x81\x81\x98\x18\x19\x80\x01\x98'\
    b'\x00\x19\x80\x01\x9f\xff\xf8\x00\x00\x00\x00\x00\x00\x00\x00\x00'\
    b'\x00\x00\x00\x00\x00\x00\x00\x00\x00\x00\x00\x00\x00\x00\x00\x00'\
    b'\x00\x00\x00\x00\x00\x00\x00\x00\x00\x00\x00\x00\x00\x00\x00\x00'\
    b'\x00\x1f\xff\xf9\x80\x01\x98\x00\x19\x80\x01\x98\x7e\x19\x8e\x71'\
    b'\x99\x81\x19\x98\x19\x99\x81\x99\x80\x19\x98\x03\x19\x80\x31\x98'\
    b'\x06\x19\x80\xc1\x98\x18\x19\x81\x81\x98\x18\x19\x80\x01\x98\x10'\
    b'\x19\x81\x81\x98\x18\x19\x80\x01\x98\x00\x19\x80\x01\x9f\xff\xf8'\
    b'\x00\x00\x00\x00\x00\x00\x00\x00\x00\x00\x00\x00\x00\x00\x00\x00'\
    b'\x00\x00\x00\x00\x00\x00\x00\x00\x00\x00\x00\x00\x00\x00\x00\x00'\
    b'\x00\x00\x00\x00\x00\x00\x00\x00\x00\x00\x1f\xff\xf9\x80\x01\x98'\
    b'\x00\x19\x80\x01\x98\x7e\x19\x8e\x71\x99\x81\x19\x98\x19\x99\x81'\
    b'\x99\x80\x19\x98\x03\x19\x80\x31\x98\x06\x19\x80\xc1\x98\x18\x19'\
    b'\x81\x81\x98\x18\x19\x80\x01\x98\x10\x19\x81\x81\x98\x18\x19\x80'\
    b'\x01\x98\x00\x19\x80\x01\x9f\xff\xf8\x00\x00\x00\x00\x00\x00\x00'\
    b'\x00\x00\x00\x00\x00\x00\x00\x00\x00\x00\x00\x00\x00\x00\x00\x00'\
    b'\x00\x00\x00\x00\x00\x00\x00\x00\x00\x00\x00\x00\x00\x00\x00\x00'\
    b'\x00\x00\x00\x1f\xff\xf9\x80\x01\x98\x00\x19\x80\x01\x98\x7e\x19'\
    b'\x8e\x71\x99\x81\x19\x98\x19\x99\x81\x99\x80\x19\x98\x03\x19\x80'\
    b'\x31\x98\x06\x19\x80\xc1\x98\x18\x19\x81\x81\x98\x18\x19\x80\x01'\
    b'\x98\x10\x19\x81\x81\x98\x18\x19\x80\x01\x98\x00\x19\x80\x01\x9f'\
    b'\xff\xf8\x00\x00\x00\x00\x00\x00\x00\x00\x00\x00\x00\x00\x00\x00'\
    b'\x00\x00\x00\x00\x00\x00\x00\x00\x00\x00\x00\x00\x00\x00\x00\x00'\
    b'\x00\x00\x00\x00\x00\x00\x00\x00\x00\x00\x00\x00\x1f\xff\xf9\x80'\
    b'\x01\x98\x00\x19\x80\x01\x98\x7e\x19\x8e\x71\x99\x81\x19\x98\x19'\
    b'\x99\x81\x99\x80\x19\x98\x03\x19\x80\x31\x98\x06\x19\x80\xc1\x98'\
    b'\x18\x19\x81\x81\x98\x18\x19\x80\x01\x98\x10\x19\x81\x81\x98\x18'\
    b'\x19\x80\x01\x98\x00\x19\x80\x01\x9f\xff\xf8\x00\x00\x00\x00\x00'\
    b'\x00\x00\x00\x00\x00\x00\x00\x00\x00\x00\x00\x00\x00\x00\x00\x00'\
    b'\x00\x00\x00\x00\x00\x00\x00\x00\x00\x00\x00\x00\x00\x00\x00\x00'\
    b'\x00\x00\x00\x00\x00\x1f\xff\xf9\x80\x01\x98\x00\x19\x80\x01\x98'\
    b'\x7e\x19\x8e\x71\x99\x81\x19\x98\x19\x99\x81\x99\x80\x19\x98\x03'\
    b'\x19\x80\x31\x98\x06\x19\x80\xc1\x98\x18\x19\x81\x81\x98\x18\x19'\
    b'\x80\x01\x98\x10\x19\x81\x81\x98\x18\x19\x80\x01\x98\x00\x19\x80'\
    b'\x01\x9f\xff\xf8\x00\x00\x00\x00\x00\x00\x00\x00\x00\x00\x00\x00'\
    b'\x00\x00\x00\x00\x00\x00\x00\x00\x00\x00\x00\x00\x00\x00\x00\x00'\
    b'\x00\x00\x00\x00\x00\x00\x00\x00\x00\x00\x00\x00\x00\x00\x1f\xff'\
    b'\xf9\x80\x01\x98\x00\x19\x80\x01\x98\x7e\x19\x8e\x71\x99\x81\x19'\
    b'\x98\x19\x99\x81\x99\x80\x19\x98\x03\x19\x80\x31\x98\x06\x19\x80'\
    b'\xc1\x98\x18\x19\x81\x81\x98\x18\x19\x80\x01\x98\x10\x19\x81\x81'\
    b'\x98\x18\x19\x80\x01\x98\x00\x19\x80\x01\x9f\xff\xf8\x00\x00\x00'\
    b'\x00\x00\x00\x00\x00\x00\x00\x00\x00\x00\x00\x00\x00\x00\x00\x00'\
    b'\x00\x00\x00\x00\x00\x00\x00\x00\x00\x00\x00\x00\x00\x00\x00\x00'\
    b'\x00\x00\x00\x00\x00\x00\x00\x1f\xff\xf9\x80\x01\x98\x00\x19\x80'\
    b'\x01\x98\x7e\x19\x8e\x71\x99\x81\x19\x98\x19\x99\x81\x99\x80\x19'\
    b'\x98\x03\x19\x80\x31\x98\x06\x19\x80\xc1\x98\x18\x19\x81\x81\x98'\
    b'\x18\x19\x80\x01\x98\x10\x19\x81\x81\x98\x18\x19\x80\x01\x98\x00'\
    b'\x19\x80\x01\x9f\xff\xf8\x00\x00\x00\x00\x00\x00\x00\x00\x00\x00'\
    b'\x00\x00\x00\x00\x00\x00\x00\x00\x00\x00\x00\x00\x00\x00\x00\x00'\
    b'\x00\x00\x00\x00\x00\x00\x00\x00\x00\x00\x00\x00\x00\x00\x00\x00'\
    b'\x1f\xff\xf9\x80\x01\x98\x00\x19\x80\x01\x98\x7e\x19\x8e\x71\x99'\
    b'\x81\x19\x98\x19\x99\x81\x99\x80\x19\x98\x03\x19\x80\x31\x98\x06'\
    b'\x19\x80\xc1\x98\x18\x19\x81\x81\x98\x18\x19\x80\x01\x98\x10\x19'\
    b'\x81\x81\x98\x18\x19\x80\x01\x98\x00\x19\x80\x01\x9f\xff\xf8\x00'\
    b'\x00\x00\x00\x00\x00\x00\x00\x00\x00\x00\x00\x00\x00\x00\x00\x00'\
    b'\x00\x00\x00\x00\x00\x00\x00\x00\x00\x00\x00\x00\x00\x00\x00\x00'\
    b'\x00\x00\x00\x00\x00\x00\x00\x00\x00\x1f\xff\xf9\x80\x01\x98\x00'\
    b'\x19\x80\x01\x98\x7e\x19\x8e\x71\x99\x81\x19\x98\x19\x99\x81\x99'\
    b'\x80\x19\x98\x03\x19\x80\x31\x98\x06\x19\x80\xc1\x98\x18\x19\x81'\
    b'\x81\x98\x18\x19\x80\x01\x98\x10\x19\x81\x81\x98\x18\x19\x80\x01'\
    b'\x98\x00\x19\x80\x01\x9f\xff\xf8\x00\x00\x00\x00\x00\x00\x00\x00'\
    b'\x00\x00\x00\x00\x00\x00\x00\x00\x00\x00\x00\x00\x00\x00\x00\x00'\
    b'\x00\x00\x00\x00\x00\x00\x00\x00\x00\x00\x00\x00\x00\x00\x00\x00'\
    b'\x00\x00\x1f\xff\xf9\x80\x01\x98\x00\x19\x80\x01\x98\x7e\x19\x8e'\
    b'\x71\x99\x81\x19\x98\x19\x99\x81\x99\x80\x19\x98\x03\x19\x80\x31'\
    b'\x98\x06\x19\x80\xc1\x98\x18\x19\x81\x81\x98\x18\x19\x80\x01\x98'\
    b'\x10\x19\x81\x81\x98\x18\x19\x80\x01\x98\x00\x19\x80\x01\x9f\xff'\
    b'\xf8\x00\x00\x00\x00\x00\x00\x00\x00\x00\x00\x00\x00\x00\x00\x00'\
    b'\x00\x00\x00\x00\x00\x00\x00\x00\x00\x00\x00\x00\x00\x00\x00\x00'\
    b'\x00\x00\x00\x00\x00\x00\x00\x00\x00\x00\x00\x1f\xff\xf9\x80\x01'\
    b'\x98\x00\x19\x80\x01\x98\x7e\x19\x8e\x71\x99\x81\x19\x98\x19\x99'\
    b'\x81\x99\x80\x19\x98\x03\x19\x80\x31\x98\x06\x19\x80\xc1\x98\x18'\
    b'\x19\x81\x81\x98\x18\x19\x80\x01\x98\x10\x19\x81\x81\x98\x18\x19'\
    b'\x80\x01\x98\x00\x19\x80\x01\x9f\xff\xf8\x00\x00\x00\x00\x00\x00'\
    b'\x00\x00\x00\x00\x00\x00\x00\x00\x00\x00\x00\x00\x00\x00\x00\x00'\
    b'\x00\x00\x00\x00\x00\x00\x00\x00\x00\x00\x00\x00\x00\x00\x00\x00'\
    b'\x00\x00\x00\x00\x1f\xff\xf9\x80\x01\x98\x00\x19\x80\x01\x98\x7e'\
    b'\x19\x8e\x71\x99\x81\x19\x98\x19\x99\x81\x99\x80\x19\x98\x03\x19'\
    b'\x80\x31\x98\x06\x19\x80\xc1\x98\x18\x19\x81\x81\x98\x18\x19\x80'\
    b'\x01\x98\x10\x19\x81\x81\x98\x18\x19\x80\x01\x98\x00\x19\x80\x01'\
    b'\x9f\xff\xf8\x00\x00\x00\x00\x00\x00\x00\x00\x00\x00\x00\x00\x00'\
    b'\x00\x00\x00\x00\x00\x00\x00\x00\x00\x00\x00\x00\x00\x00\x00\x00'\
    b'\x00\x00\x00\x00\x00\x00\x00\x00\x00\x00\x00\x00\x00\x1f\xff\xf9'\
    b'\x80\x01\x98\x00\x19\x80\x01\x98\x7e\x19\x8e\x71\x99\x81\x19\x98'\
    b'\x19\x99\x81\x99\x80\x19\x98\x03\x19\x80\x31\x98\x06\x19\x80\xc1'\
    b'\x98\x18\x19\x81\x81\x98\x18\x19\x80\x01\x98\x10\x19\x81\x81\x98'\
    b'\x18\x19\x80\x01\x98\x00\x19\x80\x01\x9f\xff\xf8\x00\x00\x00\x00'\
    b'\x00\x00\x00\x00\x00\x00\x00\x00\x00\x00\x00\x00\x00\x00\x00\x00'\
    b'\x00\x00\x00\x00\x00\x00\x00\x00\x00\x00\x00\x00\x00\x00\x00\x00'\
    b'\x00\x00\x00\x00\x00\x00\x1f\xff\xf9\x80\x01\x98\x00\x19\x80\x01'\
    b'\x98\x7e\x19\x8e\x71\x99\x81\x19\x98\x19\x99\x81\x99\x80\x19\x98'\
    b'\x03\x19\x80\x31\x98\x06\x19\x80\xc1\x98\x18\x19\x81\x81\x98\x18'\
    b'\x19\x80\x01\x98\x10\x19\x81\x81\x98\x18\x19\x80\x01\x98\x00\x19'\
    b'\x80\x01\x9f\xff\xf8\x00\x00\x00\x00\x00\x00\x00\x00\x00\x00\x00'\
    b'\x00\x00\x00\x00\x00\x00\x00\x00\x00\x00\x00\x00\x00\x00\x00\x00'\
    b'\x00\x00\x00\x00\x00\x00\x00\x00\x00\x00\x00\x00\x00\x00\x00\x1f'\
    b'\xff\xf9\x80\x01\x98\x00\x19\x80\x01\x98\x7e\x19\x8e\x71\x99\x81'\
    b'\x19\x98\x19\x99\x81\x99\x80\x19\x98\x03\x19\x80\x31\x98\x06\x19'\
    b'\x80\xc1\x98\x18\x19\x81\x81\x98\x18\x19\x80\x01\x98\x10\x19\x81'\
    b'\x81\x98\x18\x19\x80\x01\x98\x00\x19\x80\x01\x9f\xff\xf8\x00\x00'\
    b'\x00\x00\x00\x00\x00\x00\x00\x00\x00\x00\x00\x00\x00\x00\x00\x00'\
    b'\x00\x00\x00\x00\x00\x00\x00\x00\x00\x00\x00\x00\x00\x00\x00\x00'\
    b'\x00\x00\x00\x00\x00\x00\x00\x00\x1f\xff\xf9\x80\x01\x98\x00\x19'\
    b'\x80\x01\x98\x7e\x19\x8e\x71\x99\x81\x19\x98\x19\x99\x81\x99\x80'\
    b'\x19\x98\x03\x19\x80\x31\x98\x06\x19\x80\xc1\x98\x18\x19\x81\x81'\
    b'\x98\x18\x19\x80\x01\x98\x10\x19\x81\x81\x98\x18\x19\x80\x01\x98'\
    b'\x00\x19\x80\x01\x9f\xff\xf8\x00\x00\x00\x00\x00\x00\x00\x00\x00'\
    b'\x00\x00\x00\x00\x00\x00\x00\x00\x00\x00\x00\x00\x00\x00\x00\x00'\
    b'\x00\x00\x00\x00\x00\x00\x00\x00\x00\x00\x00\x00\x00\x00\x00\x00'\
    b'\x00\x1f\xff\xf9\x80\x01\x98\x00\x19\x80\x01\x98\x7e\x19\x8e\x71'\
    b'\x99\x81\x19\x98\x19\x99\x81\x99\x80\x19\x98\x03\x19\x80\x31\x98'\
    b'\x06\x19\x80\xc1\x98\x18\x19\x81\x81\x98\x18\x19\x80\x01\x98\x10'\
    b'\x19\x81\x81\x98\x18\x19\x80\x01\x98\x00\x19\x80\x01\x9f\xff\xf8'\
    b'\x00\x00\x00\x00\x00\x00\x00\x00\x00\x00\x00\x00\x00\x00\x00\x00'\
    b'\x00\x00\x00\x00\x00\x00\x00\x00\x00\x00\x00\x00\x00\x00\x00\x00'\
    b'\x00\x00\x00\x00\x00\x00\x00\x00\x00\x00\x1f\xff\xf9\x80\x01\x98'\
    b'\x00\x19\x80\x01\x98\x7e\x19\x8e\x71\x99\x81\x19\x98\x19\x99\x81'\
    b'\x99\x80\x19\x98\x03\x19\x80\x31\x98\x06\x19\x80\xc1\x98\x18\x19'\
    b'\x81\x81\x98\x18\x19\x80\x01\x98\x10\x19\x81\x81\x98\x18\x19\x80'\
    b'\x01\x98\x00\x19\x80\x01\x9f\xff\xf8\x00\x00\x00\x00\x00\x00\x00'\
    b'\x00\x00\x00\x00\x00\x00\x00\x00\x00\x00\x00\x00\x00\x00\x00\x00'\
    b'\x00\x00\x00\x00\x00\x00\x00\x00\x00\x00\x00\x00\x00\x00\x00\x00'\
    b'\x00\x00\x00\x1f\xff\xf9\x80\x01\x98\x00\x19\x80\x01\x98\x7e\x19'\
    b'\x8e\x71\x99\x81\x19\x98\x19\x99\x81\x99\x80\x19\x98\x03\x19\x80'\
    b'\x31\x98\x06\x19\x80\xc1\x98\x18\x19\x81\x81\x98\x18\x19\x80\x01'\
    b'\x98\x10\x19\x81\x81\x98\x18\x19\x80\x01\x98\x00\x19\x80\x01\x9f'\
    b'\xff\xf8\x00\x00\x00\x00\x00\x00\x00\x00\x00\x00\x00\x00\x00\x00'\
    b'\x00\x00\x00\x00\x00\x00\x00\x00\x00\x00\x00\x00\x00\x00\x00\x00'\
    b'\x00\x00\x00\x00\x00\x00\x00\x00\x00\x00\x00\x00\x1f\xff\xf9\x80'\
    b'\x01\x98\x00\x19\x80\x01\x98\x7e\x19\x8e\x71\x99\x81\x19\x98\x19'\
    b'\x99\x81\x99\x80\x19\x98\x03\x19\x80\x31\x98\x06\x19\x80\xc1\x98'\
    b'\x18\x19\x81\x81\x98\x18\x19\x80\x01\x98\x10\x19\x81\x81\x98\x18'\
    b'\x19\x80\x01\x98\x00\x19\x80\x01\x9f\xff\xf8\x00\x00\x00\x00\x00'\
    b'\x00\x00\x00\x00\x00\x00\x00\x00\x00\x00\x00\x00\x00\x00\x00\x00'\
    b'\x00\x00\x00\x00\x00\x00\x00\x00\x00\x00\x00\x00\x00\x00\x00\x00'\
    b'\x00\x00\x00\x00\x00\x1f\xff\xf9\x80\x01\x98\x00\x19\x80\x01\x98'\
    b'\x7e\x19\x8e\x71\x99\x81\x19\x98\x19\x99\x81\x99\x80\x19\x98\x03'\
    b'\x19\x80\x31\x98\x06\x19\x80\xc1\x98\x18\x19\x81\x81\x98\x18\x19'\
    b'\x80\x01\x98\x10\x19\x81\x81\x98\x18\x19\x80\x01\x98\x00\x19\x80'\
    b'\x01\x9f\xff\xf8\x00\x00\x00\x00\x00\x00\x00\x00\x00\x00\x00\x00'\
    b'\x00\x00\x00\x00\x00\x00\x00\x00\x00\x00\x00\x00\x00\x00\x00\x00'\
    b'\x00\x00\x00\x00\x00\x00\x00\x00\x00\x00\x00\x00\x00\x00\x1f\xff'\
    b'\xf9\x80\x01\x98\x00\x19\x80\x01\x98\x7e\x19\x8e\x71\x99\x81\x19'\
    b'\x98\x19\x99\x81\x99\x80\x19\x98\x03\x19\x80\x31\x98\x06\x19\x80'\
    b'\xc1\x98\x18\x19\x81\x81\x98\x18\x19\x80\x01\x98\x10\x19\x81\x81'\
    b'\x98\x18\x19\x80\x01\x98\x00\x19\x80\x01\x9f\xff\xf8\x00\x00\x00'\
    b'\x00\x00\x00\x00\x00\x00\x00\x00\x00\x00\x00\x00\x00\x00\x00\x00'\
    b'\x00\x00\x00\x00\x00\x00\x00\x00\x00\x00\x00\x00\x00\x00\x00\x00'\
    b'\x00\x00\x00\x00\x00\x00\x00\x1f\xff\xf9\x80\x01\x98\x00\x19\x80'\
    b'\x01\x98\x7e\x19\x8e\x71\x99\x81\x19\x98\x19\x99\x81\x99\x80\x19'\
    b'\x98\x03\x19\x80\x31\x98\x06\x19\x80\xc1\x98\x18\x19\x81\x81\x98'\
    b'\x18\x19\x80\x01\x98\x10\x19\x81\x81\x98\x18\x19\x80\x01\x98\x00'\
    b'\x19\x80\x01\x9f\xff\xf8\x00\x00\x00\x00\x00\x00\x00\x00\x00\x00'\
    b'\x00\x00\x00\x00\x00\x00\x00\x00\x00\x00\x00\x00\x00\x00\x00\x00'\
    b'\x00\x00\x00\x00\x00\x00\x00\x00\x00\x00\x00\x00\x00\x00\x00\x00'\
    b'\x00\x00\x00\x00\x00\x00\x00\x00\x00\x00\x00\x00\x00\x00\x00\x00'\
    b'\x00\x00\x00\x00\x00\x00\x00\x00\x00\x00\x00\x00\x00\x00\x00\x00'\
    b'\x00\x00\x00\x00\x00\x00\x00\x00\x00\x0c\x1c\x0c\x00\x00\x08\x0c'\
    b'\x0c\x0c\x0c\x0c\x0c\x0c\x0c\x0c\x0c\x0c\x0c\x0c\x0c\x0c\x0c\x0c'\
    b'\x0c\x0c\x0c\x00\x00\x00\x00\x00\x00\x00\x00\x00\x00\x00\x00\x00'\
    b'\x00\x00\x00\x00\x00\x00\x00\x00\x00\x00\x00\x00\x00\x00\x00\x00'\
    b'\x00\x20\x00\x0c\x00\x01\x80\x00\x60\x01\xfc\x00\xff\xc0\x38\x7c'\
    b'\x06\x0c\xc1\x81\x08\x70\x60\x0c\x0c\x01\x83\x00\x30\x60\x06\x0c'\
    b'\x00\xc3\x00\x18\x60\x01\x88\x00\x33\x00\x03\x60\x40\x78\x1c\x03'\
    b'\xff\x00\x7f\x80\x18\x00\x03\x00\x00\x60\x00\x00\x00\x00\x00\x00'\
    b'\x00\x00\x00\x00\x00\x00\x00\x00\x00\x00\x00\x00\x00\x00\x00\x00'\
    b'\x00\x00\x00\x00\x00\x00\x00\x00\x00\x0f\x80\x1f\xe0\x30\x70\x60'\
    b'\x30\x60\x00\x60\x00\x60\x00\x60\x00\x60\x00\x60\x00\x60\x00\x30'\
    b'\x00\x30\x01\xff\xc0\xff\xc0\x30\x00\x30\x00\x30\x00\x30\x00\x30'\
    b'\x00\x30\x00\x70\x0c\x60\x0c\x7f\xf8\x7f\xf8\x00\x00\x00\x00\x00'\
    b'\x00\x00\x00\x00\x00\x00\x00\x00\x00\x00\x00\x00\x00\x00\x00\x00'\
    b'\x00\x00\x00\x00\x00\x00\x00\x00\x00\x00\x00\x00\x00\x00\x00\x00'\
    b'\x00\x00\x00\x00\x00\x00\x00\x00\x01\xdf\x71\xff\xc1\xc7\x03\x07'\
    b'\x0e\x06\x1c\x0c\x30\x18\x70\x30\x60\xe0\xe3\x81\xff\x8f\xfb\x88'\
    b'\x03\x00\x00\x00\x00\x00\x00\x00\x00\x00\x00\x00\x00\x00\x00\x00'\
    b'\x00\x00\x00\x00\x00\x00\x00\x00\x00\x00\x00\x00\x00\x00\x00\x00'\
    b'\x00\x00\x00\x00\x00\x00\x00\x00\x00\x00\x00\x00\x00\x00\x00\x00'\
    b'\xc0\x00\x3e\x00\x03\x60\x00\x63\x00\x06\x30\x00\xc1\x80\x18\x1c'\
    b'\x01\x80\xc0\x30\x06\x07\x00\x60\x60\x03\x0c\x00\x18\xc0\x01\x98'\
    b'\x00\x0f\x80\x0f\xff\x00\xff\xf0\x00\x60\x00\xff\xf0\x0f\xff\x00'\
    b'\x06\x00\x00\x60\x00\x06\x00\x00\x60\x00\x06\x00\x00\x60\x00\x00'\
    b'\x00\x00\x00\x00\x00\x00\x00\x00\x00\x00\x00\x00\x00\x00\x00\x00'\
    b'\x00\x00\x00\x00\x00\x00\x00\x00\x40\xc1\x83\x06\x0c\x18\x30\x60'\
    b'\xc1\x83\x06\x08\x00\x00\x00\x00\x00\x00\x00\x10\x30\x60\xc1\x83'\
    b'\x06\x0c\x18\x30\x60\xc1\x82\x00\x00\x00\x00\x00\x00\x00\x00\x00'\
    b'\x00\x00\x00\x00\x00\x00\x00\x00\x03\xe0\x1f\xf0\x70\x60\xc0\x63'\
    b'\x80\xc6\x00\xcc\x01\x1c\x00\x18\x00\x38\x00\x3f\x00\x3f\x80\xe3'\
    b'\x83\x01\x86\x03\x18\x03\x30\x06\x60\x0c\x60\x30\xc0\x60\xe3\x80'\
    b'\xfe\x00\xfe\x00\x0c\x00\x0c\x00\x18\xc0\x19\x80\x31\x80\xc3\x01'\
    b'\x87\x06\x07\xf8\x03\xe0\x00\x00\x00\x00\x00\x00\x00\x00\x00\x00'\
    b'\x00\x00\x00\x00\x00\x00\x00\x00\x00\x00\x00\x61\x81\xc3\x81\x86'\
    b'\x00\x00\x00\x00\x00\x00\x00\x00\x00\x00\x00\x00\x00\x00\x00\x00'\
    b'\x00\x00\x00\x00\x00\x00\x00\x00\x00\x00\x00\x00\x00\x00\x00\x00'\
    b'\x00\x00\x00\x00\x00\x00\x00\x00\x00\x00\x00\x00\x00\x00\x00\x00'\
    b'\x00\x00\x00\x00\x00\x00\x00\x00\x00\x00\x00\x00\x00\x00\x00\x00'\
    b'\x00\x00\x00\x00\x00\x00\x00\x00\x00\x00\x00\x00\x00\x00\x00\x00'\
    b'\x00\x7c\x00\x00\x7f\xf0\x00\x1e\x07\x80\x07\x00\x38\x01\x80\x01'\
    b'\x80\x60\xfc\x18\x18\x7f\xc1\x83\x1c\x1e\x30\xc7\x00\xc3\x18\xc0'\
    b'\x00\x63\x38\x00\x0c\x46\x00\x00\x98\xc0\x00\x13\x18\x00\x02\x63'\
    b'\x00\x00\x44\x30\x00\x18\xc6\x00\x03\x18\xe0\x10\x61\x8e\x07\x18'\
    b'\x30\xff\xc3\x03\x07\xe0\xc0\x70\x00\x30\x07\x00\x0e\x00\x78\x07'\
    b'\x00\x03\xff\xc0\x00\x1f\xe0\x00\x00\x00\x00\x00\x00\x00\x00\x00'\
    b'\x00\x00\x00\x00\x00\x00\x00\x00\x00\x00\x00\x00\x00\x00\x00\x00'\
    b'\x00\x00\x00\x00\x00\x00\x00\x00\x00\x00\x00\x00\x00\x00\x00\x00'\
    b'\x00\x00\x00\x00\xf8\x07\xfc\x1c\x18\x30\x18\x40\x31\x80\x33\x00'\
    b'\x66\x00\xc6\x03\x8c\x07\x0c\x3e\x0f\xec\x0f\x10\x00\x00\x00\x00'\
    b'\x00\x00\x00\x00\x00\x00\x00\x00\x00\x00\x00\x00\x00\x00\x00\x00'\
    b'\x00\x00\x00\x00\x00\x00\x00\x00\x00\x00\x00\x00\x00\x00\x00\x00'\
    b'\x00\x00\x00\x00\x00\x00\x00\x00\x00\x00\x00\x00\x00\x00\x00\x00'\
    b'\x00\x00\x00\x00\x00\x00\x00\x00\x00\x00\x00\x00\x00\x00\x00\x01'\
    b'\x83\x03\x0e\x0e\x18\x18\x70\x70\xc0\xc1\x83\x86\x06\x0c\x1c\x30'\
    b'\x38\x60\x30\xe0\x70\xc0\x61\xc0\xe1\x80\xc3\x81\xc3\x01\x87\x03'\
    b'\x06\x00\x00\x00\x00\x00\x00\x00\x00\x00\x00\x00\x00\x00\x00\x00'\
    b'\x00\x00\x00\x00\x00\x00\x00\x00\x00\x00\x00\x00\x00\x00\x00\x00'\
    b'\x00\x00\x00\x00\x00\x00\x00\x00\x00\x00\x00\x00\x00\x00\x00\x00'\
    b'\x00\x00\x00\x00\x7f\xff\x0f\xff\xc0\x00\x30\x00\x0c\x00\x03\x00'\
    b'\x00\xc0\x00\x30\x00\x00\x00\x00\x00\x00\x00\x00\x00\x00\x00\x00'\
    b'\x00\x00\x00\x00\x00\x00\x00\x00\x00\x00\x00\x00\x00\x00\x00\x00'\
    b'\x00\x00\x00\x00\x00\x00\x00\x00\x00\x00\x00\x00\x00\x00\x00\x00'\
    b'\x00\x00\x00\x00\x00\x00\x00\x00\x00\x00\x00\x00\x00\x00\x00\x00'\
    b'\x00\x00\x00\x00\x00\x00\x00\x00\x00\x00\x00\x00\x00\x00\x00\x00'\
    b'\x00\x00\x00\x00\x00\x07\xfe\x3f\xf0\x00\x00\x00\x00\x00\x00\x00'\
    b'\x00\x00\x00\x00\x00\x00\x00\x00\x00\x00\x00\x00\x00\x00\x00\x00'\
    b'\x00\x00\x00\x00\x00\x00\x00\x00\x00\x00\x00\x00\x00\x00\x00\x00'\
    b'\x00\x00\x00\x00\x00\x00\x00\x00\x00\x00\x00\x00\x00\x00\x00\x7c'\
    b'\x00\x00\x7f\xf0\x00\x1e\x07\x80\x07\x00\x38\x01\x80\x01\x80\x63'\
    b'\xfc\x18\x18\x7f\xc1\x83\x0c\x1c\x30\xc1\x81\x83\x18\x30\x10\x63'\
    b'\x06\x02\x0c\x40\xc0\xc0\x98\x18\x38\x13\x03\xfe\x02\x60\x7f\x00'\
    b'\x44\x0c\x30\x18\xc1\x86\x03\x18\x30\x60\x61\x86\x06\x18\x30\xc0'\
    b'\xc3\x03\x18\x0c\xc0\x70\x00\x30\x07\x00\x0e\x00\x78\x07\x00\x03'\
    b'\xff\xc0\x00\x1f\xe0\x00\x00\x00\x00\x00\x00\x00\x00\x00\x00\x00'\
    b'\x00\x00\x00\x00\x00\x00\x00\x00\x00\x00\x00\x00\x00\x00\x00\x00'\
    b'\x00\x00\x00\x00\x00\x00\x00\x00\x00\x00\x00\x00\x00\x00\x00\x00'\
    b'\x00\x00\x00\x00\x00\x00\x00\x00\x00\x03\xff\x00\xff\xc0\x00\x00'\
    b'\x00\x00\x00\x00\x00\x00\x00\x00\x00\x00\x00\x00\x00\x00\x00\x00'\
    b'\x00\x00\x00\x00\x00\x00\x00\x00\x00\x00\x00\x00\x00\x00\x00\x00'\
    b'\x00\x00\x00\x00\x00\x00\x00\x00\x00\x00\x00\x00\x00\x00\x00\x00'\
    b'\x00\x00\x00\x00\x00\x00\x00\x00\x00\x00\x00\x00\x00\x00\x00\x00'\
    b'\x00\x00\x00\x00\x00\x00\x00\x00\x00\x00\x00\x00\x00\x00\x07\x80'\
    b'\x1f\xc0\x71\xc1\x80\xc3\x01\x8c\x01\x18\x03\x30\x06\x30\x18\x60'\
    b'\x30\x60\xc0\xff\x00\x7c\x00\x00\x00\x00\x00\x00\x00\x00\x00\x00'\
    b'\x00\x00\x00\x00\x00\x00\x00\x00\x00\x00\x00\x00\x00\x00\x00\x00'\
    b'\x00\x00\x00\x00\x00\x00\x00\x00\x00\x00\x00\x00\x00\x00\x00\x00'\
    b'\x00\x00\x00\x00\x00\x00\x00\x00\x00\x00\x00\x00\x00\x00\x00\x00'\
    b'\x00\x00\x00\x00\x00\x00\x00\x00\x00\x00\x00\x00\x00\x00\x30\x00'\
    b'\x0c\x00\x03\x00\x00\xc0\x00\x30\x00\x0c\x01\xff\xfc\x7f\xff\x00'\
    b'\x30\x00\x0c\x00\x03\x00\x00\xc0\x00\x30\x00\x0c\x00\x03\x00\x00'\
    b'\x00\x00\x00\x00\x00\x01\xff\xfc\x7f\xff\x00\x00\x00\x00\x00\x00'\
    b'\x00\x00\x00\x00\x00\x00\x00\x00\x00\x00\x00\x00\x00\x00\x00\x00'\
    b'\x00\x00\x00\x00\x00\x00\x00\x00\x00\x78\x3f\x86\x31\x83\x10\x60'\
    b'\x18\x06\x01\x80\x60\x0c\x03\x00\xff\x1f\xe0\x00\x00\x00\x00\x00'\
    b'\x00\x00\x00\x00\x00\x00\x00\x00\x00\x00\x00\x00\x00\x00\x00\x00'\
    b'\x00\x00\x00\x00\x00\x00\x00\x00\x00\x00\x00\x00\x00\x00\x00\x00'\
    b'\x00\x00\x03\xe0\xfe\x30\xc2\x18\x0e\x01\xc0\x0c\x20\x8c\x18\xc6'\
    b'\x1f\xc1\xf0\x00\x00\x00\x00\x00\x00\x00\x00\x00\x00\x00\x00\x00'\
    b'\x00\x00\x00\x00\x00\x00\x00\x00\x00\x00\x00\x00\x00\x00\x00\x00'\
    b'\x00\x00\x00\x00\x00\x00\x00\x00\x00\x00\x0c\x0e\x0e\x0e\x0e\x06'\
    b'\x00\x00\x00\x00\x00\x00\x00\x00\x00\x00\x00\x00\x00\x00\x00\x00'\
    b'\x00\x00\x00\x00\x00\x00\x00\x00\x00\x00\x00\x00\x00\x00\x00\x00'\
    b'\x00\x00\x00\x00\x00\x00\x00\x00\x00\x00\x00\x00\x00\x00\x00\x00'\
    b'\x00\x00\x00\x00\x00\x00\x00\x00\x00\x00\x00\x00\x00\x00\x00\x00'\
    b'\x00\x00\x00\x00\x00\x00\x00\x00\x00\x00\x00\x10\x00\x60\x40\x01'\
    b'\x81\x00\x06\x04\x00\x18\x10\x00\x60\x40\x01\x81\x00\x06\x04\x00'\
    b'\x18\x10\x00\x60\x40\x01\x81\x80\x06\x06\x00\x18\x18\x00\xe0\x70'\
    b'\x03\x81\xc0\x1e\x05\xc0\xd8\x13\xfe\x60\x43\xf1\x81\x00\x00\x04'\
    b'\x00\x00\x10\x00\x00\x40\x00\x01\x00\x00\x04\x00\x00\x10\x00\x00'\
    b'\x40\x00\x00\x00\x00\x00\x00\x00\x00\x00\x00\x00\x00\x00\x00\x00'\
    b'\x00\x00\x00\x00\x00\x00\x00\x1f\xfc\x0f\xff\x07\xf1\x83\xfc\x60'\
    b'\xff\x18\x7f\xc6\x1f\xf1\x83\xfc\x60\xff\x18\x3f\xc6\x07\xf1\x80'\
    b'\x7c\x60\x03\x18\x00\xc6\x00\x31\x80\x0c\x60\x03\x18\x00\xc6\x00'\
    b'\x31\x80\x0c\x60\x03\x18\x00\xc6\x00\x31\x80\x0c\x60\x03\x18\x00'\
    b'\x00\x00\x00\x00\x00\x00\x00\x00\x00\x00\x00\x00\x00\x00\x00\x00'\
    b'\x00\x00\x00\x00\x00\x00\x00\x00\x00\x00\x00\x00\x00\x00\x00\x00'\
    b'\x31\xe3\x00\x00\x00\x00\x00\x00\x00\x00\x00\x00\x00\x00\x00\x00'\
    b'\x00\x00\x00\x00\x00\x00\x00\x00\x00\x00\x00\x00\x00\x00\x00\x00'\
    b'\x00\x00\x00\x00\x00\x00\x00\x00\x00\x00\x00\x00\x00\x00\x00\x00'\
    b'\x00\x00\x00\x00\x00\x00\x00\x00\x00\x00\x10\x0e\x03\x00\xf0\x0e'\
    b'\x01\x98\xe7\xf0\xf8\x00\x00\x00\x00\x00\x00\x00\x00\x00\x0c\x7c'\
    b'\xec\x0c\x0c\x0c\x0c\x0c\x0c\x0c\x0c\x0c\x0c\x00\x00\x00\x00\x00'\
    b'\x00\x00\x00\x00\x00\x00\x00\x00\x00\x00\x00\x00\x00\x00\x00\x00'\
    b'\x00\x00\x00\x00\x00\x00\x00\x00\x00\x00\x00\x00\x00\x00\x00\x00'\
    b'\x0f\x80\x7f\xc1\xc1\x83\x01\x84\x03\x18\x03\x30\x06\x60\x0c\x60'\
    b'\x30\xc0\x60\xc3\x80\xfe\x00\xf0\x00\x00\x00\x00\x00\x00\x00\x00'\
    b'\x00\x00\x00\x00\x00\x00\x00\x00\x00\x00\x00\x00\x00\x00\x00\x00'\
    b'\x00\x00\x00\x00\x00\x00\x00\x00\x00\x00\x00\x00\x00\x00\x00\x00'\
    b'\x00\x00\x00\x00\x00\x00\x00\x00\x00\x00\x00\x00\x00\x00\x00\x00'\
    b'\x00\x00\x00\x00\x00\x00\x00\x00\x00\x00\x00\x01\x83\x03\x86\x03'\
    b'\x06\x07\x0c\x06\x1c\x0e\x18\x0c\x38\x1c\x30\x18\x70\x30\xe0\xe1'\
    b'\x81\x87\x07\x0c\x0c\x18\x38\x60\x60\xc1\xc3\x03\x06\x00\x00\x00'\
    b'\x00\x00\x00\x00\x00\x00\x00\x00\x00\x00\x00\x00\x00\x00\x00\x00'\
    b'\x00\x00\x00\x00\x00\x00\x00\x00\x00\x00\x00\x00\x00\x00\x00\x00'\
    b'\x00\x00\x00\x00\x00\x00\x00\x00\xc0\x01\x07\xc0\x03\x0e\xc0\x07'\
    b'\x00\xc0\x06\x00\xc0\x0c\x00\xc0\x1c\x00\xc0\x18\x00\xc0\x30\x00'\
    b'\xc0\x70\x00\xc0\x60\x00\xc0\xc0\x00\xc1\xc0\x00\xc1\x81\x00\x03'\
    b'\x03\x80\x07\x07\x80\x06\x0d\x80\x0c\x0d\x80\x1c\x19\x80\x18\x31'\
    b'\x80\x30\x61\x80\x70\x7f\xc0\x60\x7f\xe0\xc0\x01\x81\xc0\x01\x81'\
    b'\x80\x01\x00\x00\x00\x00\x00\x00\x00\x00\x00\x00\x00\x00\x00\x00'\
    b'\x00\x00\x00\x00\x00\x00\x00\x00\x00\x00\x00\x00\x00\x00\x00\x00'\
    b'\x00\x00\x00\x00\x00\x00\x00\x00\x00\x00\x00\x00\x00\x00\x00\x00'\
    b'\x00\x00\x00\x00\x00\x00\xc0\x01\x87\xc0\x01\x8e\xc0\x03\x00\xc0'\
    b'\x06\x00\xc0\x06\x00\xc0\x0c\x00\xc0\x18\x00\xc0\x18\x00\xc0\x30'\
    b'\x00\xc0\x60\x00\xc0\x60\x00\xc0\xc0\x00\xc1\x87\x80\x01\x8f\xe0'\
    b'\x03\x1c\x60\x06\x18\x60\x06\x18\x60\x0c\x00\x60\x18\x00\xc0\x18'\
    b'\x01\x80\x30\x03\x00\x60\x06\x00\x60\x0c\x00\xc0\x1f\xe0\x80\x0f'\
    b'\xf0\x00\x00\x00\x00\x00\x00\x00\x00\x00\x00\x00\x00\x00\x00\x00'\
    b'\x00\x00\x00\x00\x00\x00\x00\x00\x00\x00\x00\x00\x00\x00\x00\x00'\
    b'\x00\x00\x00\x00\x00\x00\x00\x00\x00\x00\x00\x00\x00\x00\x00\x00'\
    b'\x00\x00\x00\x00\x00\x00\x7c\x00\x30\x3f\x80\x1c\x18\x60\x06\x02'\
    b'\x18\x03\x00\x1c\x01\xc0\x07\x00\x60\x00\x60\x30\x02\x08\x1c\x01'\
    b'\x83\x06\x00\x31\x83\x00\x0f\xe1\xc0\x01\xf0\x60\x00\x00\x30\x18'\
    b'\x00\x1c\x0e\x00\x06\x07\x80\x03\x01\xe0\x00\xc0\xd8\x00\x60\x66'\
    b'\x00\x30\x31\x80\x0c\x1c\x60\x06\x07\xfe\x03\x01\xff\x80\xc0\x01'\
    b'\x80\x60\x00\x60\x10\x00\x18\x00\x00\x00\x00\x00\x00\x00\x00\x00'\
    b'\x00\x00\x00\x00\x00\x00\x00\x00\x00\x00\x00\x00\x00\x00\x00\x00'\
    b'\x00\x00\x00\x00\x00\x00\x00\x00\x00\x00\x00\x00\x00\x00\x00\x00'\
    b'\x00\x00\x00\x00\x00\x00\x00\x00\x00\x00\x00\x00\x00\x00\x00\x00'\
    b'\x00\x1c\x00\x07\x00\x01\xc0\x00\x00\x00\x00\x00\x02\x00\x00\xc0'\
    b'\x00\x30\x00\x18\x00\x06\x00\x03\x00\x01\xc0\x00\xe0\x00\x70\x00'\
    b'\x18\x00\x0c\x00\x03\x00\x01\x80\x04\x60\x03\x18\x00\xc6\x00\x30'\
    b'\xc0\x1c\x38\x06\x07\x07\x00\xff\x80\x0f\xc0\x00\x00\x00\x00\x00'\
    b'\x10\x00\x00\x70\x00\x00\x70\x00\x00\x70\x00\x00\x70\x00\x00\x60'\
    b'\x00\x00\x00\x00\x00\x00\x00\x00\x00\x00\x06\x00\x00\x0e\x00\x00'\
    b'\x1c\x00\x00\x78\x00\x00\xd8\x00\x03\x30\x00\x06\x30\x00\x0c\x60'\
    b'\x00\x30\x60\x00\x60\xc0\x01\x81\x80\x03\x01\x80\x0c\x03\x00\x18'\
    b'\x03\x00\x30\x06\x00\xc0\x0e\x01\x80\x0c\x07\xff\xf8\x0f\xff\xf8'\
    b'\x38\x00\x30\x60\x00\x30\xc0\x00\x63\x00\x00\xc6\x00\x00\xc8\x00'\
    b'\x01\x80\x00\x00\x00\x00\x00\x00\x00\x00\x00\x00\x00\x00\x00\x00'\
    b'\x00\x00\x00\x00\x00\x00\x00\x00\x00\x00\x00\x00\x01\x00\x00\x07'\
    b'\x00\x00\x1c\x00\x00\x70\x00\x01\xc0\x00\x03\x00\x00\x00\x00\x00'\
    b'\x00\x00\x00\x18\x00\x00\x38\x00\x00\x70\x00\x01\xe0\x00\x03\x60'\
    b'\x00\x0c\xc0\x00\x18\xc0\x00\x31\x80\x00\xc1\x80\x01\x83\x00\x06'\
    b'\x06\x00\x0c\x06\x00\x30\x0c\x00\x60\x0c\x00\xc0\x18\x03\x00\x38'\
    b'\x06\x00\x30\x1f\xff\xe0\x3f\xff\xe0\xe0\x00\xc1\x80\x00\xc3\x00'\
    b'\x01\x8c\x00\x03\x18\x00\x03\x20\x00\x06\x00\x00\x00\x00\x00\x00'\
    b'\x00\x00\x00\x00\x00\x00\x00\x00\x00\x00\x00\x00\x00\x00\x00\x00'\
    b'\x00\x00\x00\x00\x00\x20\x00\x01\xe0\x00\x07\xf0\x00\x1c\x70\x00'\
    b'\x60\x60\x00\x00\x00\x00\x00\x00\x00\x00\x00\x00\x60\x00\x00\xe0'\
    b'\x00\x01\xc0\x00\x07\x80\x00\x0d\x80\x00\x33\x00\x00\x63\x00\x00'\
    b'\xc6\x00\x03\x06\x00\x06\x0c\x00\x18\x18\x00\x30\x18\x00\xc0\x30'\
    b'\x01\x80\x30\x03\x00\x60\x0c\x00\xe0\x18\x00\xc0\x7f\xff\x80\xff'\
    b'\xff\x83\x80\x03\x06\x00\x03\x0c\x00\x06\x30\x00\x0c\x60\x00\x0c'\
    b'\x80\x00\x18\x00\x00\x00\x00\x00\x00\x00\x00\x00\x00\x00\x00\x00'\
    b'\x00\x00\x00\x00\x00\x00\x00\x00\x00\x00\x00\x00\x00\x00\x00\x00'\
    b'\x0e\x20\x00\x3e\x60\x00\xc7\x80\x01\x86\x00\x00\x00\x00\x00\x00'\
    b'\x00\x00\x00\x00\x01\x80\x00\x03\x80\x00\x07\x00\x00\x1e\x00\x00'\
    b'\x36\x00\x00\xcc\x00\x01\x8c\x00\x03\x18\x00\x0c\x18\x00\x18\x30'\
    b'\x00\x60\x60\x00\xc0\x60\x03\x00\xc0\x06\x00\xc0\x0c\x01\x80\x30'\
    b'\x03\x80\x60\x03\x01\xff\xfe\x03\xff\xfe\x0e\x00\x0c\x18\x00\x0c'\
    b'\x30\x00\x18\xc0\x00\x31\x80\x00\x32\x00\x00\x60\x00\x00\x00\x00'\
    b'\x00\x00\x00\x00\x00\x00\x00\x00\x00\x00\x00\x00\x00\x00\x00\x00'\
    b'\x00\x00\x00\x00\x00\x00\x00\x00\x00\x00\x00\x00\xc3\x80\x03\xc7'\
    b'\x00\x03\x0e\x00\x00\x00\x00\x00\x00\x00\x00\x00\x00\x06\x00\x00'\
    b'\x0e\x00\x00\x1c\x00\x00\x78\x00\x00\xd8\x00\x03\x30\x00\x06\x30'\
    b'\x00\x0c\x60\x00\x30\x60\x00\x60\xc0\x01\x81\x80\x03\x01\x80\x0c'\
    b'\x03\x00\x18\x03\x00\x30\x06\x00\xc0\x0e\x01\x80\x0c\x07\xff\xf8'\
    b'\x0f\xff\xf8\x38\x00\x30\x60\x00\x30\xc0\x00\x63\x00\x00\xc6\x00'\
    b'\x00\xc8\x00\x01\x80\x00\x00\x00\x00\x00\x00\x00\x00\x00\x00\x00'\
    b'\x00\x00\x00\x00\x00\x00\x00\x00\x00\x00\x00\x00\x00\x00\x00\x00'\
    b'\x00\x00\x38\x00\x00\x98\x00\x03\x10\x00\x06\x20\x00\x07\xc0\x00'\
    b'\x07\x00\x00\x00\x00\x00\x18\x00\x00\x38\x00\x00\x70\x00\x01\xe0'\
    b'\x00\x03\x60\x00\x0c\xc0\x00\x18\xc0\x00\x31\x80\x00\xc1\x80\x01'\
    b'\x83\x00\x06\x06\x00\x0c\x06\x00\x30\x0c\x00\x60\x0c\x00\xc0\x18'\
    b'\x03\x00\x38\x06\x00\x30\x1f\xff\xe0\x3f\xff\xe0\xe0\x00\xc1\x80'\
    b'\x00\xc3\x00\x01\x8c\x00\x03\x18\x00\x03\x20\x00\x06\x00\x00\x00'\
    b'\x00\x00\x00\x00\x00\x00\x00\x00\x00\x00\x00\x00\x00\x00\x00\x00'\
    b'\x00\x00\x00\x00\x00\x00\x00\x00\x00\x00\x00\x00\x00\x00\x00\x00'\
    b'\x00\x00\x00\x00\x00\x00\x00\x00\x00\x00\x00\x00\x00\x00\x00\x00'\
    b'\x00\x00\x00\x00\x00\x00\x00\x0f\xff\xc0\x00\x3f\xff\x00\x01\xc0'\
    b'\x00\x00\x07\x00\x00\x00\x3c\x00\x00\x01\xf0\x00\x00\x06\xc0\x00'\
    b'\x00\x33\x00\x00\x00\xcc\x00\x00\x06\x30\x00\x00\x38\xc0\x00\x00'\
    b'\xc3\xff\x00\x06\x0f\xfe\x00\x18\x30\x00\x00\xc0\xc0\x00\x07\x03'\
    b'\x00\x00\x18\x0c\x00\x00\xff\xf0\x00\x03\xff\xc0\x00\x18\x03\x00'\
    b'\x00\x60\x0c\x00\x03\x00\x30\x00\x1c\x00\xc0\x00\x60\x03\xff\xf1'\
    b'\x00\x0f\xff\xc0\x00\x00\x00\x00\x00\x00\x00\x00\x00\x00\x00\x00'\
    b'\x00\x00\x00\x00\x00\x00\x00\x00\x00\x00\x00\x00\x00\x00\x00\x00'\
    b'\x00\x00\x00\x00\x00\x00\x00\x00\x00\x00\x00\x00\x00\x00\x00\x00'\
    b'\x00\x00\x00\x00\x00\x00\x00\x00\x00\x00\x00\x00\x00\x00\x00\xfe'\
    b'\x00\x01\xff\xc0\x03\xc0\x78\x03\x80\x0e\x03\x80\x00\x03\x80\x00'\
    b'\x03\x80\x00\x01\x80\x00\x00\xc0\x00\x00\xc0\x00\x00\x60\x00\x00'\
    b'\x30\x00\x00\x18\x00\x00\x0c\x00\x00\x06\x00\x00\x03\x00\x00\x00'\
    b'\xc0\x00\x00\x60\x00\x00\x38\x00\x00\x0c\x00\x00\x03\x00\x00\x00'\
    b'\xe0\x03\x80\x3c\x07\x80\x0f\xff\x80\x01\xff\x00\x00\x18\x00\x00'\
    b'\x0e\x00\x00\x03\x80\x00\x00\xe0\x00\x00\x30\x00\x07\x18\x00\x01'\
    b'\xf8\x00\x00\x78\x00\x06\x00\x00\x1c\x00\x00\x38\x00\x00\x70\x00'\
    b'\x00\xe0\x00\x01\x80\x00\x00\x00\x00\x00\x00\x00\x00\x01\xff\xff'\
    b'\x87\xff\xfc\x18\x00\x00\x60\x00\x01\x80\x00\x06\x00\x00\x18\x00'\
    b'\x00\x60\x00\x01\x80\x00\x06\x00\x00\x18\x00\x00\x7f\xfc\x01\xff'\
    b'\xf8\x06\x00\x00\x18\x00\x00\x60\x00\x01\x80\x00\x06\x00\x00\x18'\
    b'\x00\x00\x60\x00\x01\x80\x00\x06\x00\x00\x18\x00\x00\x7f\xff\xc1'\
    b'\xff\xff\x80\x00\x00\x00\x00\x00\x00\x00\x00\x00\x00\x00\x00\x00'\
    b'\x00\x00\x00\x00\x00\x00\x00\x00\x00\x00\x00\x00\x03\x00\x00\x1c'\
    b'\x00\x00\xe0\x00\x03\x00\x00\x38\x00\x00\x40\x00\x00\x00\x00\x00'\
    b'\x00\x1f\xff\xf8\x7f\xff\xc1\x80\x00\x06\x00\x00\x18\x00\x00\x60'\
    b'\x00\x01\x80\x00\x06\x00\x00\x18\x00\x00\x60\x00\x01\x80\x00\x07'\
    b'\xff\xc0\x1f\xff\x80\x60\x00\x01\x80\x00\x06\x00\x00\x18\x00\x00'\
    b'\x60\x00\x01\x80\x00\x06\x00\x00\x18\x00\x00\x60\x00\x01\x80\x00'\
    b'\x07\xff\xfc\x1f\xff\xf8\x00\x00\x00\x00\x00\x00\x00\x00\x00\x00'\
    b'\x00\x00\x00\x00\x00\x00\x00\x00\x00\x00\x00\x00\x00\x00\x00\x01'\
    b'\x00\x00\x0f\x00\x00\x7e\x00\x07\x9e\x00\x18\x18\x00\x00\x00\x00'\
    b'\x00\x00\x00\x00\x01\xff\xff\x87\xff\xfc\x18\x00\x00\x60\x00\x01'\
    b'\x80\x00\x06\x00\x00\x18\x00\x00\x60\x00\x01\x80\x00\x06\x00\x00'\
    b'\x18\x00\x00\x7f\xfc\x01\xff\xf8\x06\x00\x00\x18\x00\x00\x60\x00'\
    b'\x01\x80\x00\x06\x00\x00\x18\x00\x00\x60\x00\x01\x80\x00\x06\x00'\
    b'\x00\x18\x00\x00\x7f\xff\xc1\xff\xff\x80\x00\x00\x00\x00\x00\x00'\
    b'\x00\x00\x00\x00\x00\x00\x00\x00\x00\x00\x00\x00\x00\x00\x00\x00'\
    b'\x00\x00\x00\x00\x00\x00\x00\x00\x0c\x30\x00\x71\xe0\x00\xc3\x00'\
    b'\x00\x00\x00\x00\x00\x00\x00\x00\x1f\xff\xf8\x7f\xff\xc1\x80\x00'\
    b'\x06\x00\x00\x18\x00\x00\x60\x00\x01\x80\x00\x06\x00\x00\x18\x00'\
    b'\x00\x60\x00\x01\x80\x00\x07\xff\xc0\x1f\xff\x80\x60\x00\x01\x80'\
    b'\x00\x06\x00\x00\x18\x00\x00\x60\x00\x01\x80\x00\x06\x00\x00\x18'\
    b'\x00\x00\x60\x00\x01\x80\x00\x07\xff\xfc\x1f\xff\xf8\x00\x00\x00'\
    b'\x00\x00\x00\x00\x00\x00\x00\x00\x00\x00\x00\x00\x00\x00\x00\x00'\
    b'\x00\x00\x03\x01\xc0\x70\x1c\x07\x01\x80\x00\x00\x00\x18\x0c\x06'\
    b'\x03\x01\x80\xc0\x60\x30\x18\x0c\x06\x03\x01\x80\xc0\x60\x30\x18'\
    b'\x0c\x06\x03\x01\x80\xc0\x60\x30\x18\x00\x00\x00\x00\x00\x00\x00'\
    b'\x00\x00\x00\x00\x80\xe0\xc0\xe0\xe0\x60\x00\x00\x0c\x06\x03\x01'\
    b'\x80\xc0\x60\x30\x18\x0c\x06\x03\x01\x80\xc0\x60\x30\x18\x0c\x06'\
    b'\x03\x01\x80\xc0\x60\x30\x18\x0c\x00\x00\x00\x00\x00\x00\x00\x00'\
    b'\x00\x00\x00\x40\x78\x3f\xbc\xfc\x0c\x00\x00\x00\x00\xc0\x30\x0c'\
    b'\x03\x00\xc0\x30\x0c\x03\x00\xc0\x30\x0c\x03\x00\xc0\x30\x0c\x03'\
    b'\x00\xc0\x30\x0c\x03\x00\xc0\x30\x0c\x03\x00\xc0\x00\x00\x00\x00'\
    b'\x00\x00\x00\x00\x00\x00\x00\x00\x00\x06\x1f\xc7\x61\xc0\x00\x00'\
    b'\x00\x0c\x03\x00\xc0\x30\x0c\x03\x00\xc0\x30\x0c\x03\x00\xc0\x30'\
    b'\x0c\x03\x00\xc0\x30\x0c\x03\x00\xc0\x30\x0c\x03\x00\xc0\x30\x0c'\
    b'\x00\x00\x00\x00\x00\x00\x00\x00\x00\x00\x00\x00\x00\x00\x00\x00'\
    b'\x00\x00\x00\x00\x00\x00\x00\x00\x00\x00\x00\x00\x00\x00\x00\x00'\
    b'\x00\x00\x00\x00\x00\x07\xff\x00\x07\xff\xc0\x06\x00\xf0\x06\x00'\
    b'\x38\x06\x00\x1c\x06\x00\x0e\x06\x00\x06\x06\x00\x07\x06\x00\x03'\
    b'\x06\x00\x03\x06\x00\x03\x3f\xf8\x03\x3f\xf8\x03\x06\x00\x03\x06'\
    b'\x00\x03\x06\x00\x03\x06\x00\x03\x06\x00\x07\x06\x00\x06\x06\x00'\
    b'\x0c\x06\x00\x1c\x06\x00\x38\x06\x00\xf0\x07\xff\xc0\x07\xff\x00'\
    b'\x00\x00\x00\x00\x00\x00\x00\x00\x00\x00\x00\x00\x00\x00\x00\x00'\
    b'\x00\x00\x00\x00\x00\x00\x00\x00\x00\x00\x00\x00\x00\x00\x00\x00'\
    b'\xe0\x00\x00\x7e\x30\x00\x31\xfc\x00\x18\x1e\x00\x00\x00\x00\x00'\
    b'\x00\x00\x00\x00\x00\x01\x80\x00\x60\x70\x00\x18\x1e\x00\x06\x07'\
    b'\x80\x01\x81\xb0\x00\x60\x6e\x00\x18\x19\xc0\x06\x06\x30\x01\x81'\
    b'\x86\x00\x60\x60\xc0\x18\x18\x38\x06\x06\x06\x01\x81\x80\xc0\x60'\
    b'\x60\x18\x18\x18\x07\x06\x06\x00\xe1\x81\x80\x18\x60\x60\x03\x18'\
    b'\x18\x00\x66\x06\x00\x1d\x81\x80\x03\x60\x60\x00\x78\x18\x00\x0e'\
    b'\x06\x00\x03\x81\x80\x00\x60\x00\x00\x00\x00\x00\x00\x00\x00\x00'\
    b'\x00\x00\x00\x00\x00\x00\x00\x00\x00\x00\x00\x00\x00\x00\x00\x00'\
    b'\x00\x00\xc0\x00\x00\x07\x00\x00\x00\x1c\x00\x00\x00\x70\x00\x00'\
    b'\x01\xc0\x00\x00\x06\x00\x00\x00\x00\x00\x00\x00\x00\x00\x00\x00'\
    b'\x00\x00\x03\xfc\x00\x00\xff\xf8\x00\x0f\x00\xf0\x00\xe0\x01\xc0'\
    b'\x0c\x00\x07\x00\xc0\x00\x18\x0e\x00\x00\x60\x60\x00\x03\x87\x00'\
    b'\x00\x0c\x30\x00\x00\x61\x80\x00\x03\x0c\x00\x00\x0c\x60\x00\x00'\
    b'\x63\x00\x00\x03\x18\x00\x00\x30\xc0\x00\x01\x87\x00\x00\x0c\x18'\
    b'\x00\x00\xe0\xe0\x00\x06\x03\x00\x00\x60\x0c\x00\x07\x00\x38\x00'\
    b'\x70\x00\xf0\x0f\x00\x03\xff\xe0\x00\x03\xf8\x00\x00\x00\x00\x00'\
    b'\x00\x00\x00\x00\x00\x00\x00\x00\x00\x00\x00\x00\x00\x00\x00\x00'\
    b'\x00\x00\x00\x00\x00\x00\x00\x00\x00\x00\x00\x00\x00\x00\x03\x00'\
    b'\x00\x00\x38\x00\x00\x03\x80\x00\x00\x38\x00\x00\x03\x80\x00\x00'\
    b'\x18\x00\x00\x00\x00\x00\x00\x00\x00\x00\x00\xff\x00\x00\x3f\xfe'\
    b'\x00\x03\xc0\x3c\x00\x38\x00\x70\x03\x00\x01\xc0\x30\x00\x06\x03'\
    b'\x80\x00\x18\x18\x00\x00\xe1\xc0\x00\x03\x0c\x00\x00\x18\x60\x00'\
    b'\x00\xc3\x00\x00\x03\x18\x00\x00\x18\xc0\x00\x00\xc6\x00\x00\x0c'\
    b'\x30\x00\x00\x61\xc0\x00\x03\x06\x00\x00\x38\x38\x00\x01\x80\xc0'\
    b'\x00\x18\x03\x00\x01\xc0\x0e\x00\x1c\x00\x3c\x03\xc0\x00\xff\xf8'\
    b'\x00\x00\xfe\x00\x00\x00\x00\x00\x00\x00\x00\x00\x00\x00\x00\x00'\
    b'\x00\x00\x00\x00\x00\x00\x00\x00\x00\x00\x00\x00\x00\x00\x00\x00'\
    b'\x00\x00\x00\x00\x00\x00\x04\x00\x00\x00\x78\x00\x00\x0f\xe0\x00'\
    b'\x00\xe3\x80\x00\x06\x06\x00\x00\x00\x00\x00\x00\x00\x00\x00\x00'\
    b'\x00\x00\x00\x3f\xc0\x00\x0f\xff\x80\x00\xf0\x0f\x00\x0e\x00\x1c'\
    b'\x00\xc0\x00\x70\x0c\x00\x01\x80\xe0\x00\x06\x06\x00\x00\x38\x70'\
    b'\x00\x00\xc3\x00\x00\x06\x18\x00\x00\x30\xc0\x00\x00\xc6\x00\x00'\
    b'\x06\x30\x00\x00\x31\x80\x00\x03\x0c\x00\x00\x18\x70\x00\x00\xc1'\
    b'\x80\x00\x0e\x0e\x00\x00\x60\x30\x00\x06\x00\xc0\x00\x70\x03\x80'\
    b'\x07\x00\x0f\x00\xf0\x00\x3f\xfe\x00\x00\x3f\x80\x00\x00\x00\x00'\
    b'\x00\x00\x00\x00\x00\x00\x00\x00\x00\x00\x00\x00\x00\x00\x00\x00'\
    b'\x00\x00\x00\x00\x00\x00\x00\x00\x00\x00\x00\x00\x00\x00\x00\x00'\
    b'\x00\x00\x38\x00\x00\x07\xe1\x80\x00\x71\xf8\x00\x03\x07\x80\x00'\
    b'\x00\x00\x00\x00\x00\x00\x00\x00\x00\x00\x00\x0f\xf0\x00\x03\xff'\
    b'\xe0\x00\x3c\x03\xc0\x03\x80\x07\x00\x30\x00\x1c\x03\x00\x00\x60'\
    b'\x38\x00\x01\x81\x80\x00\x0e\x1c\x00\x00\x30\xc0\x00\x01\x86\x00'\
    b'\x00\x0c\x30\x00\x00\x31\x80\x00\x01\x8c\x00\x00\x0c\x60\x00\x00'\
    b'\xc3\x00\x00\x06\x1c\x00\x00\x30\x60\x00\x03\x83\x80\x00\x18\x0c'\
    b'\x00\x01\x80\x30\x00\x1c\x00\xe0\x01\xc0\x03\xc0\x3c\x00\x0f\xff'\
    b'\x80\x00\x0f\xe0\x00\x00\x00\x00\x00\x00\x00\x00\x00\x00\x00\x00'\
    b'\x00\x00\x00\x00\x00\x00\x00\x00\x00\x00\x00\x00\x00\x00\x00\x00'\
    b'\x00\x00\x00\x00\x00\x00\x00\x00\x00\x00\x00\x00\x00\x01\xc3\x00'\
    b'\x00\x0e\x3c\x00\x00\x70\xc0\x00\x00\x00\x00\x00\x00\x00\x00\x00'\
    b'\x00\x00\x00\x03\xfc\x00\x00\xff\xf8\x00\x0f\x00\xf0\x00\xe0\x01'\
    b'\xc0\x0c\x00\x07\x00\xc0\x00\x18\x0e\x00\x00\x60\x60\x00\x03\x87'\
    b'\x00\x00\x0c\x30\x00\x00\x61\x80\x00\x03\x0c\x00\x00\x0c\x60\x00'\
    b'\x00\x63\x00\x00\x03\x18\x00\x00\x30\xc0\x00\x01\x87\x00\x00\x0c'\
    b'\x18\x00\x00\xe0\xe0\x00\x06\x03\x00\x00\x60\x0c\x00\x07\x00\x38'\
    b'\x00\x70\x00\xf0\x0f\x00\x03\xff\xe0\x00\x03\xf8\x00\x00\x00\x00'\
    b'\x00\x00\x00\x00\x00\x00\x00\x00\x00\x00\x00\x00\x00\x00\x00\x00'\
    b'\x00\x00\x00\x00\x00\x00\x00\x00\x00\x00\x00\x00\x00\x00\x00\x00'\
    b'\x00\x00\x00\x00\x00\x00\x00\x00\x00\x00\x00\x00\x00\x00\x00\x00'\
    b'\x00\x00\x00\x00\x00\x00\x00\x00\x60\x08\xe0\x38\xe0\xe0\xe3\x80'\
    b'\xee\x00\xf8\x00\xe0\x03\xe0\x0e\xe0\x38\xe0\xe0\xe3\x80\xe6\x00'\
    b'\x80\x00\x00\x00\x00\x00\x00\x00\x00\x00\x00\x00\x00\x00\x00\x00'\
    b'\x00\x00\x00\x00\x00\x00\x00\x00\x00\x00\x00\x00\x00\x00\x00\x00'\
    b'\x00\x00\x00\x00\x00\x00\x00\x00\x00\x00\x00\x00\x00\x00\x00\x00'\
    b'\x00\x00\x00\x00\x00\x00\x00\x00\x00\x07\xf0\x08\x03\xff\xe1\x80'\
    b'\x78\x07\x30\x0e\x00\x1f\x01\x80\x00\xe0\x30\x00\x1e\x07\x00\x03'\
    b'\x30\x60\x00\xe3\x06\x00\x1c\x18\xc0\x03\x81\x8c\x00\x70\x18\xc0'\
    b'\x0e\x00\x8c\x01\xc0\x0c\xc0\x38\x00\xcc\x07\x00\x18\xc0\xe0\x01'\
    b'\x86\x1c\x00\x18\x63\x80\x03\x87\x70\x00\x30\x3e\x00\x06\x01\xc0'\
    b'\x00\xe0\x3e\x00\x1c\x07\x78\x07\x80\xe3\xff\xe0\x0c\x07\xf8\x00'\
    b'\x00\x00\x00\x00\x00\x00\x00\x00\x00\x00\x00\x00\x00\x00\x00\x00'\
    b'\x00\x00\x00\x00\x00\x00\x00\x00\x00\x00\x00\x00\x03\x00\x00\x00'\
    b'\xe0\x00\x00\x1c\x00\x00\x03\x80\x00\x00\x70\x00\x00\x0c\x00\x00'\
    b'\x00\x00\x00\x00\x00\x00\x00\x00\x00\x18\x00\x04\x06\x00\x01\x01'\
    b'\x80\x00\x40\x60\x00\x10\x18\x00\x04\x06\x00\x01\x01\x80\x00\x40'\
    b'\x60\x00\x10\x18\x00\x04\x06\x00\x01\x01\x80\x00\x40\x60\x00\x10'\
    b'\x18\x00\x04\x06\x00\x01\x01\x80\x00\x40\x60\x00\x10\x18\x00\x04'\
    b'\x06\x00\x03\x01\x80\x00\xc0\x30\x00\x30\x0c\x00\x18\x01\xc0\x0e'\
    b'\x00\x38\x0f\x00\x07\xff\x80\x00\x7f\x00\x00\x00\x00\x00\x00\x00'\
    b'\x00\x00\x00\x00\x00\x00\x00\x00\x00\x00\x00\x00\x00\x00\x00\x00'\
    b'\x00\x00\x00\x00\x00\x00\x00\x00\x00\x18\x00\x00\x0e\x00\x00\x07'\
    b'\x00\x00\x03\x80\x00\x01\xc0\x00\x00\x20\x00\x00\x00\x00\x00\x00'\
    b'\x00\x01\x80\x00\x40\x60\x00\x10\x18\x00\x04\x06\x00\x01\x01\x80'\
    b'\x00\x40\x60\x00\x10\x18\x00\x04\x06\x00\x01\x01\x80\x00\x40\x60'\
    b'\x00\x10\x18\x00\x04\x06\x00\x01\x01\x80\x00\x40\x60\x00\x10\x18'\
    b'\x00\x04\x06\x00\x01\x01\x80\x00\x40\x60\x00\x30\x18\x00\x0c\x03'\
    b'\x00\x03\x00\xc0\x01\x80\x1c\x00\xe0\x03\x80\xf0\x00\x7f\xf8\x00'\
    b'\x07\xf0\x00\x00\x00\x00\x00\x00\x00\x00\x00\x00\x00\x00\x00\x00'\
    b'\x00\x00\x00\x00\x00\x00\x00\x00\x00\x00\x00\x00\x00\x00\x00\x00'\
    b'\x00\x08\x00\x00\x07\x80\x00\x03\xf0\x00\x03\xcf\x00\x00\xc0\xc0'\
    b'\x00\x00\x00\x00\x00\x00\x00\x00\x00\x00\x18\x00\x04\x06\x00\x01'\
    b'\x01\x80\x00\x40\x60\x00\x10\x18\x00\x04\x06\x00\x01\x01\x80\x00'\
    b'\x40\x60\x00\x10\x18\x00\x04\x06\x00\x01\x01\x80\x00\x40\x60\x00'\
    b'\x10\x18\x00\x04\x06\x00\x01\x01\x80\x00\x40\x60\x00\x10\x18\x00'\
    b'\x04\x06\x00\x03\x01\x80\x00\xc0\x30\x00\x30\x0c\x00\x18\x01\xc0'\
    b'\x0e\x00\x38\x0f\x00\x07\xff\x80\x00\x7f\x00\x00\x00\x00\x00\x00'\
    b'\x00\x00\x00\x00\x00\x00\x00\x00\x00\x00\x00\x00\x00\x00\x00\x00'\
    b'\x00\x00\x00\x00\x00\x00\x00\x00\x00\x00\x00\x00\x00\x00\x00\x00'\
    b'\xe1\x80\x00\x38\xf0\x00\x0e\x18\x00\x00\x00\x00\x00\x00\x00\x00'\
    b'\x00\x00\x01\x80\x00\x40\x60\x00\x10\x18\x00\x04\x06\x00\x01\x01'\
    b'\x80\x00\x40\x60\x00\x10\x18\x00\x04\x06\x00\x01\x01\x80\x00\x40'\
    b'\x60\x00\x10\x18\x00\x04\x06\x00\x01\x01\x80\x00\x40\x60\x00\x10'\
    b'\x18\x00\x04\x06\x00\x01\x01\x80\x00\x40\x60\x00\x30\x18\x00\x0c'\
    b'\x03\x00\x03\x00\xc0\x01\x80\x1c\x00\xe0\x03\x80\xf0\x00\x7f\xf8'\
    b'\x00\x07\xf0\x00\x00\x00\x00\x00\x00\x00\x00\x00\x00\x00\x00\x00'\
    b'\x00\x00\x00\x00\x00\x00\x00\x00\x00\x00\x00\x00\x00\x00\x00\x00'\
    b'\x00\x01\x00\x00\x38\x00\x06\x00\x00\xc0\x00\x1c\x00\x01\x80\x00'\
    b'\x00\x00\x00\x00\x30\x00\x0f\x80\x00\xd8\x00\x18\xc0\x01\x8c\x00'\
    b'\x30\x60\x06\x07\x00\x60\x30\x0c\x01\x80\xc0\x18\x18\x00\xc3\x00'\
    b'\x06\x30\x00\x66\x00\x03\xe0\x00\x3c\x00\x01\x80\x00\x18\x00\x01'\
    b'\x80\x00\x18\x00\x01\x80\x00\x18\x00\x01\x80\x00\x18\x00\x01\x80'\
    b'\x00\x18\x00\x00\x00\x00\x00\x00\x00\x00\x00\x00\x00\x00\x00\x00'\
    b'\x00\x00\x00\x00\x00\x00\x00\x00\x00\x00\x00\x00\x00\x00\x00\x00'\
    b'\x00\x00\x00\x00\x00\x00\x00\x00\x00\x00\x00\x00\x0c\x00\x01\x80'\
    b'\x00\x30\x00\x06\x00\x00\xff\xe0\x1f\xff\x03\x00\x70\x60\x06\x0c'\
    b'\x00\x61\x80\x0c\x30\x00\x86\x00\x18\xc0\x02\x18\x00\xc3\x00\x18'\
    b'\x60\x06\x0c\x03\xc1\xff\xe0\x3f\xf0\x06\x00\x00\xc0\x00\x18\x00'\
    b'\x03\x00\x00\x60\x00\x0c\x00\x00\x00\x00\x00\x00\x00\x00\x00\x00'\
    b'\x00\x00\x00\x00\x00\x00\x00\x00\x00\x00\x00\x00\x00\x00\x00\x00'\
    b'\x00\x00\x00\x00\x00\x00\x00\x00\x00\x00\x00\x00\x00\x00\x00\x0f'\
    b'\x80\x0f\xf8\x07\x07\x01\x80\xc0\xc0\x30\x30\x06\x0c\x03\x03\x00'\
    b'\xc0\xc0\x60\x30\x18\x0c\x0c\x03\x06\x00\xc0\x80\x30\x30\x0c\x06'\
    b'\x03\x00\xc0\xc0\x18\x30\x03\x0c\x00\xc3\x00\x10\xc0\x0c\x30\x03'\
    b'\x0c\xc1\xc3\x3f\xe0\xc3\xe0\x00\x00\x00\x00\x00\x00\x00\x00\x00'\
    b'\x00\x00\x00\x00\x00\x00\x00\x00\x00\x00\x00\x00\x00\x00\x00\x00'\
    b'\x00\x00\x00\x00\x00\x00\x00\x00\x00\x00\x00\x00\x00\xc0\x00\x03'\
    b'\x80\x00\x07\x00\x00\x0e\x00\x00\x1c\x00\x00\x30\x00\x00\x00\x00'\
    b'\x00\x00\x00\x00\x00\x00\xfc\x00\x0f\xfc\x00\x70\x38\x03\x00\x70'\
    b'\x18\x00\xe0\x60\x01\x83\x00\x06\x0c\x00\x0c\x30\x00\x30\xc0\x00'\
    b'\xc3\x00\x03\x0c\x00\x1c\x18\x00\x70\x60\x03\xc0\xc0\x1f\x01\xc0'\
    b'\xec\x03\xff\x30\x03\xf0\xc0\x00\x00\x00\x00\x00\x00\x00\x00\x00'\
    b'\x00\x00\x00\x00\x00\x00\x00\x00\x00\x00\x00\x00\x00\x00\x00\x00'\
    b'\x00\x00\x00\x00\x00\x00\x00\x00\x00\x00\x00\x00\x00\x00\x00\x00'\
    b'\x00\x00\x00\x00\x60\x00\x03\x80\x00\x1c\x00\x00\xe0\x00\x07\x00'\
    b'\x00\x08\x00\x00\x00\x00\x00\x00\x00\x0f\xc0\x00\xff\xc0\x07\x03'\
    b'\x80\x30\x07\x01\x80\x0e\x06\x00\x18\x30\x00\x60\xc0\x00\xc3\x00'\
    b'\x03\x0c\x00\x0c\x30\x00\x30\xc0\x01\xc1\x80\x07\x06\x00\x3c\x0c'\
    b'\x01\xf0\x1c\x0e\xc0\x3f\xf3\x00\x3f\x0c\x00\x00\x00\x00\x00\x00'\
    b'\x00\x00\x00\x00\x00\x00\x00\x00\x00\x00\x00\x00\x00\x00\x00\x00'\
    b'\x00\x00\x00\x00\x00\x00\x00\x00\x00\x00\x00\x00\x00\x00\x00\x00'\
    b'\x00\x00\x00\x00\x00\x00\x00\x20\x00\x01\xe0\x00\x0f\xc0\x00\xf3'\
    b'\xc0\x03\x03\x00\x00\x00\x00\x00\x00\x00\x00\x00\x00\xfc\x00\x0f'\
    b'\xfc\x00\x70\x38\x03\x00\x70\x18\x00\xe0\x60\x01\x83\x00\x06\x0c'\
    b'\x00\x0c\x30\x00\x30\xc0\x00\xc3\x00\x03\x0c\x00\x1c\x18\x00\x70'\
    b'\x60\x03\xc0\xc0\x1f\x01\xc0\xec\x03\xff\x30\x03\xf0\xc0\x00\x00'\
    b'\x00\x00\x00\x00\x00\x00\x00\x00\x00\x00\x00\x00\x00\x00\x00\x00'\
    b'\x00\x00\x00\x00\x00\x00\x00\x00\x00\x00\x00\x00\x00\x00\x00\x00'\
    b'\x00\x00\x00\x00\x00\x00\x00\x00\x00\x00\x00\x00\x00\x38\x00\x03'\
    b'\xf8\xc0\x1c\x7e\x00\x60\xf0\x00\x00\x00\x00\x00\x00\x00\x00\x00'\
    b'\x0f\xc0\x00\xff\xc0\x07\x03\x80\x30\x07\x01\x80\x0e\x06\x00\x18'\
    b'\x30\x00\x60\xc0\x00\xc3\x00\x03\x0c\x00\x0c\x30\x00\x30\xc0\x01'\
    b'\xc1\x80\x07\x06\x00\x3c\x0c\x01\xf0\x1c\x0e\xc0\x3f\xf3\x00\x3f'\
    b'\x0c\x00\x00\x00\x00\x00\x00\x00\x00\x00\x00\x00\x00\x00\x00\x00'\
    b'\x00\x00\x00\x00\x00\x00\x00\x00\x00\x00\x00\x00\x00\x00\x00\x00'\
    b'\x00\x00\x00\x00\x00\x00\x00\x00\x00\x00\x00\x00\x00\x00\x00\x00'\
    b'\x00\x00\x00\x38\x60\x00\xe3\xc0\x03\x86\x00\x00\x00\x00\x00\x00'\
    b'\x00\x00\x00\x00\xfc\x00\x0f\xfc\x00\x70\x38\x03\x00\x70\x18\x00'\
    b'\xe0\x60\x01\x83\x00\x06\x0c\x00\x0c\x30\x00\x30\xc0\x00\xc3\x00'\
    b'\x03\x0c\x00\x1c\x18\x00\x70\x60\x03\xc0\xc0\x1f\x01\xc0\xec\x03'\
    b'\xff\x30\x03\xf0\xc0\x00\x00\x00\x00\x00\x00\x00\x00\x00\x00\x00'\
    b'\x00\x00\x00\x00\x00\x00\x00\x00\x00\x00\x00\x00\x00\x00\x00\x00'\
    b'\x00\x00\x00\x00\x00\x00\x00\x00\x00\x00\x00\x00\x00\x00\x00\x00'\
    b'\x00\x00\x00\x00\x1e\x00\x00\xc8\x00\x02\x10\x00\x08\xc0\x00\x3e'\
    b'\x00\x00\x70\x00\x00\x00\x00\x0f\xc0\x00\xff\xc0\x07\x03\x80\x30'\
    b'\x07\x01\x80\x0e\x06\x00\x18\x30\x00\x60\xc0\x00\xc3\x00\x03\x0c'\
    b'\x00\x0c\x30\x00\x30\xc0\x01\xc1\x80\x07\x06\x00\x3c\x0c\x01\xf0'\
    b'\x1c\x0e\xc0\x3f\xf3\x00\x3f\x0c\x00\x00\x00\x00\x00\x00\x00\x00'\
    b'\x00\x00\x00\x00\x00\x00\x00\x00\x00\x00\x00\x00\x00\x00\x00\x00'\
    b'\x00\x00\x00\x00\x00\x00\x00\x00\x00\x00\x00\x00\x00\x00\x00\x00'\
    b'\x00\x00\x00\x00\x00\x00\x00\x00\x00\x00\x00\x00\x00\x00\x00\x00'\
    b'\x00\x00\x00\x00\x00\x00\x00\x00\x00\x00\x00\x00\x00\x00\x00\x00'\
    b'\x00\x00\x00\x00\x00\x00\x00\x00\x00\x00\x00\x00\x00\x00\x00\x00'\
    b'\x00\x00\x00\x00\x00\xfc\x01\xf8\x00\x7f\xe0\x7f\xc0\x1c\x0e\x38'\
    b'\x1c\x06\x00\xe6\x01\xc1\x80\x0f\x80\x18\x30\x00\xf0\x01\x8c\x00'\
    b'\x1c\x00\x31\x80\x01\x80\x06\x30\x00\x3f\xff\xc6\x00\x07\xff\xf8'\
    b'\xc0\x00\xc0\x00\x18\x00\x38\x00\x01\x80\x07\x80\x00\x30\x01\xf0'\
    b'\x00\x03\x00\x7f\x00\x40\x38\x1d\xb8\x1c\x03\xff\x33\xff\x00\x1f'\
    b'\x86\x1f\x00\x00\x00\x00\x00\x00\x00\x00\x00\x00\x00\x00\x00\x00'\
    b'\x00\x00\x00\x00\x00\x00\x00\x00\x00\x00\x00\x00\x00\x00\x00\x00'\
    b'\x00\x00\x00\x00\x00\x00\x00\x00\x00\x00\x00\x00\x00\x00\x00\x00'\
    b'\x00\x00\x00\x00\x00\x00\x00\x00\x00\x00\x00\x00\x00\x00\x00\x00'\
    b'\x00\x00\x00\x00\x00\x00\x00\x00\x00\x00\x00\x00\x07\xe0\x03\xff'\
    b'\x00\xe0\x70\x18\x03\x06\x00\x21\xc0\x00\x30\x00\x06\x00\x00\xc0'\
    b'\x00\x18\x00\x03\x00\x00\x60\x00\x0e\x00\x00\xc0\x00\x0c\x01\x01'\
    b'\xe0\x70\x0f\xfc\x00\xfe\x00\x06\x00\x00\xe0\x00\x1e\x00\x00\xe0'\
    b'\x00\x0c\x00\x63\x80\x0f\xe0\x00\xf8\x00\x00\x00\x00\x00\x00\x00'\
    b'\x00\x00\x00\x00\x00\x00\x00\x00\x00\x00\x03\x00\x00\x70\x00\x07'\
    b'\x00\x00\x70\x00\x07\x00\x00\x60\x00\x00\x00\x00\x00\x00\x00\x00'\
    b'\x1f\x80\x0f\xfc\x03\x81\xc0\xe0\x1c\x18\x01\x87\x00\x18\xc0\x03'\
    b'\x18\x00\x63\xff\xfc\x7f\xff\x8c\x00\x01\x80\x00\x38\x00\x03\x00'\
    b'\x00\x30\x04\x07\x81\xc0\x3f\xf0\x01\xf0\x00\x00\x00\x00\x00\x00'\
    b'\x00\x00\x00\x00\x00\x00\x00\x00\x00\x00\x00\x00\x00\x00\x00\x00'\
    b'\x00\x00\x00\x00\x00\x00\x00\x00\x00\x00\x00\x00\x00\x00\x00\x00'\
    b'\x00\x01\x00\x00\x60\x00\x18\x00\x06\x00\x01\x80\x00\x20\x00\x00'\
    b'\x00\x00\x00\x00\x7e\x00\x3f\xf0\x0e\x07\x03\x80\x70\x60\x06\x1c'\
    b'\x00\x63\x00\x0c\x60\x01\x8f\xff\xf1\xff\xfe\x30\x00\x06\x00\x00'\
    b'\xe0\x00\x0c\x00\x00\xc0\x10\x1e\x07\x00\xff\xc0\x07\xc0\x00\x00'\
    b'\x00\x00\x00\x00\x00\x00\x00\x00\x00\x00\x00\x00\x00\x00\x00\x00'\
    b'\x00\x00\x00\x00\x00\x00\x00\x00\x00\x00\x00\x00\x00\x00\x00\x00'\
    b'\x00\x00\x00\x00\x00\x20\x00\x1e\x00\x07\xe0\x03\xcf\x00\x60\x60'\
    b'\x00\x00\x00\x00\x00\x00\x00\x01\xf8\x00\xff\xc0\x38\x1c\x0e\x01'\
    b'\xc1\x80\x18\x70\x01\x8c\x00\x31\x80\x06\x3f\xff\xc7\xff\xf8\xc0'\
    b'\x00\x18\x00\x03\x80\x00\x30\x00\x03\x00\x40\x78\x1c\x03\xff\x00'\
    b'\x1f\x00\x00\x00\x00\x00\x00\x00\x00\x00\x00\x00\x00\x00\x00\x00'\
    b'\x00\x00\x00\x00\x00\x00\x00\x00\x00\x00\x00\x00\x00\x00\x00\x00'\
    b'\x00\x00\x00\x00\x00\x00\x00\x00\x00\x00\x00\x00\x00\x30\xc0\x0f'\
    b'\x1c\x00\xc3\x80\x00\x00\x00\x00\x00\x00\x00\x07\xe0\x03\xff\x00'\
    b'\xe0\x70\x38\x07\x06\x00\x61\xc0\x06\x30\x00\xc6\x00\x18\xff\xff'\
    b'\x1f\xff\xe3\x00\x00\x60\x00\x0e\x00\x00\xc0\x00\x0c\x01\x01\xe0'\
    b'\x70\x0f\xfc\x00\x7c\x00\x00\x00\x00\x00\x00\x00\x00\x00\x00\x00'\
    b'\x00\x00\x00\x00\x00\x00\x00\x00\x00\x00\x00\x00\x00\x00\x00\x00'\
    b'\x18\x0e\x03\x00\xc0\x30\x08\x00\x00\x00\x00\x80\x40\x20\x10\x08'\
    b'\x04\x02\x01\x00\x80\x40\x20\x10\x08\x04\x02\x01\x00\x80\x40\x00'\
    b'\x00\x00\x00\x00\x00\x00\x00\x00\x00\x00\x00\x00\x00\x00\x00\x00'\
    b'\x00\x06\x07\x07\x07\x07\x03\x00\x00\x00\x20\x10\x08\x04\x02\x01'\
    b'\x00\x80\x40\x20\x10\x08\x04\x02\x01\x00\x80\x40\x20\x10\x00\x00'\
    b'\x00\x00\x00\x00\x00\x00\x00\x00\x00\x00\x00\x00\x00\x00\x00\x00'\
    b'\x00\x0c\x0f\x9e\xec\x18\x00\x00\x00\x08\x04\x02\x01\x00\x80\x40'\
    b'\x20\x10\x08\x04\x02\x01\x00\x80\x40\x20\x10\x08\x04\x00\x00\x00'\
    b'\x00\x00\x00\x00\x00\x00\x00\x00\x00\x00\x00\x00\x00\x00\x00\x00'\
    b'\x1c\x7e\x3f\x1c\x00\x00\x00\x00\x02\x01\x00\x80\x40\x20\x10\x08'\
    b'\x04\x02\x01\x00\x80\x40\x20\x10\x08\x04\x02\x01\x00\x00\x00\x00'\
    b'\x00\x00\x00\x00\x00\x00\x00\x00\x00\x00\x00\x00\x00\x00\x00\x00'\
    b'\x00\x00\x00\x00\x00\x00\x04\x00\x00\x20\x00\x03\x00\x01\xd8\x00'\
    b'\x07\x80\x00\x0f\x00\x00\xce\x00\x06\x38\x00\x00\xe0\x00\x03\x00'\
    b'\x00\x0c\x00\xfc\x20\x1f\xf9\x01\xc0\x6c\x1c\x01\xe0\xc0\x07\x0c'\
    b'\x00\x38\x60\x00\xc3\x00\x06\x18\x00\x30\xc0\x01\x86\x00\x0c\x30'\
    b'\x00\xc0\xc0\x06\x07\x00\x60\x1c\x07\x00\x7f\xe0\x00\xfe\x00\x00'\
    b'\x00\x00\x00\x00\x00\x00\x00\x00\x00\x00\x00\x00\x00\x00\x00\x00'\
    b'\x00\x00\x00\x00\x00\x00\x00\x00\x00\x00\x00\x00\x00\x00\x00\x00'\
    b'\x00\x00\x00\x00\x00\x00\x00\x00\x00\x00\x00\x00\x00\x0e\x00\x00'\
    b'\xfc\x30\x07\x1f\x80\x18\x3c\x00\x00\x00\x00\x00\x00\x00\x00\x00'\
    b'\x63\xf0\x01\xbf\xf0\x07\xc0\xe0\x1c\x01\xc0\x70\x03\x01\x80\x06'\
    b'\x06\x00\x18\x18\x00\x60\x60\x01\x81\x80\x06\x06\x00\x18\x18\x00'\
    b'\x60\x60\x01\x81\x80\x06\x06\x00\x18\x18\x00\x60\x60\x01\x81\x80'\
    b'\x06\x00\x00\x00\x00\x00\x00\x00\x00\x00\x00\x00\x00\x00\x00\x00'\
    b'\x00\x00\x00\x00\x00\x00\x00\x00\x00\x00\x00\x00\x00\x00\x00\x00'\
    b'\x00\x00\x00\x00\x00\x00\x00\x00\x00\x00\x00\x30\x00\x00\xe0\x00'\
    b'\x01\xc0\x00\x03\x80\x00\x07\x00\x00\x0c\x00\x00\x00\x00\x00\x00'\
    b'\x00\x00\x00\x00\x3f\x00\x03\xff\x00\x1c\x0e\x00\xc0\x1c\x06\x00'\
    b'\x38\x18\x00\x60\xc0\x01\x83\x00\x03\x0c\x00\x0c\x30\x00\x30\xc0'\
    b'\x00\xc3\x00\x06\x06\x00\x18\x18\x00\xe0\x30\x07\x00\x70\x38\x00'\
    b'\xff\xc0\x00\xfc\x00\x00\x00\x00\x00\x00\x00\x00\x00\x00\x00\x00'\
    b'\x00\x00\x00\x00\x00\x00\x00\x00\x00\x00\x00\x00\x00\x00\x00\x00'\
    b'\x00\x00\x00\x00\x00\x00\x00\x00\x00\x00\x00\x00\x00\x00\x00\x00'\
    b'\x00\x00\x18\x00\x00\xe0\x00\x07\x00\x00\x38\x00\x01\xc0\x00\x02'\
    b'\x00\x00\x00\x00\x00\x00\x00\x03\xf0\x00\x3f\xf0\x01\xc0\xe0\x0c'\
    b'\x01\xc0\x60\x03\x81\x80\x06\x0c\x00\x18\x30\x00\x30\xc0\x00\xc3'\
    b'\x00\x03\x0c\x00\x0c\x30\x00\x60\x60\x01\x81\x80\x0e\x03\x00\x70'\
    b'\x07\x03\x80\x0f\xfc\x00\x0f\xc0\x00\x00\x00\x00\x00\x00\x00\x00'\
    b'\x00\x00\x00\x00\x00\x00\x00\x00\x00\x00\x00\x00\x00\x00\x00\x00'\
    b'\x00\x00\x00\x00\x00\x00\x00\x00\x00\x00\x00\x00\x00\x00\x00\x00'\
    b'\x00\x00\x00\x00\x00\x08\x00\x00\x78\x00\x03\xf0\x00\x3c\xf0\x00'\
    b'\xc0\xc0\x00\x00\x00\x00\x00\x00\x00\x00\x00\x3f\x00\x03\xff\x00'\
    b'\x1c\x0e\x00\xc0\x1c\x06\x00\x38\x18\x00\x60\xc0\x01\x83\x00\x03'\
    b'\x0c\x00\x0c\x30\x00\x30\xc0\x00\xc3\x00\x06\x06\x00\x18\x18\x00'\
    b'\xe0\x30\x07\x00\x70\x38\x00\xff\xc0\x00\xfc\x00\x00\x00\x00\x00'\
    b'\x00\x00\x00\x00\x00\x00\x00\x00\x00\x00\x00\x00\x00\x00\x00\x00'\
    b'\x00\x00\x00\x00\x00\x00\x00\x00\x00\x00\x00\x00\x00\x00\x00\x00'\
    b'\x00\x00\x00\x00\x00\x00\x00\x00\x00\x00\x00\x0e\x00\x00\xfe\x30'\
    b'\x07\x1f\x80\x18\x3c\x00\x00\x00\x00\x00\x00\x00\x00\x00\x03\xf0'\
    b'\x00\x3f\xf0\x01\xc0\xe0\x0c\x01\xc0\x60\x03\x81\x80\x06\x0c\x00'\
    b'\x18\x30\x00\x30\xc0\x00\xc3\x00\x03\x0c\x00\x0c\x30\x00\x60\x60'\
    b'\x01\x81\x80\x0e\x03\x00\x70\x07\x03\x80\x0f\xfc\x00\x0f\xc0\x00'\
    b'\x00\x00\x00\x00\x00\x00\x00\x00\x00\x00\x00\x00\x00\x00\x00\x00'\
    b'\x00\x00\x00\x00\x00\x00\x00\x00\x00\x00\x00\x00\x00\x00\x00\x00'\
    b'\x00\x00\x00\x00\x00\x00\x00\x00\x00\x00\x00\x00\x00\x00\x00\x00'\
    b'\x00\x0e\x18\x00\x38\xf0\x00\xe1\x80\x00\x00\x00\x00\x00\x00\x00'\
    b'\x00\x00\x3f\x00\x03\xff\x00\x1c\x0e\x00\xc0\x1c\x06\x00\x38\x18'\
    b'\x00\x60\xc0\x01\x83\x00\x03\x0c\x00\x0c\x30\x00\x30\xc0\x00\xc3'\
    b'\x00\x06\x06\x00\x18\x18\x00\xe0\x30\x07\x00\x70\x38\x00\xff\xc0'\
    b'\x00\xfc\x00\x00\x00\x00\x00\x00\x00\x00\x00\x00\x00\x00\x00\x00'\
    b'\x00\x00\x00\x00\x00\x00\x00\x00\x00\x00\x00\x00\x00\x00\x00\x00'\
    b'\x00\x00\x00\x00\x00\x00\x00\x00\x00\x00\x00\x00\x00\x00\x00\x00'\
    b'\x00\x00\x00\x00\x00\x00\x00\x0c\x00\x1c\x00\x10\x00\x00\x00\x00'\
    b'\x1f\xfc\x7f\xfc\x00\x00\x00\x00\x00\x00\x30\x00\x70\x00\x40\x00'\
    b'\x00\x00\x00\x00\x00\x00\x00\x00\x00\x00\x00\x00\x00\x00\x00\x00'\
    b'\x00\x00\x00\x00\x00\x00\x00\x00\x00\x00\x00\x00\x00\x00\x00\x00'\
    b'\x00\x00\x00\x00\x00\x00\x00\x00\x00\x00\x00\x00\x00\x00\x00\x00'\
    b'\x00\x00\x00\x00\x00\x00\x00\x00\x00\x00\x00\x00\x00\x00\x00\x00'\
    b'\x00\x00\x00\x00\x0f\xc3\x00\xff\xcc\x07\x03\xe0\x38\x03\x81\xc0'\
    b'\x1e\x06\x00\xcc\x18\x06\x30\xc0\x30\xc3\x01\x83\x0c\x0c\x0c\x10'\
    b'\x60\x30\x63\x00\xc1\x98\x03\x03\xc0\x18\x0e\x00\xe0\x7c\x0f\x03'\
    b'\xbf\xf0\x0c\x3f\x80\x00\x00\x00\x00\x00\x00\x00\x00\x00\x00\x00'\
    b'\x00\x00\x00\x00\x00\x00\x00\x00\x00\x00\x00\x00\x00\x00\x00\x00'\
    b'\x00\x00\x00\x00\x00\x00\x00\x00\x00\x00\x00\x00\x00\x00\x00\xc0'\
    b'\x00\x03\x80\x00\x07\x00\x00\x0e\x00\x00\x1c\x00\x00\x30\x00\x00'\
    b'\x00\x00\x00\x00\x00\x00\x00\x10\x00\x60\x40\x01\x81\x00\x06\x04'\
    b'\x00\x18\x10\x00\x60\x40\x01\x81\x00\x06\x04\x00\x18\x10\x00\x60'\
    b'\x40\x01\x81\x00\x06\x06\x00\x18\x18\x00\xe0\x60\x03\x80\xc0\x1e'\
    b'\x03\xc0\xd8\x03\xfe\x60\x07\xf1\x80\x00\x00\x00\x00\x00\x00\x00'\
    b'\x00\x00\x00\x00\x00\x00\x00\x00\x00\x00\x00\x00\x00\x00\x00\x00'\
    b'\x00\x00\x00\x00\x00\x00\x00\x00\x00\x00\x00\x00\x00\x00\x00\x00'\
    b'\x00\x00\x00\x00\x00\x00\x60\x00\x03\x80\x00\x1c\x00\x00\xe0\x00'\
    b'\x07\x00\x00\x18\x00\x00\x00\x00\x00\x00\x01\x00\x06\x04\x00\x18'\
    b'\x10\x00\x60\x40\x01\x81\x00\x06\x04\x00\x18\x10\x00\x60\x40\x01'\
    b'\x81\x00\x06\x04\x00\x18\x10\x00\x60\x60\x01\x81\x80\x0e\x06\x00'\
    b'\x38\x0c\x01\xe0\x3c\x0d\x80\x3f\xe6\x00\x7f\x18\x00\x00\x00\x00'\
    b'\x00\x00\x00\x00\x00\x00\x00\x00\x00\x00\x00\x00\x00\x00\x00\x00'\
    b'\x00\x00\x00\x00\x00\x00\x00\x00\x00\x00\x00\x00\x00\x00\x00\x00'\
    b'\x00\x00\x00\x00\x00\x00\x00\x00\x00\x20\x00\x01\xe0\x00\x1f\xc0'\
    b'\x00\xf3\x80\x03\x03\x00\x00\x00\x00\x00\x00\x00\x00\x00\x10\x00'\
    b'\x60\x40\x01\x81\x00\x06\x04\x00\x18\x10\x00\x60\x40\x01\x81\x00'\
    b'\x06\x04\x00\x18\x10\x00\x60\x40\x01\x81\x00\x06\x06\x00\x18\x18'\
    b'\x00\xe0\x60\x03\x80\xc0\x1e\x03\xc0\xd8\x03\xfe\x60\x07\xf1\x80'\
    b'\x00\x00\x00\x00\x00\x00\x00\x00\x00\x00\x00\x00\x00\x00\x00\x00'\
    b'\x00\x00\x00\x00\x00\x00'

WIDTHS = memoryview(_WIDTHS)
OFFSETS = memoryview(_OFFSETS)
BITMAPS = memoryview(_BITMAPS)
